Date,close
1988-06-01,100.0
1988-06-02,99.4800033569336
1988-06-03,99.94000244140625
1988-06-06,100.1500015258789
1988-06-07,99.93000030517578
1988-06-08,100.95999908447266
1988-06-09,100.9800033569336
1988-06-10,101.36000061035156
1988-06-13,101.52999877929688
1988-06-14,102.16999816894531
1988-06-15,102.2300033569336
1988-06-16,101.94000244140625
1988-06-17,102.5
1988-06-20,101.98999786376953
1988-06-21,102.87000274658203
1988-06-22,103.55999755859375
1988-06-23,103.43000030517578
1988-06-24,103.38999938964844
1988-06-27,102.41000366210938
1988-06-28,103.22000122070312
1988-06-29,103.0
1988-06-30,103.62999725341797
1988-07-01,103.47000122070312
1988-07-05,104.45999908447266
1988-07-06,104.01000213623047
1988-07-07,103.81999969482422
1988-07-08,103.4800033569336
1988-07-11,103.75
1988-07-12,103.01000213623047
1988-07-13,103.55999755859375
1988-07-14,104.0199966430664
1988-07-15,104.81999969482422
1988-07-18,104.2300033569336
1988-07-19,103.69999694824219
1988-07-20,104.02999877929688
1988-07-21,103.23999786376953
1988-07-22,102.44000244140625
1988-07-25,102.9000015258789
1988-07-26,103.29000091552734
1988-07-27,102.45999908447266
1988-07-28,103.62000274658203
1988-07-29,105.13999938964844
1988-08-01,105.44000244140625
1988-08-02,105.47000122070312
1988-08-03,105.79000091552734
1988-08-04,105.58000183105469
1988-08-05,105.56999969482422
1988-08-08,105.37000274658203
1988-08-09,104.33999633789062
1988-08-10,102.76000213623047
1988-08-11,103.11000061035156
1988-08-12,103.05999755859375
1988-08-15,101.63999938964844
1988-08-16,102.38999938964844
1988-08-17,102.5
1988-08-18,102.61000061035156
1988-08-19,102.31999969482422
1988-08-22,101.68000030517578
1988-08-23,101.79000091552734
1988-08-24,103.01000213623047
1988-08-25,102.52999877929688
1988-08-26,102.86000061035156
1988-08-29,103.58999633789062
1988-08-30,103.77999877929688
1988-08-31,103.5
1988-09-01,102.70999908447266
1988-09-02,104.31999969482422
1988-09-06,104.68000030517578
1988-09-07,104.87000274658203
1988-09-08,105.0
1988-09-09,105.2300033569336
1988-09-12,105.44000244140625
1988-09-13,105.52999877929688
1988-09-14,105.7300033569336
1988-09-15,105.7699966430664
1988-09-16,106.06999969482422
1988-09-19,105.5199966430664
1988-09-20,105.83999633789062
1988-09-21,105.98999786376953
1988-09-22,105.77999877929688
1988-09-23,105.94000244140625
1988-09-26,105.88999938964844
1988-09-27,105.79000091552734
1988-09-28,106.06999969482422
1988-09-29,106.95999908447266
1988-09-30,106.87000274658203
1988-10-03,106.94999694824219
1988-10-04,106.81999969482422
1988-10-05,107.16000366210938
1988-10-06,107.2699966430664
1988-10-07,108.18000030517578
1988-10-10,108.37000274658203
1988-10-11,108.4000015258789
1988-10-12,107.83000183105469
1988-10-13,108.20999908447266
1988-10-14,108.38999938964844
1988-10-17,108.70999908447266
1988-10-18,108.97000122070312
1988-10-19,109.01000213623047
1988-10-20,109.4000015258789
1988-10-21,109.37000274658203
1988-10-24,108.87000274658203
1988-10-25,109.0
1988-10-26,108.87999725341797
1988-10-27,107.70999908447266
1988-10-28,108.19000244140625
1988-10-31,108.45999908447266
1988-11-01,108.56999969482422
1988-11-02,108.58999633789062
1988-11-03,108.6500015258789
1988-11-04,107.97000122070312
1988-11-07,107.19000244140625
1988-11-08,107.66999816894531
1988-11-09,107.12000274658203
1988-11-10,107.31999969482422
1988-11-11,105.11000061035156
1988-11-14,105.0999984741211
1988-11-15,105.33999633789062
1988-11-16,103.5999984741211
1988-11-17,103.91000366210938
1988-11-18,104.69000244140625
1988-11-21,104.62999725341797
1988-11-22,104.98999786376953
1988-11-23,105.54000091552734
1988-11-25,105.05000305175781
1988-11-28,105.61000061035156
1988-11-29,106.08999633789062
1988-11-30,106.69999694824219
1988-12-01,106.30000305175781
1988-12-02,106.5
1988-12-05,106.94999694824219
1988-12-06,107.02999877929688
1988-12-07,107.12000274658203
1988-12-08,106.93000030517578
1988-12-09,107.1500015258789
1988-12-12,107.27999877929688
1988-12-13,107.51000213623047
1988-12-14,107.41000366210938
1988-12-15,107.27999877929688
1988-12-16,107.5999984741211
1988-12-19,107.94000244140625
1988-12-20,107.66999816894531
1988-12-21,107.66999816894531
1988-12-22,107.58999633789062
1988-12-23,108.02999877929688
1988-12-27,107.81999969482422
1988-12-28,107.91999816894531
1988-12-29,108.52999877929688
1988-12-30,108.12999725341797
1989-01-03,107.8499984741211
1989-01-04,108.91999816894531
1989-01-05,109.0
1989-01-06,109.20999908447266
1989-01-09,109.3499984741211
1989-01-10,109.33999633789062
1989-01-11,109.70999908447266
1989-01-12,109.87000274658203
1989-01-13,110.16999816894531
1989-01-16,110.0999984741211
1989-01-17,110.13999938964844
1989-01-18,110.30999755859375
1989-01-19,110.51000213623047
1989-01-20,110.5199966430664
1989-01-23,109.95999908447266
1989-01-24,110.97000122070312
1989-01-25,111.19000244140625
1989-01-26,111.36000061035156
1989-01-27,111.51000213623047
1989-01-30,111.95999908447266
1989-01-31,112.43000030517578
1989-02-01,112.44000244140625
1989-02-02,112.55000305175781
1989-02-03,112.55999755859375
1989-02-06,112.66999816894531
1989-02-07,112.91000366210938
1989-02-08,112.77999877929688
1989-02-09,112.62000274658203
1989-02-10,112.47000122070312
1989-02-13,112.66000366210938
1989-02-14,112.73999786376953
1989-02-15,113.13999938964844
1989-02-16,113.19999694824219
1989-02-17,113.37999725341797
1989-02-21,113.11000061035156
1989-02-22,111.86000061035156
1989-02-23,112.2699966430664
1989-02-24,110.70999908447266
1989-02-27,111.08000183105469
1989-02-28,111.54000091552734
1989-03-01,110.94999694824219
1989-03-02,111.9800033569336
1989-03-03,112.44999694824219
1989-03-06,113.76000213623047
1989-03-07,113.44000244140625
1989-03-08,113.55000305175781
1989-03-09,113.55000305175781
1989-03-10,113.2699966430664
1989-03-13,114.11000061035156
1989-03-14,114.1500015258789
1989-03-15,114.76000213623047
1989-03-16,115.66000366210938
1989-03-17,113.33999633789062
1989-03-20,112.79000091552734
1989-03-21,113.2300033569336
1989-03-22,113.06999969482422
1989-03-23,112.77999877929688
1989-03-27,113.33000183105469
1989-03-28,113.66000366210938
1989-03-29,113.83000183105469
1989-03-30,114.01000213623047
1989-03-31,114.55000305175781
1989-04-03,114.9800033569336
1989-04-04,114.7300033569336
1989-04-05,114.94999694824219
1989-04-06,114.8499984741211
1989-04-07,115.29000091552734
1989-04-10,115.33000183105469
1989-04-11,115.58000183105469
1989-04-12,115.58000183105469
1989-04-13,115.29000091552734
1989-04-14,116.19000244140625
1989-04-17,116.29000091552734
1989-04-18,116.33999633789062
1989-04-19,116.37000274658203
1989-04-20,116.29000091552734
1989-04-21,116.36000061035156
1989-04-24,115.98999786376953
1989-04-25,115.52999877929688
1989-04-26,115.68000030517578
1989-04-27,116.2699966430664
1989-04-28,116.38999938964844
1989-05-01,116.41999816894531
1989-05-02,116.2300033569336
1989-05-03,116.41999816894531
1989-05-04,116.33000183105469
1989-05-05,116.58000183105469
1989-05-08,116.19999694824219
1989-05-09,116.04000091552734
1989-05-10,116.25
1989-05-11,116.56999969482422
1989-05-12,117.94000244140625
1989-05-15,118.19000244140625
1989-05-16,118.18000030517578
1989-05-17,118.26000213623047
1989-05-18,118.19999694824219
1989-05-19,118.43000030517578
1989-05-22,118.55000305175781
1989-05-23,117.7699966430664
1989-05-24,118.1500015258789
1989-05-25,118.25
1989-05-26,119.02999877929688
1989-05-30,118.5199966430664
1989-05-31,119.01000213623047
1989-06-01,119.31999969482422
1989-06-02,120.05999755859375
1989-06-05,119.51000213623047
1989-06-06,120.05999755859375
1989-06-07,120.58000183105469
1989-06-08,120.45999908447266
1989-06-09,120.6500015258789
1989-06-12,120.83000183105469
1989-06-13,120.51000213623047
1989-06-14,120.58999633789062
1989-06-15,119.63999938964844
1989-06-16,120.1500015258789
1989-06-19,120.41999816894531
1989-06-20,120.33000183105469
1989-06-21,120.25
1989-06-22,120.63999938964844
1989-06-23,121.6500015258789
1989-06-26,121.52999877929688
1989-06-27,121.87000274658203
1989-06-28,121.5999984741211
1989-06-29,120.30000305175781
1989-06-30,119.9800033569336
1989-07-03,120.44000244140625
1989-07-05,120.86000061035156
1989-07-06,121.20999908447266
1989-07-07,121.87000274658203
1989-07-10,122.33999633789062
1989-07-11,122.56999969482422
1989-07-12,122.58000183105469
1989-07-13,122.61000061035156
1989-07-14,122.87000274658203
1989-07-17,122.97000122070312
1989-07-18,123.02999877929688
1989-07-19,123.12999725341797
1989-07-20,123.37999725341797
1989-07-21,123.30999755859375
1989-07-24,122.62999725341797
1989-07-25,122.77999877929688
1989-07-26,123.68000030517578
1989-07-27,124.4000015258789
1989-07-28,124.51000213623047
1989-07-31,125.12000274658203
1989-08-01,125.16000366210938
1989-08-02,124.93000030517578
1989-08-03,124.86000061035156
1989-08-04,125.04000091552734
1989-08-07,125.66000366210938
1989-08-08,125.77999877929688
1989-08-09,125.6500015258789
1989-08-10,125.66999816894531
1989-08-11,125.52999877929688
1989-08-14,125.52999877929688
1989-08-15,125.9000015258789
1989-08-16,126.08999633789062
1989-08-17,126.19999694824219
1989-08-18,126.36000061035156
1989-08-21,125.08999633789062
1989-08-22,125.2699966430664
1989-08-23,126.2300033569336
1989-08-24,127.30000305175781
1989-08-25,127.22000122070312
1989-08-28,127.7699966430664
1989-08-29,127.47000122070312
1989-08-30,127.58999633789062
1989-08-31,127.97000122070312
1989-09-01,128.47999572753906
1989-09-05,128.3699951171875
1989-09-06,127.87999725341797
1989-09-07,127.87999725341797
1989-09-08,128.22000122070312
1989-09-11,128.10000610351562
1989-09-12,128.49000549316406
1989-09-13,127.38999938964844
1989-09-14,126.61000061035156
1989-09-15,127.3499984741211
1989-09-18,127.6500015258789
1989-09-19,127.76000213623047
1989-09-20,127.69999694824219
1989-09-21,127.76000213623047
1989-09-22,128.11000061035156
1989-09-25,127.5199966430664
1989-09-26,127.62999725341797
1989-09-27,127.81999969482422
1989-09-28,128.8000030517578
1989-09-29,129.11000061035156
1989-10-02,129.38999938964844
1989-10-03,129.82000732421875
1989-10-04,130.0500030517578
1989-10-05,130.05999755859375
1989-10-06,130.3699951171875
1989-10-09,130.52000427246094
1989-10-10,130.30999755859375
1989-10-11,130.25999450683594
1989-10-12,130.32000732421875
1989-10-13,124.5
1989-10-16,128.0800018310547
1989-10-17,127.51000213623047
1989-10-18,127.83000183105469
1989-10-19,129.7100067138672
1989-10-20,129.94000244140625
1989-10-23,129.74000549316406
1989-10-24,129.25999450683594
1989-10-25,129.11000061035156
1989-10-26,127.81999969482422
1989-10-27,126.91999816894531
1989-10-30,127.2300033569336
1989-10-31,129.25
1989-11-01,129.58999633789062
1989-11-02,128.77000427246094
1989-11-03,128.5399932861328
1989-11-06,126.87000274658203
1989-11-07,127.75
1989-11-08,128.92999267578125
1989-11-09,128.47999572753906
1989-11-10,129.4600067138672
1989-11-13,129.6699981689453
1989-11-14,129.16000366210938
1989-11-15,130.13999938964844
1989-11-16,130.2100067138672
1989-11-17,130.6300048828125
1989-11-20,129.9600067138672
1989-11-21,130.0800018310547
1989-11-22,130.86000061035156
1989-11-24,131.30999755859375
1989-11-27,131.72999572753906
1989-11-28,131.82000732421875
1989-11-29,131.3699951171875
1989-11-30,131.91000366210938
1989-12-01,132.52999877929688
1989-12-04,132.8699951171875
1989-12-05,132.7100067138672
1989-12-06,132.67999267578125
1989-12-07,132.7100067138672
1989-12-08,132.99000549316406
1989-12-11,133.19000244140625
1989-12-12,133.2899932861328
1989-12-13,133.58999633789062
1989-12-14,133.61000061035156
1989-12-15,133.7899932861328
1989-12-18,131.83999633789062
1989-12-19,131.55999755859375
1989-12-20,131.6699981689453
1989-12-21,132.35000610351562
1989-12-22,133.41000366210938
1989-12-26,133.3300018310547
1989-12-27,133.9199981689453
1989-12-28,134.47000122070312
1989-12-29,135.1699981689453
1990-01-02,136.5399932861328
1990-01-03,136.0399932861328
1990-01-04,135.3800048828125
1990-01-05,135.05999755859375
1990-01-08,135.3699951171875
1990-01-09,134.38999938964844
1990-01-10,133.9600067138672
1990-01-11,134.47999572753906
1990-01-12,131.52999877929688
1990-01-15,130.4600067138672
1990-01-16,131.9199981689453
1990-01-17,130.63999938964844
1990-01-18,130.9600067138672
1990-01-19,131.33999633789062
1990-01-22,129.10000610351562
1990-01-23,129.58999633789062
1990-01-24,129.39999389648438
1990-01-25,128.1699981689453
1990-01-26,128.05999755859375
1990-01-29,127.97000122070312
1990-01-30,127.3499984741211
1990-01-31,129.66000366210938
1990-02-01,129.55999755859375
1990-02-02,130.42999267578125
1990-02-05,130.80999755859375
1990-02-06,130.22000122070312
1990-02-07,131.5399932861328
1990-02-08,131.36000061035156
1990-02-09,131.80999755859375
1990-02-12,130.75
1990-02-13,131.14999389648438
1990-02-14,131.58999633789062
1990-02-15,132.72000122070312
1990-02-16,131.9600067138672
1990-02-20,130.6699981689453
1990-02-21,130.58999633789062
1990-02-22,130.22000122070312
1990-02-23,129.8800048828125
1990-02-26,131.3800048828125
1990-02-27,131.91000366210938
1990-02-28,132.5
1990-03-01,132.80999755859375
1990-03-02,133.4600067138672
1990-03-05,133.11000061035156
1990-03-06,134.0800018310547
1990-03-07,134.02000427246094
1990-03-08,134.47999572753906
1990-03-09,134.5
1990-03-12,134.67999267578125
1990-03-13,134.47000122070312
1990-03-14,134.72000122070312
1990-03-15,135.02999877929688
1990-03-16,135.24000549316406
1990-03-19,135.3699951171875
1990-03-20,134.9199981689453
1990-03-21,134.50999450683594
1990-03-22,133.1199951171875
1990-03-23,133.8300018310547
1990-03-26,134.02999877929688
1990-03-27,135.17999267578125
1990-03-28,135.50999450683594
1990-03-29,135.14999389648438
1990-03-30,135.14999389648438
1990-04-02,134.6300048828125
1990-04-03,135.85000610351562
1990-04-04,135.2899932861328
1990-04-05,135.42999267578125
1990-04-06,135.39999389648438
1990-04-09,135.8699951171875
1990-04-10,136.17999267578125
1990-04-11,136.30999755859375
1990-04-12,137.02000427246094
1990-04-16,137.4499969482422
1990-04-17,137.3300018310547
1990-04-18,136.4499969482422
1990-04-19,135.55999755859375
1990-04-20,134.41000366210938
1990-04-23,133.22999572753906
1990-04-24,133.22999572753906
1990-04-25,133.80999755859375
1990-04-26,134.1300048828125
1990-04-27,132.9499969482422
1990-04-30,133.64999389648438
1990-05-01,134.3000030517578
1990-05-02,135.05999755859375
1990-05-03,135.4499969482422
1990-05-04,136.25999450683594
1990-05-07,136.85000610351562
1990-05-08,136.9199981689453
1990-05-09,137.27000427246094
1990-05-10,137.52999877929688
1990-05-11,138.0399932861328
1990-05-14,138.00999450683594
1990-05-15,137.97999572753906
1990-05-16,138.25
1990-05-17,138.1699981689453
1990-05-18,138.41000366210938
1990-05-21,138.7100067138672
1990-05-22,138.8300018310547
1990-05-23,138.92999267578125
1990-05-24,138.64999389648438
1990-05-25,138.50999450683594
1990-05-29,139.24000549316406
1990-05-30,139.5
1990-05-31,139.6999969482422
1990-06-01,139.92999267578125
1990-06-04,140.00999450683594
1990-06-05,140.3699951171875
1990-06-06,140.11000061035156
1990-06-07,140.24000549316406
1990-06-08,140.19000244140625
1990-06-11,140.5399932861328
1990-06-12,140.5
1990-06-13,140.86000061035156
1990-06-14,140.77000427246094
1990-06-15,140.91000366210938
1990-06-18,139.22999572753906
1990-06-19,139.6699981689453
1990-06-20,139.99000549316406
1990-06-21,140.2899932861328
1990-06-22,138.8699951171875
1990-06-25,138.19000244140625
1990-06-26,138.22000122070312
1990-06-27,139.14999389648438
1990-06-28,139.9600067138672
1990-06-29,140.17999267578125
1990-07-02,140.55999755859375
1990-07-03,140.8800048828125
1990-07-05,139.6699981689453
1990-07-06,140.63999938964844
1990-07-09,141.0800018310547
1990-07-10,140.22999572753906
1990-07-11,141.6300048828125
1990-07-12,142.5500030517578
1990-07-13,143.07000732421875
1990-07-16,143.4499969482422
1990-07-17,143.3300018310547
1990-07-18,143.13999938964844
1990-07-19,143.67999267578125
1990-07-20,142.66000366210938
1990-07-23,140.92999267578125
1990-07-24,141.22999572753906
1990-07-25,141.61000061035156
1990-07-26,141.3800048828125
1990-07-27,140.61000061035156
1990-07-30,141.4600067138672
1990-07-31,141.80999755859375
1990-08-01,141.49000549316406
1990-08-02,140.11000061035156
1990-08-03,137.7100067138672
1990-08-06,133.6999969482422
1990-08-07,133.92999267578125
1990-08-08,135.3800048828125
1990-08-09,136.0500030517578
1990-08-10,134.33999633789062
1990-08-13,135.72000122070312
1990-08-14,135.9600067138672
1990-08-15,136.24000549316406
1990-08-16,133.19000244140625
1990-08-17,131.3800048828125
1990-08-20,131.6300048828125
1990-08-21,129.99000549316406
1990-08-22,128.69000244140625
1990-08-23,125.58000183105469
1990-08-24,127.27999877929688
1990-08-27,130.64999389648438
1990-08-28,130.7100067138672
1990-08-29,131.74000549316406
1990-08-30,130.22000122070312
1990-08-31,131.44000244140625
1990-09-04,131.8699951171875
1990-09-05,132.3300018310547
1990-09-06,131.1300048828125
1990-09-07,132.11000061035156
1990-09-10,131.97000122070312
1990-09-11,131.8699951171875
1990-09-12,132.6199951171875
1990-09-13,131.22000122070312
1990-09-14,130.55999755859375
1990-09-17,131.00999450683594
1990-09-18,131.4499969482422
1990-09-19,130.6300048828125
1990-09-20,128.57000732421875
1990-09-21,128.52000427246094
1990-09-24,126.79000091552734
1990-09-25,128.1699981689453
1990-09-26,127.43000030517578
1990-09-27,126.25
1990-09-28,127.9000015258789
1990-10-01,130.27000427246094
1990-10-02,130.1999969482422
1990-10-03,129.6300048828125
1990-10-04,130.0399932861328
1990-10-05,129.86000061035156
1990-10-08,130.3300018310547
1990-10-09,128.3000030517578
1990-10-10,126.58999633789062
1990-10-11,124.62999725341797
1990-10-12,126.52999877929688
1990-10-15,127.94000244140625
1990-10-16,126.27999877929688
1990-10-17,126.26000213623047
1990-10-18,129.17999267578125
1990-10-19,132.10000610351562
1990-10-22,132.4499969482422
1990-10-23,131.9600067138672
1990-10-24,131.8000030517578
1990-10-25,131.41000366210938
1990-10-26,129.8699951171875
1990-10-29,129.16000366210938
1990-10-30,130.0
1990-10-31,130.13999938964844
1990-11-01,131.13999938964844
1990-11-02,132.5399932861328
1990-11-05,133.72999572753906
1990-11-06,133.16000366210938
1990-11-07,131.47999572753906
1990-11-08,132.22999572753906
1990-11-09,134.0500030517578
1990-11-12,135.42999267578125
1990-11-13,135.33999633789062
1990-11-14,136.0
1990-11-15,135.82000732421875
1990-11-16,136.22999572753906
1990-11-19,136.66000366210938
1990-11-20,135.72000122070312
1990-11-21,135.9600067138672
1990-11-23,135.94000244140625
1990-11-26,136.36000061035156
1990-11-27,136.8000030517578
1990-11-28,136.82000732421875
1990-11-29,136.2899932861328
1990-11-30,137.6300048828125
1990-12-03,138.5800018310547
1990-12-04,138.99000549316406
1990-12-05,139.2899932861328
1990-12-06,138.89999389648438
1990-12-07,139.0399932861328
1990-12-10,139.47999572753906
1990-12-11,138.9600067138672
1990-12-12,139.42999267578125
1990-12-13,139.75
1990-12-14,139.75999450683594
1990-12-17,139.6699981689453
1990-12-18,140.02000427246094
1990-12-19,140.38999938964844
1990-12-20,140.44000244140625
1990-12-21,140.22999572753906
1990-12-24,139.91000366210938
1990-12-26,140.1199951171875
1990-12-27,139.55999755859375
1990-12-28,139.8699951171875
1990-12-31,140.55999755859375
1991-01-02,139.1999969482422
1991-01-03,137.80999755859375
1991-01-04,137.61000061035156
1991-01-07,135.3699951171875
1991-01-08,135.13999938964844
1991-01-09,133.6999969482422
1991-01-10,135.0500030517578
1991-01-11,135.33999633789062
1991-01-14,134.2100067138672
1991-01-15,134.75999450683594
1991-01-16,135.83999633789062
1991-01-17,140.75999450683594
1991-01-18,142.7899932861328
1991-01-21,142.36000061035156
1991-01-22,141.66000366210938
1991-01-23,142.3300018310547
1991-01-24,143.55999755859375
1991-01-25,144.16000366210938
1991-01-28,144.22000122070312
1991-01-29,144.32000732421875
1991-01-30,145.39999389648438
1991-01-31,145.9600067138672
1991-02-01,145.8000030517578
1991-02-04,146.1999969482422
1991-02-05,146.4600067138672
1991-02-06,146.44000244140625
1991-02-07,146.41000366210938
1991-02-08,146.52000427246094
1991-02-11,146.52999877929688
1991-02-12,146.6300048828125
1991-02-13,146.72999572753906
1991-02-14,147.3699951171875
1991-02-15,146.97999572753906
1991-02-19,147.0
1991-02-20,146.00999450683594
1991-02-21,145.9199981689453
1991-02-22,146.22999572753906
1991-02-25,146.75999450683594
1991-02-26,145.8699951171875
1991-02-27,147.2899932861328
1991-02-28,147.22999572753906
1991-03-01,148.0
1991-03-04,148.1199951171875
1991-03-05,149.10000610351562
1991-03-06,149.57000732421875
1991-03-07,149.4499969482422
1991-03-08,149.32000732421875
1991-03-11,149.44000244140625
1991-03-12,149.27000427246094
1991-03-13,149.9600067138672
1991-03-14,150.00999450683594
1991-03-15,150.33999633789062
1991-03-18,149.63999938964844
1991-03-19,148.2100067138672
1991-03-20,148.64999389648438
1991-03-21,148.22999572753906
1991-03-22,148.6699981689453
1991-03-25,149.60000610351562
1991-03-26,151.02000427246094
1991-03-27,150.75999450683594
1991-03-28,150.97000122070312
1991-04-01,150.1699981689453
1991-04-02,151.63999938964844
1991-04-03,151.8300018310547
1991-04-04,152.0399932861328
1991-04-05,151.36000061035156
1991-04-08,152.1300048828125
1991-04-09,151.22999572753906
1991-04-10,151.19000244140625
1991-04-11,152.10000610351562
1991-04-12,152.82000732421875
1991-04-15,153.0800018310547
1991-04-16,153.36000061035156
1991-04-17,153.64999389648438
1991-04-18,153.4499969482422
1991-04-19,153.52000427246094
1991-04-22,152.75
1991-04-23,153.1300048828125
1991-04-24,153.47000122070312
1991-04-25,152.47999572753906
1991-04-26,152.66000366210938
1991-04-29,151.0
1991-04-30,151.6199951171875
1991-05-01,153.27000427246094
1991-05-02,153.39999389648438
1991-05-03,153.61000061035156
1991-05-06,153.72000122070312
1991-05-07,152.94000244140625
1991-05-08,153.35000610351562
1991-05-09,154.80999755859375
1991-05-10,152.63999938964844
1991-05-13,153.10000610351562
1991-05-14,151.1999969482422
1991-05-15,150.02999877929688
1991-05-16,151.5399932861328
1991-05-17,151.7100067138672
1991-05-20,151.6999969482422
1991-05-21,152.52000427246094
1991-05-22,152.8000030517578
1991-05-23,152.6300048828125
1991-05-24,153.25
1991-05-28,153.8000030517578
1991-05-29,154.0800018310547
1991-05-30,154.22999572753906
1991-05-31,154.75
1991-06-03,154.6699981689453
1991-06-04,154.7100067138672
1991-06-05,154.6999969482422
1991-06-06,154.52000427246094
1991-06-07,154.22999572753906
1991-06-10,154.17999267578125
1991-06-11,154.6699981689453
1991-06-12,154.27999877929688
1991-06-13,154.36000061035156
1991-06-14,155.0500030517578
1991-06-17,154.8000030517578
1991-06-18,154.9600067138672
1991-06-19,154.6199951171875
1991-06-20,155.0399932861328
1991-06-21,155.52000427246094
1991-06-24,153.4499969482422
1991-06-25,153.3699951171875
1991-06-26,153.6999969482422
1991-06-27,154.69000244140625
1991-06-28,153.85000610351562
1991-07-01,155.80999755859375
1991-07-02,155.60000610351562
1991-07-03,154.75
1991-07-05,155.00999450683594
1991-07-08,156.1199951171875
1991-07-09,155.77000427246094
1991-07-10,155.82000732421875
1991-07-11,156.30999755859375
1991-07-12,157.16000366210938
1991-07-15,157.74000549316406
1991-07-16,157.94000244140625
1991-07-17,157.9199981689453
1991-07-18,158.7100067138672
1991-07-19,158.6300048828125
1991-07-22,158.35000610351562
1991-07-23,157.52999877929688
1991-07-24,157.36000061035156
1991-07-25,158.2100067138672
1991-07-26,158.30999755859375
1991-07-29,159.05999755859375
1991-07-30,159.86000061035156
1991-07-31,160.3300018310547
1991-08-01,159.99000549316406
1991-08-02,160.22000122070312
1991-08-05,159.97999572753906
1991-08-06,160.9499969482422
1991-08-07,161.13999938964844
1991-08-08,161.14999389648438
1991-08-09,160.99000549316406
1991-08-12,161.36000061035156
1991-08-13,161.50999450683594
1991-08-14,161.5500030517578
1991-08-15,161.69000244140625
1991-08-16,161.86000061035156
1991-08-19,158.9499969482422
1991-08-20,160.0800018310547
1991-08-21,163.0500030517578
1991-08-22,163.4199981689453
1991-08-23,163.91000366210938
1991-08-26,163.99000549316406
1991-08-27,163.75
1991-08-28,164.52999877929688
1991-08-29,164.63999938964844
1991-08-30,164.77999877929688
1991-09-03,164.25999450683594
1991-09-04,163.7899932861328
1991-09-05,163.67999267578125
1991-09-06,163.8000030517578
1991-09-09,163.97999572753906
1991-09-10,162.97000122070312
1991-09-11,163.30999755859375
1991-09-12,164.0
1991-09-13,163.00999450683594
1991-09-16,163.97999572753906
1991-09-17,164.0399932861328
1991-09-18,164.67999267578125
1991-09-19,164.9600067138672
1991-09-20,165.27000427246094
1991-09-23,164.64999389648438
1991-09-24,165.11000061035156
1991-09-25,165.1199951171875
1991-09-26,165.0
1991-09-27,165.0500030517578
1991-09-30,165.5800018310547
1991-10-01,166.05999755859375
1991-10-02,165.92999267578125
1991-10-03,164.72999572753906
1991-10-04,163.92999267578125
1991-10-07,163.47000122070312
1991-10-08,164.02999877929688
1991-10-09,162.47000122070312
1991-10-10,164.0500030517578
1991-10-11,164.52999877929688
1991-10-14,166.39999389648438
1991-10-15,167.63999938964844
1991-10-16,167.82000732421875
1991-10-17,168.1999969482422
1991-10-18,168.39999389648438
1991-10-21,167.92999267578125
1991-10-22,167.2899932861328
1991-10-23,167.42999267578125
1991-10-24,166.57000732421875
1991-10-25,166.22999572753906
1991-10-28,168.19000244140625
1991-10-29,168.83999633789062
1991-10-30,169.32000732421875
1991-10-31,169.24000549316406
1991-11-01,169.0
1991-11-04,169.0399932861328
1991-11-05,168.5500030517578
1991-11-06,169.14999389648438
1991-11-07,170.38999938964844
1991-11-08,170.32000732421875
1991-11-11,170.52000427246094
1991-11-12,171.4499969482422
1991-11-13,171.7899932861328
1991-11-14,171.91000366210938
1991-11-15,166.6999969482422
1991-11-18,168.1699981689453
1991-11-19,166.63999938964844
1991-11-20,166.39999389648438
1991-11-21,167.0
1991-11-22,165.77000427246094
1991-11-25,165.7100067138672
1991-11-26,166.85000610351562
1991-11-27,166.55999755859375
1991-11-29,166.05999755859375
1991-12-02,168.2100067138672
1991-12-03,168.22000122070312
1991-12-04,168.05999755859375
1991-12-05,167.24000549316406
1991-12-06,168.13999938964844
1991-12-09,167.92999267578125
1991-12-10,167.89999389648438
1991-12-11,167.91000366210938
1991-12-12,169.27000427246094
1991-12-13,170.4499969482422
1991-12-16,170.3800048828125
1991-12-17,170.11000061035156
1991-12-18,170.5800018310547
1991-12-19,170.4199981689453
1991-12-20,171.7899932861328
1991-12-23,173.0399932861328
1991-12-24,174.0
1991-12-26,174.52000427246094
1991-12-27,174.4499969482422
1991-12-30,174.75999450683594
1991-12-31,174.85000610351562
1992-01-02,175.0399932861328
1992-01-03,175.0800018310547
1992-01-06,174.5399932861328
1992-01-07,174.86000061035156
1992-01-08,174.5
1992-01-09,174.49000549316406
1992-01-10,175.1300048828125
1992-01-13,175.07000732421875
1992-01-14,178.5500030517578
1992-01-15,178.52000427246094
1992-01-16,178.07000732421875
1992-01-17,178.14999389648438
1992-01-20,177.47999572753906
1992-01-21,176.5500030517578
1992-01-22,178.11000061035156
1992-01-23,177.38999938964844
1992-01-24,177.6699981689453
1992-01-27,177.52000427246094
1992-01-28,177.47999572753906
1992-01-29,176.32000732421875
1992-01-30,176.83999633789062
1992-01-31,176.0
1992-02-03,176.3699951171875
1992-02-04,177.8699951171875
1992-02-05,177.94000244140625
1992-02-06,178.08999633789062
1992-02-07,177.32000732421875
1992-02-10,178.5
1992-02-11,178.52999877929688
1992-02-12,179.5399932861328
1992-02-13,178.66000366210938
1992-02-14,178.44000244140625
1992-02-18,176.47000122070312
1992-02-19,176.91000366210938
1992-02-20,179.33999633789062
1992-02-21,178.35000610351562
1992-02-24,178.6699981689453
1992-02-25,178.3300018310547
1992-02-26,179.5500030517578
1992-02-27,179.30999755859375
1992-02-28,179.27000427246094
1992-03-02,179.25
1992-03-03,179.52000427246094
1992-03-04,178.47999572753906
1992-03-05,177.8000030517578
1992-03-06,177.13999938964844
1992-03-09,177.5500030517578
1992-03-10,178.25
1992-03-11,177.2899932861328
1992-03-12,177.27999877929688
1992-03-13,178.1999969482422
1992-03-16,178.50999450683594
1992-03-17,179.82000732421875
1992-03-18,179.72000122070312
1992-03-19,180.0500030517578
1992-03-20,180.75999450683594
1992-03-23,180.25
1992-03-24,179.99000549316406
1992-03-25,179.47999572753906
1992-03-26,179.88999938964844
1992-03-27,178.3699951171875
1992-03-30,178.3300018310547
1992-03-31,178.6699981689453
1992-04-01,178.88999938964844
1992-04-02,177.44000244140625
1992-04-03,177.92999267578125
1992-04-06,179.64999389648438
1992-04-07,176.5800018310547
1992-04-08,175.02999877929688
1992-04-09,177.74000549316406
1992-04-10,179.35000610351562
1992-04-13,180.16000366210938
1992-04-14,182.67999267578125
1992-04-15,183.8800048828125
1992-04-16,184.2100067138672
1992-04-20,182.27000427246094
1992-04-21,182.33999633789062
1992-04-22,182.13999938964844
1992-04-23,183.02999877929688
1992-04-24,182.02999877929688
1992-04-27,181.89999389648438
1992-04-28,182.25999450683594
1992-04-29,183.4499969482422
1992-04-30,184.55999755859375
1992-05-01,183.5800018310547
1992-05-04,185.32000732421875
1992-05-05,185.35000610351562
1992-05-06,185.3699951171875
1992-05-07,185.41000366210938
1992-05-08,185.6300048828125
1992-05-11,186.5800018310547
1992-05-12,186.02000427246094
1992-05-13,186.22999572753906
1992-05-14,184.92999267578125
1992-05-15,183.6699981689453
1992-05-18,184.63999938964844
1992-05-19,185.49000549316406
1992-05-20,185.1999969482422
1992-05-21,184.7899932861328
1992-05-22,185.25
1992-05-26,184.67999267578125
1992-05-27,184.9499969482422
1992-05-28,186.2100067138672
1992-05-29,185.72999572753906
1992-06-01,186.6699981689453
1992-06-02,185.77999877929688
1992-06-03,186.13999938964844
1992-06-04,185.8699951171875
1992-06-05,186.02999877929688
1992-06-08,186.16000366210938
1992-06-09,185.2100067138672
1992-06-10,184.27999877929688
1992-06-11,185.10000610351562
1992-06-12,185.5
1992-06-15,185.82000732421875
1992-06-16,185.11000061035156
1992-06-17,182.47999572753906
1992-06-18,181.88999938964844
1992-06-19,183.13999938964844
1992-06-22,182.92999267578125
1992-06-23,183.25
1992-06-24,183.33999633789062
1992-06-25,183.25
1992-06-26,183.52999877929688
1992-06-29,184.8699951171875
1992-06-30,184.6699981689453
1992-07-01,185.50999450683594
1992-07-02,185.30999755859375
1992-07-06,185.89999389648438
1992-07-07,185.11000061035156
1992-07-08,185.58999633789062
1992-07-09,185.82000732421875
1992-07-10,185.75999450683594
1992-07-13,186.11000061035156
1992-07-14,185.97000122070312
1992-07-15,186.39999389648438
1992-07-16,186.0399932861328
1992-07-17,186.30999755859375
1992-07-20,185.7100067138672
1992-07-21,185.77999877929688
1992-07-22,184.80999755859375
1992-07-23,185.25
1992-07-24,185.11000061035156
1992-07-27,185.14999389648438
1992-07-28,187.05999755859375
1992-07-29,188.10000610351562
1992-07-30,188.38999938964844
1992-07-31,188.52999877929688
1992-08-03,189.07000732421875
1992-08-04,188.7899932861328
1992-08-05,188.4600067138672
1992-08-06,188.2899932861328
1992-08-07,188.10000610351562
1992-08-10,188.32000732421875
1992-08-11,188.33999633789062
1992-08-12,188.19000244140625
1992-08-13,188.1999969482422
1992-08-14,188.91000366210938
1992-08-17,189.2899932861328
1992-08-18,189.72000122070312
1992-08-19,188.9199981689453
1992-08-20,189.08999633789062
1992-08-21,187.9600067138672
1992-08-24,186.88999938964844
1992-08-25,187.19000244140625
1992-08-26,187.9600067138672
1992-08-27,187.97000122070312
1992-08-28,188.60000610351562
1992-08-31,188.52000427246094
1992-09-01,189.2100067138672
1992-09-02,189.50999450683594
1992-09-03,189.4600067138672
1992-09-04,189.5
1992-09-08,189.10000610351562
1992-09-09,189.7100067138672
1992-09-10,190.4499969482422
1992-09-11,190.57000732421875
1992-09-14,191.0
1992-09-15,190.58999633789062
1992-09-16,190.4600067138672
1992-09-17,190.89999389648438
1992-09-18,190.9600067138672
1992-09-21,190.75
1992-09-22,189.27000427246094
1992-09-23,189.49000549316406
1992-09-24,189.99000549316406
1992-09-25,188.52000427246094
1992-09-28,189.49000549316406
1992-09-29,189.61000061035156
1992-09-30,190.02000427246094
1992-10-01,189.4199981689453
1992-10-02,187.1199951171875
1992-10-05,186.02000427246094
1992-10-06,185.83999633789062
1992-10-07,184.52999877929688
1992-10-08,186.0
1992-10-09,183.8800048828125
1992-10-12,186.05999755859375
1992-10-13,186.94000244140625
1992-10-14,186.97000122070312
1992-10-15,187.08999633789062
1992-10-16,188.0800018310547
1992-10-19,188.4199981689453
1992-10-20,188.77000427246094
1992-10-21,188.77999877929688
1992-10-22,188.74000549316406
1992-10-23,188.60000610351562
1992-10-26,189.64999389648438
1992-10-27,190.10000610351562
1992-10-28,190.22000122070312
1992-10-29,190.64999389648438
1992-10-30,189.99000549316406
1992-11-02,190.86000061035156
1992-11-03,190.4499969482422
1992-11-04,190.47000122070312
1992-11-05,190.85000610351562
1992-11-06,190.89999389648438
1992-11-09,191.3300018310547
1992-11-10,191.4199981689453
1992-11-11,191.77000427246094
1992-11-12,191.9499969482422
1992-11-13,191.8800048828125
1992-11-16,192.0800018310547
1992-11-17,192.27999877929688
1992-11-18,192.2899932861328
1992-11-19,192.6199951171875
1992-11-20,191.75
1992-11-23,191.5399932861328
1992-11-24,192.44000244140625
1992-11-25,192.9199981689453
1992-11-27,193.1300048828125
1992-11-30,193.67999267578125
1992-12-01,193.6300048828125
1992-12-02,193.64999389648438
1992-12-03,193.64999389648438
1992-12-04,194.17999267578125
1992-12-07,194.94000244140625
1992-12-08,195.1199951171875
1992-12-09,194.9199981689453
1992-12-10,195.0
1992-12-11,194.8800048828125
1992-12-14,194.94000244140625
1992-12-15,194.80999755859375
1992-12-16,195.14999389648438
1992-12-17,195.47000122070312
1992-12-18,196.00999450683594
1992-12-21,195.86000061035156
1992-12-22,195.7100067138672
1992-12-23,195.25
1992-12-24,196.0
1992-12-28,195.92999267578125
1992-12-29,195.80999755859375
1992-12-30,196.0800018310547
1992-12-31,195.0
1993-01-04,195.49000549316406
1993-01-05,195.22999572753906
1993-01-06,195.4499969482422
1993-01-07,193.97000122070312
1993-01-08,193.25999450683594
1993-01-11,194.16000366210938
1993-01-12,194.25999450683594
1993-01-13,195.1699981689453
1993-01-14,196.47999572753906
1993-01-15,197.50999450683594
1993-01-18,197.60000610351562
1993-01-19,197.08999633789062
1993-01-20,196.58999633789062
1993-01-21,197.41000366210938
1993-01-22,197.61000061035156
1993-01-25,198.80999755859375
1993-01-26,198.77000427246094
1993-01-27,198.36000061035156
1993-01-28,198.47000122070312
1993-01-29,198.72999572753906
1993-02-01,199.7100067138672
1993-02-02,199.5800018310547
1993-02-03,200.0500030517578
1993-02-04,200.35000610351562
1993-02-05,200.7100067138672
1993-02-08,200.3800048828125
1993-02-09,200.02000427246094
1993-02-10,200.52999877929688
1993-02-11,200.6699981689453
1993-02-12,200.39999389648438
1993-02-16,198.08999633789062
1993-02-17,198.0399932861328
1993-02-18,197.5
1993-02-19,198.36000061035156
1993-02-22,198.6999969482422
1993-02-23,198.66000366210938
1993-02-24,199.8300018310547
1993-02-25,200.2899932861328
1993-02-26,200.52000427246094
1993-03-01,200.57000732421875
1993-03-02,200.97000122070312
1993-03-03,201.1300048828125
1993-03-04,200.89999389648438
1993-03-05,200.77999877929688
1993-03-08,201.02000427246094
1993-03-09,201.38999938964844
1993-03-10,201.82000732421875
1993-03-11,201.49000549316406
1993-03-12,201.49000549316406
1993-03-15,201.66000366210938
1993-03-16,201.58999633789062
1993-03-17,201.50999450683594
1993-03-18,201.9600067138672
1993-03-19,200.1300048828125
1993-03-22,200.0500030517578
1993-03-23,200.02999877929688
1993-03-24,199.89999389648438
1993-03-25,200.86000061035156
1993-03-26,199.97999572753906
1993-03-29,201.02999877929688
1993-03-30,201.4499969482422
1993-03-31,201.3699951171875
1993-04-01,201.08999633789062
1993-04-02,197.85000610351562
1993-04-05,198.30999755859375
1993-04-06,197.8699951171875
1993-04-07,198.52999877929688
1993-04-08,198.22999572753906
1993-04-12,201.11000061035156
1993-04-13,201.50999450683594
1993-04-14,201.27000427246094
1993-04-15,201.22000122070312
1993-04-16,201.39999389648438
1993-04-19,201.13999938964844
1993-04-20,200.6199951171875
1993-04-21,200.0800018310547
1993-04-22,198.67999267578125
1993-04-23,197.8300018310547
1993-04-26,196.47000122070312
1993-04-27,198.4199981689453
1993-04-28,198.5
1993-04-29,198.88999938964844
1993-04-30,199.4600067138672
1993-05-03,200.3699951171875
1993-05-04,201.05999755859375
1993-05-05,201.22999572753906
1993-05-06,200.85000610351562
1993-05-07,200.69000244140625
1993-05-10,201.02999877929688
1993-05-11,201.66000366210938
1993-05-12,201.94000244140625
1993-05-13,199.69000244140625
1993-05-14,200.00999450683594
1993-05-17,200.4600067138672
1993-05-18,200.49000549316406
1993-05-19,203.55999755859375
1993-05-20,204.8300018310547
1993-05-21,203.77000427246094
1993-05-24,204.5
1993-05-25,204.97000122070312
1993-05-26,205.94000244140625
1993-05-27,205.75999450683594
1993-05-28,205.75
1993-06-01,206.0800018310547
1993-06-02,206.4199981689453
1993-06-03,206.35000610351562
1993-06-04,205.94000244140625
1993-06-07,205.44000244140625
1993-06-08,204.57000732421875
1993-06-09,205.14999389648438
1993-06-10,205.0399932861328
1993-06-11,205.99000549316406
1993-06-14,206.22000122070312
1993-06-15,205.8300018310547
1993-06-16,206.4600067138672
1993-06-17,206.9600067138672
1993-06-18,205.11000061035156
1993-06-21,206.4199981689453
1993-06-22,206.36000061035156
1993-06-23,205.30999755859375
1993-06-24,206.5
1993-06-25,207.02000427246094
1993-06-28,208.16000366210938
1993-06-29,207.97999572753906
1993-06-30,207.99000549316406
1993-07-01,207.7100067138672
1993-07-02,207.0
1993-07-06,205.50999450683594
1993-07-07,206.13999938964844
1993-07-08,208.27999877929688
1993-07-09,208.2899932861328
1993-07-12,208.6699981689453
1993-07-13,208.52000427246094
1993-07-14,209.3699951171875
1993-07-15,209.2899932861328
1993-07-16,208.14999389648438
1993-07-19,208.36000061035156
1993-07-20,208.72999572753906
1993-07-21,208.7899932861328
1993-07-22,207.9499969482422
1993-07-23,208.9600067138672
1993-07-26,209.5500030517578
1993-07-27,209.4199981689453
1993-07-28,209.10000610351562
1993-07-29,209.9499969482422
1993-07-30,209.6300048828125
1993-08-02,210.41000366210938
1993-08-03,210.25
1993-08-04,209.99000549316406
1993-08-05,209.94000244140625
1993-08-06,210.2100067138672
1993-08-09,210.88999938964844
1993-08-10,210.63999938964844
1993-08-11,211.2100067138672
1993-08-12,210.63999938964844
1993-08-13,211.33999633789062
1993-08-16,211.91000366210938
1993-08-17,212.05999755859375
1993-08-18,212.35000610351562
1993-08-19,212.77999877929688
1993-08-20,211.8800048828125
1993-08-23,211.64999389648438
1993-08-24,212.9499969482422
1993-08-25,213.0
1993-08-26,213.3000030517578
1993-08-27,213.27000427246094
1993-08-30,213.75
1993-08-31,214.17999267578125
1993-09-01,214.30999755859375
1993-09-02,214.0500030517578
1993-09-03,214.13999938964844
1993-09-07,213.5500030517578
1993-09-08,213.08999633789062
1993-09-09,213.63999938964844
1993-09-10,214.7100067138672
1993-09-13,215.0399932861328
1993-09-14,214.7100067138672
1993-09-15,215.13999938964844
1993-09-16,214.94000244140625
1993-09-17,215.0500030517578
1993-09-20,214.0399932861328
1993-09-21,213.32000732421875
1993-09-22,214.67999267578125
1993-09-23,215.0
1993-09-24,215.3300018310547
1993-09-27,216.4199981689453
1993-09-28,216.36000061035156
1993-09-29,216.1999969482422
1993-09-30,215.97999572753906
1993-10-01,216.7899932861328
1993-10-04,216.82000732421875
1993-10-05,217.02999877929688
1993-10-06,216.97000122070312
1993-10-07,216.6999969482422
1993-10-08,217.1999969482422
1993-10-11,217.44000244140625
1993-10-12,217.6199951171875
1993-10-13,217.8800048828125
1993-10-14,218.36000061035156
1993-10-15,218.11000061035156
1993-10-18,217.91000366210938
1993-10-19,217.38999938964844
1993-10-20,217.44000244140625
1993-10-21,217.22999572753906
1993-10-22,216.66000366210938
1993-10-25,217.0500030517578
1993-10-26,217.16000366210938
1993-10-27,217.35000610351562
1993-10-28,218.25999450683594
1993-10-29,218.4600067138672
1993-11-01,218.9600067138672
1993-11-02,218.8000030517578
1993-11-03,217.1199951171875
1993-11-04,214.89999389648438
1993-11-05,216.00999450683594
1993-11-08,216.4199981689453
1993-11-09,216.4499969482422
1993-11-10,217.97000122070312
1993-11-11,217.5500030517578
1993-11-12,218.6699981689453
1993-11-15,218.1199951171875
1993-11-16,219.22999572753906
1993-11-17,218.6699981689453
1993-11-18,218.36000061035156
1993-11-19,217.9499969482422
1993-11-22,216.99000549316406
1993-11-23,217.77000427246094
1993-11-24,218.33999633789062
1993-11-26,218.6699981689453
1993-11-29,218.52000427246094
1993-11-30,218.49000549316406
1993-12-01,218.5500030517578
1993-12-02,219.08999633789062
1993-12-03,219.85000610351562
1993-12-06,220.25999450683594
1993-12-07,220.5500030517578
1993-12-08,220.60000610351562
1993-12-09,220.05999755859375
1993-12-10,220.3300018310547
1993-12-13,220.88999938964844
1993-12-14,220.35000610351562
1993-12-15,219.85000610351562
1993-12-16,220.7899932861328
1993-12-17,222.14999389648438
1993-12-20,221.99000549316406
1993-12-21,222.02999877929688
1993-12-22,222.49000549316406
1993-12-23,222.39999389648438
1993-12-27,223.2899932861328
1993-12-28,223.19000244140625
1993-12-29,223.25999450683594
1993-12-30,222.82000732421875
1993-12-31,222.5
1994-01-03,222.72000122070312
1994-01-04,223.3000030517578
1994-01-05,223.55999755859375
1994-01-06,223.25999450683594
1994-01-07,223.8800048828125
1994-01-10,224.4199981689453
1994-01-11,224.1699981689453
1994-01-12,224.27999877929688
1994-01-13,224.27000427246094
1994-01-14,224.9499969482422
1994-01-17,224.32000732421875
1994-01-18,224.38999938964844
1994-01-19,224.66000366210938
1994-01-20,224.75
1994-01-21,224.64999389648438
1994-01-24,223.64999389648438
1994-01-25,223.35000610351562
1994-01-26,224.35000610351562
1994-01-27,225.64999389648438
1994-01-28,226.1699981689453
1994-01-31,226.9499969482422
1994-02-01,226.61000061035156
1994-02-02,227.08999633789062
1994-02-03,227.1300048828125
1994-02-04,223.30999755859375
1994-02-07,224.30999755859375
1994-02-08,223.97999572753906
1994-02-09,224.8699951171875
1994-02-10,223.19000244140625
1994-02-11,223.8000030517578
1994-02-14,223.8800048828125
1994-02-15,225.02000427246094
1994-02-16,225.22000122070312
1994-02-17,224.0800018310547
1994-02-18,223.16000366210938
1994-02-22,224.58999633789062
1994-02-23,224.66000366210938
1994-02-24,222.24000549316406
1994-02-25,223.07000732421875
1994-02-28,223.7100067138672
1994-03-01,222.72999572753906
1994-03-02,222.9199981689453
1994-03-03,222.17999267578125
1994-03-04,223.00999450683594
1994-03-07,224.0500030517578
1994-03-08,223.74000549316406
1994-03-09,224.35000610351562
1994-03-10,222.97999572753906
1994-03-11,224.24000549316406
1994-03-14,224.74000549316406
1994-03-15,224.6300048828125
1994-03-16,225.77000427246094
1994-03-17,226.55999755859375
1994-03-18,226.58999633789062
1994-03-21,225.61000061035156
1994-03-22,225.8000030517578
1994-03-23,225.89999389648438
1994-03-24,224.47000122070312
1994-03-25,222.9199981689453
1994-03-28,222.75999450683594
1994-03-29,219.19000244140625
1994-03-30,215.89999389648438
1994-03-31,216.02999877929688
1994-04-04,212.75999450683594
1994-04-05,217.36000061035156
1994-04-06,217.27999877929688
1994-04-07,218.64999389648438
1994-04-08,216.8300018310547
1994-04-11,218.1999969482422
1994-04-12,217.08999633789062
1994-04-13,216.4600067138672
1994-04-14,216.52999877929688
1994-04-15,216.47999572753906
1994-04-18,215.44000244140625
1994-04-19,215.30999755859375
1994-04-20,215.17999267578125
1994-04-21,217.4499969482422
1994-04-22,217.16000366210938
1994-04-25,218.8000030517578
1994-04-26,218.72999572753906
1994-04-28,218.11000061035156
1994-04-29,218.80999755859375
1994-05-02,219.49000549316406
1994-05-03,219.69000244140625
1994-05-04,219.32000732421875
1994-05-05,219.44000244140625
1994-05-06,218.80999755859375
1994-05-09,216.8800048828125
1994-05-10,218.39999389648438
1994-05-11,216.74000549316406
1994-05-12,217.8000030517578
1994-05-13,218.0399932861328
1994-05-16,218.30999755859375
1994-05-17,220.10000610351562
1994-05-18,220.86000061035156
1994-05-19,221.25999450683594
1994-05-20,221.0399932861328
1994-05-23,220.58999633789062
1994-05-24,221.27000427246094
1994-05-25,221.89999389648438
1994-05-26,222.10000610351562
1994-05-27,222.2100067138672
1994-05-31,222.08999633789062
1994-06-01,222.3800048828125
1994-06-02,222.44000244140625
1994-06-03,222.91000366210938
1994-06-06,222.77000427246094
1994-06-07,222.8800048828125
1994-06-08,222.97000122070312
1994-06-09,223.19000244140625
1994-06-10,223.30999755859375
1994-06-13,223.57000732421875
1994-06-14,224.11000061035156
1994-06-15,224.14999389648438
1994-06-16,224.22999572753906
1994-06-17,222.57000732421875
1994-06-20,221.49000549316406
1994-06-21,219.75
1994-06-22,220.6300048828125
1994-06-23,219.16000366210938
1994-06-24,216.0399932861328
1994-06-27,218.24000549316406
1994-06-28,217.72000122070312
1994-06-29,218.50999450683594
1994-06-30,216.91000366210938
1994-07-01,217.89999389648438
1994-07-05,218.0399932861328
1994-07-06,217.92999267578125
1994-07-07,219.02999877929688
1994-07-08,219.6300048828125
1994-07-11,218.92999267578125
1994-07-12,218.8800048828125
1994-07-13,219.25999450683594
1994-07-14,221.57000732421875
1994-07-15,221.9499969482422
1994-07-18,222.39999389648438
1994-07-19,221.8300018310547
1994-07-20,221.39999389648438
1994-07-21,221.8300018310547
1994-07-22,222.0800018310547
1994-07-25,222.55999755859375
1994-07-26,222.3000030517578
1994-07-27,222.13999938964844
1994-07-28,222.58999633789062
1994-07-29,223.47999572753906
1994-08-01,224.41000366210938
1994-08-02,224.19000244140625
1994-08-03,224.42999267578125
1994-08-04,223.85000610351562
1994-08-05,223.77000427246094
1994-08-08,224.2100067138672
1994-08-09,224.30999755859375
1994-08-10,224.6999969482422
1994-08-11,224.77999877929688
1994-08-12,225.0399932861328
1994-08-15,224.85000610351562
1994-08-16,225.42999267578125
1994-08-17,225.52000427246094
1994-08-18,225.42999267578125
1994-08-19,224.83999633789062
1994-08-22,224.50999450683594
1994-08-23,225.05999755859375
1994-08-24,225.97000122070312
1994-08-25,225.82000732421875
1994-08-26,226.16000366210938
1994-08-29,226.64999389648438
1994-08-30,227.02000427246094
1994-08-31,227.27000427246094
1994-09-01,226.6300048828125
1994-09-02,227.22000122070312
1994-09-06,227.35000610351562
1994-09-07,227.3699951171875
1994-09-08,227.58999633789062
1994-09-09,227.44000244140625
1994-09-12,227.07000732421875
1994-09-13,227.58999633789062
1994-09-14,227.86000061035156
1994-09-15,228.9199981689453
1994-09-16,227.5399932861328
1994-09-19,227.49000549316406
1994-09-20,225.02000427246094
1994-09-21,224.36000061035156
1994-09-22,224.27000427246094
1994-09-23,223.5800018310547
1994-09-26,224.27000427246094
1994-09-27,224.83999633789062
1994-09-28,226.16000366210938
1994-09-29,225.05999755859375
1994-09-30,225.38999938964844
1994-10-03,225.07000732421875
1994-10-04,221.77999877929688
1994-10-05,221.27000427246094
1994-10-06,220.72999572753906
1994-10-07,222.1199951171875
1994-10-10,223.97999572753906
1994-10-11,227.1199951171875
1994-10-12,226.94000244140625
1994-10-13,227.91000366210938
1994-10-14,228.6300048828125
1994-10-17,228.72000122070312
1994-10-18,228.22999572753906
1994-10-19,229.4199981689453
1994-10-20,227.9499969482422
1994-10-21,227.08999633789062
1994-10-24,226.1199951171875
1994-10-25,226.58999633789062
1994-10-26,227.0
1994-10-27,227.7100067138672
1994-10-28,228.47999572753906
1994-10-31,229.1300048828125
1994-11-01,228.72999572753906
1994-11-02,228.3300018310547
1994-11-03,228.80999755859375
1994-11-04,227.64999389648438
1994-11-07,228.11000061035156
1994-11-08,228.7899932861328
1994-11-09,229.02999877929688
1994-11-10,228.97000122070312
1994-11-11,228.5399932861328
1994-11-14,229.6699981689453
1994-11-15,229.88999938964844
1994-11-16,230.33999633789062
1994-11-17,230.27000427246094
1994-11-18,229.61000061035156
1994-11-21,229.0
1994-11-22,226.17999267578125
1994-11-23,226.0399932861328
1994-11-25,227.1999969482422
1994-11-28,228.22000122070312
1994-11-29,228.72000122070312
1994-11-30,228.25
1994-12-01,226.1999969482422
1994-12-02,228.25999450683594
1994-12-05,228.5
1994-12-06,228.42999267578125
1994-12-07,227.5800018310547
1994-12-08,224.74000549316406
1994-12-09,225.6300048828125
1994-12-12,226.9199981689453
1994-12-13,227.27000427246094
1994-12-14,229.7100067138672
1994-12-15,229.9199981689453
1994-12-16,231.3699951171875
1994-12-19,231.08999633789062
1994-12-20,230.97000122070312
1994-12-21,231.22999572753906
1994-12-22,231.80999755859375
1994-12-23,232.0
1994-12-27,232.91000366210938
1994-12-28,232.60000610351562
1994-12-29,232.57000732421875
1994-12-30,232.5
1995-01-03,232.64999389648438
1995-01-04,233.14999389648438
1995-01-05,233.33999633789062
1995-01-06,233.5500030517578
1995-01-09,233.72000122070312
1995-01-10,234.02999877929688
1995-01-11,234.17999267578125
1995-01-12,234.3000030517578
1995-01-13,234.77000427246094
1995-01-16,235.25999450683594
1995-01-17,235.52000427246094
1995-01-18,235.63999938964844
1995-01-19,235.57000732421875
1995-01-20,234.47999572753906
1995-01-23,234.88999938964844
1995-01-24,235.02999877929688
1995-01-25,235.7100067138672
1995-01-26,236.07000732421875
1995-01-27,236.6199951171875
1995-01-30,236.27999877929688
1995-01-31,236.83999633789062
1995-02-01,237.07000732421875
1995-02-02,237.77000427246094
1995-02-03,237.94000244140625
1995-02-06,238.7899932861328
1995-02-07,238.64999389648438
1995-02-08,238.50999450683594
1995-02-09,238.47000122070312
1995-02-10,238.80999755859375
1995-02-13,238.8699951171875
1995-02-14,239.0
1995-02-15,239.0500030517578
1995-02-16,239.3000030517578
1995-02-17,238.4499969482422
1995-02-21,239.08999633789062
1995-02-22,239.66000366210938
1995-02-23,240.36000061035156
1995-02-24,240.64999389648438
1995-02-27,239.8000030517578
1995-02-28,240.75999450683594
1995-03-01,240.6199951171875
1995-03-02,240.64999389648438
1995-03-03,240.83999633789062
1995-03-06,241.02000427246094
1995-03-07,240.16000366210938
1995-03-08,240.6699981689453
1995-03-09,240.8300018310547
1995-03-10,241.9499969482422
1995-03-13,242.36000061035156
1995-03-14,242.32000732421875
1995-03-15,242.5500030517578
1995-03-16,242.5800018310547
1995-03-17,242.36000061035156
1995-03-20,242.64999389648438
1995-03-21,242.5500030517578
1995-03-22,242.77999877929688
1995-03-23,242.9199981689453
1995-03-24,243.97999572753906
1995-03-27,244.60000610351562
1995-03-28,244.74000549316406
1995-03-29,244.5399932861328
1995-03-30,244.3300018310547
1995-03-31,244.1699981689453
1995-04-03,244.69000244140625
1995-04-04,245.91000366210938
1995-04-05,245.69000244140625
1995-04-06,245.50999450683594
1995-04-07,246.00999450683594
1995-04-10,246.3699951171875
1995-04-11,246.1300048828125
1995-04-12,246.72000122070312
1995-04-13,246.8699951171875
1995-04-17,246.5399932861328
1995-04-18,246.9499969482422
1995-04-19,247.1300048828125
1995-04-20,246.69000244140625
1995-04-21,247.0500030517578
1995-04-24,247.7899932861328
1995-04-25,247.7100067138672
1995-04-26,247.85000610351562
1995-04-27,248.11000061035156
1995-04-28,248.42999267578125
1995-05-01,248.82000732421875
1995-05-02,248.97000122070312
1995-05-03,249.3800048828125
1995-05-04,249.88999938964844
1995-05-05,249.8300018310547
1995-05-08,250.1999969482422
1995-05-09,250.47999572753906
1995-05-10,250.52000427246094
1995-05-11,250.13999938964844
1995-05-12,250.2899932861328
1995-05-15,250.52000427246094
1995-05-16,250.41000366210938
1995-05-17,251.05999755859375
1995-05-18,250.6199951171875
1995-05-19,251.88999938964844
1995-05-22,252.85000610351562
1995-05-23,253.8699951171875
1995-05-24,253.77999877929688
1995-05-25,254.02000427246094
1995-05-26,253.27000427246094
1995-05-30,253.55999755859375
1995-05-31,254.5500030517578
1995-06-01,254.97999572753906
1995-06-02,254.7899932861328
1995-06-05,254.9499969482422
1995-06-06,254.85000610351562
1995-06-07,255.1999969482422
1995-06-08,255.4600067138672
1995-06-09,255.22999572753906
1995-06-12,255.05999755859375
1995-06-13,255.27000427246094
1995-06-14,255.7899932861328
1995-06-15,255.33999633789062
1995-06-16,255.9199981689453
1995-06-19,256.5400085449219
1995-06-20,256.5799865722656
1995-06-21,256.3399963378906
1995-06-22,257.3599853515625
1995-06-23,257.489990234375
1995-06-26,256.8900146484375
1995-06-27,256.4599914550781
1995-06-28,257.07000732421875
1995-06-29,257.2900085449219
1995-06-30,257.95001220703125
1995-07-03,258.2799987792969
1995-07-05,257.8900146484375
1995-07-06,258.70001220703125
1995-07-07,259.3500061035156
1995-07-10,258.9100036621094
1995-07-11,259.1300048828125
1995-07-12,259.1499938964844
1995-07-13,259.6300048828125
1995-07-14,259.760009765625
1995-07-17,259.42999267578125
1995-07-18,259.82000732421875
1995-07-19,259.9100036621094
1995-07-20,259.7099914550781
1995-07-21,260.19000244140625
1995-07-24,260.5199890136719
1995-07-25,261.25
1995-07-26,261.4800109863281
1995-07-27,262.04998779296875
1995-07-28,262.0400085449219
1995-07-31,261.8299865722656
1995-08-01,262.07000732421875
1995-08-02,262.1199951171875
1995-08-03,262.30999755859375
1995-08-04,262.3900146484375
1995-08-07,262.9100036621094
1995-08-08,263.1700134277344
1995-08-09,263.17999267578125
1995-08-10,262.7699890136719
1995-08-11,262.75
1995-08-14,263.6600036621094
1995-08-15,263.5899963378906
1995-08-16,264.0199890136719
1995-08-17,263.80999755859375
1995-08-18,263.6099853515625
1995-08-21,263.4800109863281
1995-08-22,264.0199890136719
1995-08-23,263.2799987792969
1995-08-24,263.5
1995-08-25,264.3399963378906
1995-08-28,264.3800048828125
1995-08-29,264.75
1995-08-30,265.30999755859375
1995-08-31,265.6000061035156
1995-09-01,266.57000732421875
1995-09-05,267.5799865722656
1995-09-06,267.75
1995-09-07,268.0
1995-09-08,268.489990234375
1995-09-11,268.20001220703125
1995-09-12,268.8399963378906
1995-09-13,268.5299987792969
1995-09-14,268.9100036621094
1995-09-15,267.04998779296875
1995-09-18,267.0199890136719
1995-09-19,267.20001220703125
1995-09-20,267.92999267578125
1995-09-21,267.3599853515625
1995-09-22,266.9700012207031
1995-09-25,267.2699890136719
1995-09-26,267.2300109863281
1995-09-27,267.4800109863281
1995-09-28,268.8299865722656
1995-09-29,268.4700012207031
1995-10-02,267.7799987792969
1995-10-03,267.989990234375
1995-10-04,267.8900146484375
1995-10-05,268.2699890136719
1995-10-06,268.7200012207031
1995-10-09,267.5
1995-10-10,267.510009765625
1995-10-11,268.3699951171875
1995-10-12,269.3699951171875
1995-10-13,269.6700134277344
1995-10-16,269.739990234375
1995-10-17,270.989990234375
1995-10-18,271.1400146484375
1995-10-19,271.6199951171875
1995-10-20,271.1000061035156
1995-10-23,270.4200134277344
1995-10-24,271.0799865722656
1995-10-25,269.989990234375
1995-10-26,267.9599914550781
1995-10-27,269.2900085449219
1995-10-30,270.5400085449219
1995-10-31,270.2200012207031
1995-11-01,271.3399963378906
1995-11-02,272.95001220703125
1995-11-03,273.45001220703125
1995-11-06,273.0799865722656
1995-11-07,272.6600036621094
1995-11-08,274.260009765625
1995-11-09,274.6000061035156
1995-11-10,274.6199951171875
1995-11-13,274.67999267578125
1995-11-14,274.4200134277344
1995-11-15,275.29998779296875
1995-11-16,275.7900085449219
1995-11-17,276.7099914550781
1995-11-20,276.1199951171875
1995-11-21,276.9800109863281
1995-11-22,276.5299987792969
1995-11-24,277.29998779296875
1995-11-27,277.6700134277344
1995-11-28,278.82000732421875
1995-11-29,279.0899963378906
1995-11-30,278.739990234375
1995-12-01,279.4700012207031
1995-12-04,279.6400146484375
1995-12-05,280.010009765625
1995-12-06,280.3699951171875
1995-12-07,279.79998779296875
1995-12-08,280.17999267578125
1995-12-11,279.79998779296875
1995-12-12,280.5899963378906
1995-12-13,280.82000732421875
1995-12-14,280.5400085449219
1995-12-15,279.8500061035156
1995-12-18,276.8800048828125
1995-12-19,278.8800048828125
1995-12-20,277.0400085449219
1995-12-21,278.9700012207031
1995-12-22,279.3800048828125
1995-12-26,280.260009765625
1995-12-27,280.6600036621094
1995-12-28,280.6199951171875
1995-12-29,281.260009765625
1996-01-02,282.4100036621094
1996-01-03,282.6099853515625
1996-01-04,281.8399963378906
1996-01-05,281.82000732421875
1996-01-08,282.4800109863281
1996-01-09,279.6000061035156
1996-01-10,275.1199951171875
1996-01-11,277.0400085449219
1996-01-12,276.7099914550781
1996-01-15,275.8500061035156
1996-01-16,279.7900085449219
1996-01-17,278.9200134277344
1996-01-18,279.79998779296875
1996-01-19,280.5
1996-01-22,281.1199951171875
1996-01-23,280.69000244140625
1996-01-24,282.2699890136719
1996-01-25,282.1300048828125
1996-01-26,282.3399963378906
1996-01-29,282.9700012207031
1996-01-30,283.1600036621094
1996-01-31,283.6400146484375
1996-02-01,283.6700134277344
1996-02-02,283.79998779296875
1996-02-05,284.1600036621094
1996-02-06,283.8299865722656
1996-02-07,283.92999267578125
1996-02-08,283.7699890136719
1996-02-09,284.3900146484375
1996-02-12,283.9800109863281
1996-02-13,284.260009765625
1996-02-14,284.9200134277344
1996-02-15,284.8500061035156
1996-02-16,283.5400085449219
1996-02-20,282.2300109863281
1996-02-21,284.2300109863281
1996-02-22,286.44000244140625
1996-02-23,286.32000732421875
1996-02-26,285.2200012207031
1996-02-27,284.3699951171875
1996-02-28,284.3500061035156
1996-02-29,282.989990234375
1996-03-01,284.239990234375
1996-03-04,285.8800048828125
1996-03-05,287.20001220703125
1996-03-06,286.94000244140625
1996-03-07,287.3299865722656
1996-03-08,281.260009765625
1996-03-11,284.260009765625
1996-03-12,283.3399963378906
1996-03-13,284.1700134277344
1996-03-14,285.2300109863281
1996-03-15,285.20001220703125
1996-03-18,287.17999267578125
1996-03-19,286.9200134277344
1996-03-20,286.4599914550781
1996-03-21,287.1700134277344
1996-03-22,287.25
1996-03-25,287.44000244140625
1996-03-26,288.0299987792969
1996-03-27,287.9200134277344
1996-03-28,287.8800048828125
1996-03-29,287.17999267578125
1996-04-01,288.95001220703125
1996-04-02,289.9599914550781
1996-04-03,290.19000244140625
1996-04-04,290.260009765625
1996-04-08,288.9200134277344
1996-04-09,288.6499938964844
1996-04-10,285.8599853515625
1996-04-11,285.3999938964844
1996-04-12,287.6199951171875
1996-04-15,289.8399963378906
1996-04-16,290.8399963378906
1996-04-17,290.25
1996-04-18,291.3800048828125
1996-04-19,292.8900146484375
1996-04-22,293.44000244140625
1996-04-23,294.510009765625
1996-04-24,294.45001220703125
1996-04-25,295.05999755859375
1996-04-26,295.1400146484375
1996-04-29,295.5799865722656
1996-04-30,295.5299987792969
1996-05-01,295.8399963378906
1996-05-02,293.239990234375
1996-05-03,293.260009765625
1996-05-06,293.3900146484375
1996-05-07,292.54998779296875
1996-05-08,294.92999267578125
1996-05-09,295.2799987792969
1996-05-10,297.1400146484375
1996-05-13,298.0199890136719
1996-05-14,298.739990234375
1996-05-15,298.7900085449219
1996-05-16,298.8500061035156
1996-05-17,299.3999938964844
1996-05-20,300.1600036621094
1996-05-21,299.989990234375
1996-05-22,301.29998779296875
1996-05-23,300.7699890136719
1996-05-24,301.4100036621094
1996-05-28,300.489990234375
1996-05-29,299.8900146484375
1996-05-30,301.05999755859375
1996-05-31,301.2900085449219
1996-06-03,300.6099853515625
1996-06-04,301.79998779296875
1996-06-05,302.82000732421875
1996-06-06,302.17999267578125
1996-06-07,302.5400085449219
1996-06-10,302.739990234375
1996-06-11,302.3399963378906
1996-06-12,302.25
1996-06-13,302.2699890136719
1996-06-14,302.25
1996-06-17,302.42999267578125
1996-06-18,301.7300109863281
1996-06-19,301.8500061035156
1996-06-20,302.010009765625
1996-06-21,303.9700012207031
1996-06-24,304.3900146484375
1996-06-25,304.55999755859375
1996-06-26,304.1499938964844
1996-06-27,305.3399963378906
1996-06-28,305.7799987792969
1996-07-01,307.1099853515625
1996-07-02,306.69000244140625
1996-07-03,306.6000061035156
1996-07-05,303.6600036621094
1996-07-08,302.3800048828125
1996-07-09,303.4599914550781
1996-07-10,304.05999755859375
1996-07-11,299.8999938964844
1996-07-12,300.2699890136719
1996-07-15,292.7900085449219
1996-07-16,292.1300048828125
1996-07-17,294.8299865722656
1996-07-18,299.2699890136719
1996-07-19,297.260009765625
1996-07-22,295.7200012207031
1996-07-23,293.3900146484375
1996-07-24,293.5
1996-07-25,295.3299865722656
1996-07-26,297.5299987792969
1996-07-29,295.69000244140625
1996-07-30,297.32000732421875
1996-07-31,298.760009765625
1996-08-01,301.1499938964844
1996-08-02,302.75
1996-08-05,303.239990234375
1996-08-06,303.2099914550781
1996-08-07,303.6199951171875
1996-08-08,303.4800109863281
1996-08-09,304.44000244140625
1996-08-12,304.239990234375
1996-08-13,304.6499938964844
1996-08-14,304.75
1996-08-15,304.3699951171875
1996-08-16,305.17999267578125
1996-08-19,305.8900146484375
1996-08-20,305.7699890136719
1996-08-21,305.8599853515625
1996-08-22,307.5
1996-08-23,306.7699890136719
1996-08-26,305.9100036621094
1996-08-27,306.79998779296875
1996-08-28,306.54998779296875
1996-08-29,304.4599914550781
1996-08-30,302.7099914550781
1996-09-03,303.6300048828125
1996-09-04,304.0199890136719
1996-09-05,301.70001220703125
1996-09-06,304.6300048828125
1996-09-09,307.7300109863281
1996-09-10,307.9100036621094
1996-09-11,309.2300109863281
1996-09-12,310.239990234375
1996-09-13,311.5
1996-09-16,311.6099853515625
1996-09-17,312.0
1996-09-18,311.9100036621094
1996-09-19,312.3500061035156
1996-09-20,313.1199951171875
1996-09-23,312.6700134277344
1996-09-24,312.70001220703125
1996-09-25,313.1600036621094
1996-09-26,313.25
1996-09-27,313.8699951171875
1996-09-30,314.2699890136719
1996-10-01,314.4599914550781
1996-10-02,315.2300109863281
1996-10-03,314.9599914550781
1996-10-04,316.2699890136719
1996-10-07,316.69000244140625
1996-10-08,316.9599914550781
1996-10-09,316.8800048828125
1996-10-10,316.7900085449219
1996-10-11,317.6300048828125
1996-10-14,317.69000244140625
1996-10-15,317.6499938964844
1996-10-16,317.8900146484375
1996-10-17,318.4100036621094
1996-10-18,318.6099853515625
1996-10-21,318.5400085449219
1996-10-22,317.92999267578125
1996-10-23,318.2799987792969
1996-10-24,317.07000732421875
1996-10-25,316.8699951171875
1996-10-28,315.69000244140625
1996-10-29,317.1499938964844
1996-10-30,317.2699890136719
1996-10-31,318.17999267578125
1996-11-01,318.6199951171875
1996-11-04,319.4599914550781
1996-11-05,321.29998779296875
1996-11-06,322.739990234375
1996-11-07,323.2099914550781
1996-11-08,323.489990234375
1996-11-11,323.67999267578125
1996-11-12,324.260009765625
1996-11-13,324.1000061035156
1996-11-14,324.010009765625
1996-11-15,323.1600036621094
1996-11-18,323.0899963378906
1996-11-19,324.260009765625
1996-11-20,324.3900146484375
1996-11-21,324.4800109863281
1996-11-22,325.8900146484375
1996-11-25,326.67999267578125
1996-11-26,326.8900146484375
1996-11-27,326.8800048828125
1996-11-29,327.42999267578125
1996-12-02,327.17999267578125
1996-12-03,326.8900146484375
1996-12-04,326.1300048828125
1996-12-05,326.3399963378906
1996-12-06,325.4700012207031
1996-12-09,327.95001220703125
1996-12-10,327.8900146484375
1996-12-11,326.5199890136719
1996-12-12,323.0799865722656
1996-12-13,323.1099853515625
1996-12-16,320.2200012207031
1996-12-17,322.4800109863281
1996-12-18,324.9599914550781
1996-12-19,330.3999938964844
1996-12-20,325.3800048828125
1996-12-23,325.1300048828125
1996-12-24,326.1300048828125
1996-12-26,327.5899963378906
1996-12-27,327.94000244140625
1996-12-30,327.6400146484375
1996-12-31,324.8599853515625
1997-01-02,324.45001220703125
1997-01-03,327.5899963378906
1997-01-06,328.1199951171875
1997-01-07,329.2300109863281
1997-01-08,328.7099914550781
1997-01-09,329.8800048828125
1997-01-10,330.7300109863281
1997-01-13,331.3599853515625
1997-01-14,332.2900085449219
1997-01-15,332.2300109863281
1997-01-16,332.57000732421875
1997-01-17,335.2200012207031
1997-01-20,335.6300048828125
1997-01-21,336.8599853515625
1997-01-22,337.8299865722656
1997-01-23,336.7099914550781
1997-01-24,334.9200134277344
1997-01-27,333.82000732421875
1997-01-28,333.95001220703125
1997-01-29,335.5799865722656
1997-01-30,338.3900146484375
1997-01-31,339.0
1997-02-03,339.1400146484375
1997-02-04,339.8699951171875
1997-02-05,338.04998779296875
1997-02-06,339.1000061035156
1997-02-07,340.30999755859375
1997-02-10,340.17999267578125
1997-02-11,340.9200134277344
1997-02-12,342.3900146484375
1997-02-13,342.760009765625
1997-02-14,342.4599914550781
1997-02-18,342.94000244140625
1997-02-19,343.2300109863281
1997-02-20,343.44000244140625
1997-02-21,343.20001220703125
1997-02-24,345.5299987792969
1997-02-25,346.1400146484375
1997-02-26,345.05999755859375
1997-02-27,342.75
1997-02-28,342.1099853515625
1997-03-03,343.79998779296875
1997-03-04,342.9800109863281
1997-03-05,346.010009765625
1997-03-06,345.1600036621094
1997-03-07,347.3599853515625
1997-03-10,349.25
1997-03-11,349.2799987792969
1997-03-12,348.3999938964844
1997-03-13,344.3900146484375
1997-03-14,346.1400146484375
1997-03-17,347.0400085449219
1997-03-18,345.0299987792969
1997-03-19,343.69000244140625
1997-03-20,342.44000244140625
1997-03-21,343.0799865722656
1997-03-24,344.5
1997-03-25,344.6700134277344
1997-03-26,345.6700134277344
1997-03-27,341.7200012207031
1997-03-31,336.25
1997-04-01,337.5199890136719
1997-04-02,334.0
1997-04-03,334.0400085449219
1997-04-04,337.3999938964844
1997-04-07,339.2900085449219
1997-04-08,341.1499938964844
1997-04-09,339.05999755859375
1997-04-10,338.1300048828125
1997-04-11,329.04998779296875
1997-04-14,331.760009765625
1997-04-15,336.6300048828125
1997-04-16,340.6300048828125
1997-04-17,339.8599853515625
1997-04-18,341.3599853515625
1997-04-21,340.1199951171875
1997-04-22,342.55999755859375
1997-04-23,342.5899963378906
1997-04-24,342.3900146484375
1997-04-25,341.739990234375
1997-04-28,343.19000244140625
1997-04-29,345.3999938964844
1997-04-30,346.9200134277344
1997-05-01,346.3699951171875
1997-05-02,347.30999755859375
1997-05-05,346.489990234375
1997-05-06,347.6700134277344
1997-05-07,348.3399963378906
1997-05-08,348.0199890136719
1997-05-09,348.17999267578125
1997-05-12,347.5199890136719
1997-05-13,348.1400146484375
1997-05-14,348.3800048828125
1997-05-15,348.30999755859375
1997-05-16,346.010009765625
1997-05-19,347.29998779296875
1997-05-20,349.70001220703125
1997-05-21,349.739990234375
1997-05-22,349.19000244140625
1997-05-23,351.6400146484375
1997-05-27,352.4700012207031
1997-05-28,351.7799987792969
1997-05-29,352.0
1997-05-30,352.25
1997-06-02,352.7099914550781
1997-06-03,353.0400085449219
1997-06-04,352.010009765625
1997-06-05,352.7699890136719
1997-06-06,354.739990234375
1997-06-09,356.1000061035156
1997-06-10,356.69000244140625
1997-06-11,356.989990234375
1997-06-12,357.1300048828125
1997-06-13,357.69000244140625
1997-06-16,357.70001220703125
1997-06-17,358.19000244140625
1997-06-18,357.7300109863281
1997-06-19,358.20001220703125
1997-06-20,358.2900085449219
1997-06-23,354.3399963378906
1997-06-24,358.07000732421875
1997-06-25,356.739990234375
1997-06-26,355.75
1997-06-27,356.95001220703125
1997-06-30,356.8399963378906
1997-07-01,358.2699890136719
1997-07-02,361.6000061035156
1997-07-03,363.25
1997-07-07,364.1000061035156
1997-07-08,364.55999755859375
1997-07-09,363.6300048828125
1997-07-10,365.05999755859375
1997-07-11,365.8900146484375
1997-07-14,366.0199890136719
1997-07-15,366.69000244140625
1997-07-16,366.95001220703125
1997-07-17,367.3800048828125
1997-07-18,363.0899963378906
1997-07-21,362.6400146484375
1997-07-22,366.6099853515625
1997-07-23,367.260009765625
1997-07-24,368.42999267578125
1997-07-25,368.7799987792969
1997-07-28,368.0299987792969
1997-07-29,369.5799865722656
1997-07-30,370.4800109863281
1997-07-31,371.0400085449219
1997-08-01,370.6300048828125
1997-08-04,371.5199890136719
1997-08-05,371.54998779296875
1997-08-06,372.5299987792969
1997-08-07,372.0400085449219
1997-08-08,371.2200012207031
1997-08-11,371.80999755859375
1997-08-12,371.489990234375
1997-08-13,371.0400085449219
1997-08-14,373.0
1997-08-15,368.69000244140625
1997-08-18,370.8500061035156
1997-08-19,374.55999755859375
1997-08-20,377.1600036621094
1997-08-21,374.79998779296875
1997-08-22,374.1300048828125
1997-08-25,374.07000732421875
1997-08-26,373.2900085449219
1997-08-27,373.57000732421875
1997-08-28,372.1099853515625
1997-08-29,370.7799987792969
1997-09-02,377.0899963378906
1997-09-03,377.7300109863281
1997-09-04,378.260009765625
1997-09-05,379.0400085449219
1997-09-08,379.5400085449219
1997-09-09,380.5
1997-09-10,378.54998779296875
1997-09-11,377.70001220703125
1997-09-12,380.4599914550781
1997-09-15,380.4800109863281
1997-09-16,383.5
1997-09-17,383.8900146484375
1997-09-18,383.45001220703125
1997-09-19,385.1300048828125
1997-09-22,386.6099853515625
1997-09-23,386.1700134277344
1997-09-24,385.5
1997-09-25,384.1300048828125
1997-09-26,386.3500061035156
1997-09-29,388.0199890136719
1997-09-30,387.010009765625
1997-10-01,388.760009765625
1997-10-02,389.8399963378906
1997-10-03,390.54998779296875
1997-10-06,391.9700012207031
1997-10-07,393.0
1997-10-08,392.7799987792969
1997-10-09,392.75
1997-10-10,392.8699951171875
1997-10-13,393.489990234375
1997-10-14,393.989990234375
1997-10-15,394.44000244140625
1997-10-16,394.3500061035156
1997-10-17,392.9599914550781
1997-10-20,395.489990234375
1997-10-21,397.9599914550781
1997-10-22,397.6499938964844
1997-10-23,394.760009765625
1997-10-24,392.8800048828125
1997-10-27,370.57000732421875
1997-10-28,387.8599853515625
1997-10-29,386.75
1997-10-30,381.1400146484375
1997-10-31,385.4800109863281
1997-11-03,393.239990234375
1997-11-04,393.67999267578125
1997-11-05,394.6099853515625
1997-11-06,393.79998779296875
1997-11-07,390.6000061035156
1997-11-10,389.6499938964844
1997-11-11,391.1000061035156
1997-11-12,385.260009765625
1997-11-13,389.5199890136719
1997-11-14,394.260009765625
1997-11-17,400.2300109863281
1997-11-18,398.69000244140625
1997-11-19,401.6199951171875
1997-11-20,404.42999267578125
1997-11-21,404.6000061035156
1997-11-24,400.8500061035156
1997-11-25,402.3800048828125
1997-11-26,402.92999267578125
1997-11-28,405.1000061035156
1997-12-01,409.3900146484375
1997-12-02,408.67999267578125
1997-12-03,410.3900146484375
1997-12-04,410.3900146484375
1997-12-05,412.6300048828125
1997-12-08,413.010009765625
1997-12-09,412.5199890136719
1997-12-10,411.82000732421875
1997-12-11,408.7099914550781
1997-12-12,408.30999755859375
1997-12-15,411.6099853515625
1997-12-16,413.3399963378906
1997-12-17,413.3699951171875
1997-12-18,411.8599853515625
1997-12-19,404.3599853515625
1997-12-22,405.29998779296875
1997-12-23,404.25
1997-12-24,402.75
1997-12-26,403.9700012207031
1997-12-29,407.8299865722656
1997-12-30,410.8599853515625
1997-12-31,411.4100036621094
1998-01-02,412.75
1998-01-05,412.44000244140625
1998-01-06,411.6300048828125
1998-01-07,411.9200134277344
1998-01-08,411.739990234375
1998-01-09,406.4800109863281
1998-01-12,410.32000732421875
1998-01-13,413.510009765625
1998-01-14,414.44000244140625
1998-01-15,415.1400146484375
1998-01-16,415.69000244140625
1998-01-20,419.57000732421875
1998-01-21,418.3900146484375
1998-01-22,416.92999267578125
1998-01-23,415.8999938964844
1998-01-26,416.1199951171875
1998-01-27,419.17999267578125
1998-01-28,421.1300048828125
1998-01-29,422.2200012207031
1998-01-30,421.69000244140625
1998-02-02,425.05999755859375
1998-02-03,425.6199951171875
1998-02-04,426.3500061035156
1998-02-05,425.8599853515625
1998-02-06,427.07000732421875
1998-02-09,426.7799987792969
1998-02-10,427.3500061035156
1998-02-11,427.8299865722656
1998-02-12,427.760009765625
1998-02-13,428.4200134277344
1998-02-17,428.739990234375
1998-02-18,428.6600036621094
1998-02-19,428.9200134277344
1998-02-20,428.19000244140625
1998-02-23,429.3900146484375
1998-02-24,428.42999267578125
1998-02-25,430.70001220703125
1998-02-26,431.6099853515625
1998-02-27,431.70001220703125
1998-03-02,432.0199890136719
1998-03-03,432.5799865722656
1998-03-04,432.3900146484375
1998-03-05,430.3699951171875
1998-03-06,433.989990234375
1998-03-09,433.489990234375
1998-03-10,434.8500061035156
1998-03-11,435.17999267578125
1998-03-12,435.3900146484375
1998-03-13,435.8500061035156
1998-03-16,436.239990234375
1998-03-17,435.95001220703125
1998-03-18,436.3699951171875
1998-03-19,436.8500061035156
1998-03-20,435.05999755859375
1998-03-23,434.95001220703125
1998-03-24,436.20001220703125
1998-03-25,435.0299987792969
1998-03-26,435.3599853515625
1998-03-27,434.510009765625
1998-03-30,434.5799865722656
1998-03-31,436.5199890136719
1998-04-01,437.6199951171875
1998-04-02,439.4599914550781
1998-04-03,440.29998779296875
1998-04-06,440.2200012207031
1998-04-07,439.6700134277344
1998-04-08,439.3699951171875
1998-04-09,441.6099853515625
1998-04-13,441.7900085449219
1998-04-14,442.8299865722656
1998-04-15,443.6199951171875
1998-04-16,443.57000732421875
1998-04-17,447.0199890136719
1998-04-20,447.80999755859375
1998-04-21,448.6300048828125
1998-04-22,449.70001220703125
1998-04-23,447.42999267578125
1998-04-24,445.0199890136719
1998-04-27,439.1300048828125
1998-04-28,439.6600036621094
1998-04-29,443.04998779296875
1998-04-30,447.5299987792969
1998-05-01,450.55999755859375
1998-05-04,450.94000244140625
1998-05-05,449.8299865722656
1998-05-06,447.3599853515625
1998-05-07,444.8399963378906
1998-05-08,449.45001220703125
1998-05-11,449.6199951171875
1998-05-12,452.6300048828125
1998-05-13,453.9700012207031
1998-05-14,454.75
1998-05-15,453.6499938964844
1998-05-18,453.1700134277344
1998-05-19,454.5799865722656
1998-05-20,456.3299865722656
1998-05-21,458.1700134277344
1998-05-22,456.1600036621094
1998-05-26,451.80999755859375
1998-05-27,451.30999755859375
1998-05-28,453.69000244140625
1998-05-29,451.45001220703125
1998-06-01,451.8999938964844
1998-06-02,453.0400085449219
1998-06-03,449.8599853515625
1998-06-04,454.3900146484375
1998-06-05,459.6300048828125
1998-06-08,460.5899963378906
1998-06-09,461.20001220703125
1998-06-10,460.3900146484375
1998-06-11,455.2900085449219
1998-06-12,457.0799865722656
1998-06-15,448.8900146484375
1998-06-16,453.29998779296875
1998-06-17,461.07000732421875
1998-06-18,461.3699951171875
1998-06-19,459.8599853515625
1998-06-22,460.9100036621094
1998-06-23,464.6400146484375
1998-06-24,465.67999267578125
1998-06-25,465.8500061035156
1998-06-26,467.0899963378906
1998-06-29,467.989990234375
1998-06-30,468.260009765625
1998-07-01,469.989990234375
1998-07-02,470.20001220703125
1998-07-06,470.6600036621094
1998-07-07,470.70001220703125
1998-07-08,471.54998779296875
1998-07-09,471.2099914550781
1998-07-10,472.0199890136719
1998-07-13,471.5
1998-07-14,472.5299987792969
1998-07-15,472.5199890136719
1998-07-16,473.0299987792969
1998-07-17,472.5199890136719
1998-07-20,472.260009765625
1998-07-21,467.3800048828125
1998-07-22,467.2900085449219
1998-07-23,459.5899963378906
1998-07-24,460.1600036621094
1998-07-27,462.5899963378906
1998-07-28,456.8999938964844
1998-07-29,455.3500061035156
1998-07-30,462.260009765625
1998-07-31,454.0799865722656
1998-08-03,450.9700012207031
1998-08-04,434.80999755859375
1998-08-05,438.7699890136719
1998-08-06,442.1199951171875
1998-08-07,442.0899963378906
1998-08-10,439.54998779296875
1998-08-11,433.8800048828125
1998-08-12,440.1600036621094
1998-08-13,436.4200134277344
1998-08-14,431.510009765625
1998-08-17,440.0299987792969
1998-08-18,447.20001220703125
1998-08-19,445.95001220703125
1998-08-20,443.3500061035156
1998-08-21,436.29998779296875
1998-08-24,437.80999755859375
1998-08-25,439.2300109863281
1998-08-26,438.2799987792969
1998-08-27,428.1700134277344
1998-08-28,424.69000244140625
1998-08-31,400.3800048828125
1998-09-01,415.5400085449219
1998-09-02,414.6099853515625
1998-09-03,411.0299987792969
1998-09-04,408.1700134277344
1998-09-08,427.7799987792969
1998-09-09,421.4700012207031
1998-09-10,410.989990234375
1998-09-11,423.1099853515625
1998-09-14,431.70001220703125
1998-09-15,435.30999755859375
1998-09-16,438.69000244140625
1998-09-17,427.7200012207031
1998-09-18,427.6700134277344
1998-09-21,429.3599853515625
1998-09-22,431.94000244140625
1998-09-23,437.95001220703125
1998-09-24,435.010009765625
1998-09-25,436.3299865722656
1998-09-28,436.8800048828125
1998-09-29,437.4200134277344
1998-09-30,430.75
1998-10-01,424.2300109863281
1998-10-02,428.80999755859375
1998-10-05,425.8500061035156
1998-10-06,425.1199951171875
1998-10-07,420.6099853515625
1998-10-08,416.489990234375
1998-10-09,426.94000244140625
1998-10-12,432.94000244140625
1998-10-13,432.67999267578125
1998-10-14,437.3299865722656
1998-10-15,443.9800109863281
1998-10-16,445.3999938964844
1998-10-19,448.1499938964844
1998-10-20,448.54998779296875
1998-10-21,450.1499938964844
1998-10-22,453.2799987792969
1998-10-23,451.67999267578125
1998-10-26,452.510009765625
1998-10-27,451.489990234375
1998-10-28,453.20001220703125
1998-10-29,457.3699951171875
1998-10-30,459.6499938964844
1998-11-02,461.29998779296875
1998-11-03,461.1499938964844
1998-11-04,463.0400085449219
1998-11-05,463.9200134277344
1998-11-06,464.25
1998-11-09,464.4100036621094
1998-11-10,465.260009765625
1998-11-11,464.17999267578125
1998-11-12,464.05999755859375
1998-11-13,465.45001220703125
1998-11-16,466.0199890136719
1998-11-17,466.6000061035156
1998-11-18,467.2200012207031
1998-11-19,467.69000244140625
1998-11-20,467.54998779296875
1998-11-23,471.510009765625
1998-11-24,470.1700134277344
1998-11-25,472.0
1998-11-27,473.1400146484375
1998-11-30,468.04998779296875
1998-12-01,470.989990234375
1998-12-02,470.32000732421875
1998-12-03,465.5899963378906
1998-12-04,472.6400146484375
1998-12-07,474.05999755859375
1998-12-08,473.70001220703125
1998-12-09,474.6499938964844
1998-12-10,471.510009765625
1998-12-11,472.1400146484375
1998-12-14,465.8500061035156
1998-12-15,473.8900146484375
1998-12-16,474.1000061035156
1998-12-17,478.2900085449219
1998-12-18,480.1300048828125
1998-12-21,483.70001220703125
1998-12-22,484.07000732421875
1998-12-23,487.44000244140625
1998-12-24,486.6600036621094
1998-12-28,487.5400085449219
1998-12-29,488.6499938964844
1998-12-30,488.42999267578125
1998-12-31,489.3699951171875
1999-01-04,489.07000732421875
1999-01-05,490.6199951171875
1999-01-06,490.82000732421875
1999-01-07,491.3800048828125
1999-01-08,491.4200134277344
1999-01-11,491.5400085449219
1999-01-12,491.6000061035156
1999-01-13,492.8299865722656
1999-01-14,492.6000061035156
1999-01-15,497.67999267578125
1999-01-19,499.0799865722656
1999-01-20,500.4100036621094
1999-01-21,496.739990234375
1999-01-22,495.6099853515625
1999-01-25,497.760009765625
1999-01-26,500.9700012207031
1999-01-27,500.7200012207031
1999-01-28,504.739990234375
1999-01-29,507.2200012207031
1999-02-01,506.9599914550781
1999-02-02,505.57000732421875
1999-02-03,507.4700012207031
1999-02-04,504.4800109863281
1999-02-05,503.70001220703125
1999-02-08,505.6300048828125
1999-02-09,500.6099853515625
1999-02-10,503.510009765625
1999-02-11,510.04998779296875
1999-02-12,505.7799987792969
1999-02-16,509.9200134277344
1999-02-17,507.32000732421875
1999-02-18,512.4600219726562
1999-02-19,514.7999877929688
1999-02-22,521.72998046875
1999-02-23,521.760009765625
1999-02-24,519.97998046875
1999-02-25,518.489990234375
1999-02-26,518.0499877929688
1999-03-01,518.3599853515625
1999-03-02,516.0599975585938
1999-03-03,516.6900024414062
1999-03-04,522.1199951171875
1999-03-05,526.6599731445312
1999-03-08,528.1699829101562
1999-03-09,527.8900146484375
1999-03-10,529.4299926757812
1999-03-11,530.1300048828125
1999-03-12,531.1699829101562
1999-03-15,531.030029296875
1999-03-16,531.1400146484375
1999-03-17,531.52001953125
1999-03-18,531.0499877929688
1999-03-19,523.8300170898438
1999-03-22,523.469970703125
1999-03-23,513.530029296875
1999-03-24,516.1400146484375
1999-03-25,522.8099975585938
1999-03-26,521.4600219726562
1999-03-29,529.219970703125
1999-03-30,527.7000122070312
1999-03-31,524.469970703125
1999-04-01,527.2000122070312
1999-04-05,533.97998046875
1999-04-06,533.989990234375
1999-04-07,535.8699951171875
1999-04-08,538.030029296875
1999-04-09,539.3599853515625
1999-04-12,539.9000244140625
1999-04-13,540.2000122070312
1999-04-14,538.5599975585938
1999-04-15,540.1199951171875
1999-04-16,538.8400268554688
1999-04-19,532.6900024414062
1999-04-20,536.969970703125
1999-04-21,543.7000122070312
1999-04-22,546.3699951171875
1999-04-23,546.5399780273438
1999-04-26,547.2999877929688
1999-04-27,547.52001953125
1999-04-28,546.4500122070312
1999-04-29,545.989990234375
1999-04-30,546.25
1999-05-03,549.1699829101562
1999-05-04,545.8099975585938
1999-05-05,548.7000122070312
1999-05-06,545.3699951171875
1999-05-07,548.77001953125
1999-05-10,549.2100219726562
1999-05-11,551.260009765625
1999-05-12,552.010009765625
1999-05-13,553.0999755859375
1999-05-14,550.219970703125
1999-05-17,552.1599731445312
1999-05-18,552.02001953125
1999-05-19,554.3200073242188
1999-05-20,555.0800170898438
1999-05-21,552.7100219726562
1999-05-24,546.77001953125
1999-05-25,540.6799926757812
1999-05-26,547.3300170898438
1999-05-27,540.780029296875
1999-05-28,547.8599853515625
1999-06-01,546.2999877929688
1999-06-02,547.1199951171875
1999-06-03,548.760009765625
1999-06-04,557.989990234375
1999-06-07,560.3599853515625
1999-06-08,556.3699951171875
1999-06-09,557.280029296875
1999-06-10,551.9000244140625
1999-06-11,548.8900146484375
1999-06-14,549.239990234375
1999-06-15,552.0499877929688
1999-06-16,564.0399780273438
1999-06-17,567.6199951171875
1999-06-18,569.22998046875
1999-06-21,570.8800048828125
1999-06-22,568.77001953125
1999-06-23,569.510009765625
1999-06-24,564.8300170898438
1999-06-25,565.3800048828125
1999-06-28,569.1699829101562
1999-06-29,573.8900146484375
1999-06-30,578.7100219726562
1999-07-01,578.1400146484375
1999-07-02,579.010009765625
1999-07-06,579.6300048828125
1999-07-07,580.6500244140625
1999-07-08,580.8099975585938
1999-07-09,581.8800048828125
1999-07-12,581.469970703125
1999-07-13,581.3699951171875
1999-07-14,582.469970703125
1999-07-15,582.22998046875
1999-07-16,583.3699951171875
1999-07-19,581.0
1999-07-20,573.8699951171875
1999-07-21,574.9299926757812
1999-07-22,569.47998046875
1999-07-23,567.780029296875
1999-07-26,564.8300170898438
1999-07-27,570.8200073242188
1999-07-28,571.6300048828125
1999-07-29,563.510009765625
1999-07-30,559.3499755859375
1999-08-02,559.0999755859375
1999-08-03,556.8800048828125
1999-08-04,550.030029296875
1999-08-05,553.5700073242188
1999-08-06,548.219970703125
1999-08-09,547.1799926757812
1999-08-10,540.3300170898438
1999-08-11,549.0800170898438
1999-08-12,547.510009765625
1999-08-13,559.969970703125
1999-08-16,561.3499755859375
1999-08-17,567.030029296875
1999-08-18,562.3099975585938
1999-08-19,558.4500122070312
1999-08-20,562.8300170898438
1999-08-23,566.8200073242188
1999-08-24,568.0800170898438
1999-08-25,570.3499755859375
1999-08-26,568.239990234375
1999-08-27,566.6699829101562
1999-08-30,562.6400146484375
1999-08-31,562.219970703125
1999-09-01,565.8499755859375
1999-09-02,563.0399780273438
1999-09-03,571.2100219726562
1999-09-07,570.5900268554688
1999-09-08,570.4099731445312
1999-09-09,571.77001953125
1999-09-10,573.5499877929688
1999-09-13,573.02001953125
1999-09-14,572.1300048828125
1999-09-15,568.1300048828125
1999-09-16,569.25
1999-09-17,574.8900146484375
1999-09-20,575.3300170898438
1999-09-21,568.4500122070312
1999-09-22,569.75
1999-09-23,560.219970703125
1999-09-24,559.22998046875
1999-09-27,567.0800170898438
1999-09-28,562.77001953125
1999-09-29,557.6500244140625
1999-09-30,563.3900146484375
1999-10-01,563.7100219726562
1999-10-04,571.760009765625
1999-10-05,570.7999877929688
1999-10-06,579.9400024414062
1999-10-07,577.0800170898438
1999-10-08,584.239990234375
1999-10-11,584.6599731445312
1999-10-12,577.47998046875
1999-10-13,566.0800170898438
1999-10-14,565.239990234375
1999-10-15,551.5700073242188
1999-10-18,554.0
1999-10-19,556.1900024414062
1999-10-20,562.1799926757812
1999-10-21,561.4199829101562
1999-10-22,565.3099975585938
1999-10-25,564.1599731445312
1999-10-26,562.97998046875
1999-10-27,564.4099731445312
1999-10-28,568.489990234375
1999-10-29,569.5700073242188
1999-11-01,569.260009765625
1999-11-02,570.010009765625
1999-11-03,570.75
1999-11-04,571.2000122070312
1999-11-05,571.25
1999-11-08,572.1099853515625
1999-11-09,572.0700073242188
1999-11-10,572.1099853515625
1999-11-11,573.1300048828125
1999-11-12,572.6699829101562
1999-11-15,572.4299926757812
1999-11-16,571.52001953125
1999-11-17,572.6900024414062
1999-11-18,573.5700073242188
1999-11-19,573.2899780273438
1999-11-22,573.22998046875
1999-11-23,569.9400024414062
1999-11-24,573.3200073242188
1999-11-26,573.9400024414062
1999-11-29,571.5999755859375
1999-11-30,567.010009765625
1999-12-01,570.5499877929688
1999-12-02,573.5700073242188
1999-12-03,578.8300170898438
1999-12-06,578.0800170898438
1999-12-07,574.4199829101562
1999-12-08,574.5599975585938
1999-12-09,576.4400024414062
1999-12-10,579.6300048828125
1999-12-13,579.1500244140625
1999-12-14,576.6599731445312
1999-12-15,580.7100219726562
1999-12-16,582.9099731445312
1999-12-17,582.1900024414062
1999-12-20,581.5999755859375
1999-12-21,585.97998046875
1999-12-22,586.3499755859375
1999-12-23,590.72998046875
1999-12-27,590.1599731445312
1999-12-28,589.9199829101562
1999-12-29,592.27001953125
1999-12-30,592.22998046875
1999-12-31,592.9600219726562
2000-01-03,592.8699951171875
2000-01-04,580.47998046875
2000-01-05,581.3900146484375
2000-01-06,582.6500244140625
2000-01-07,593.27001953125
2000-01-10,596.739990234375
2000-01-11,593.9099731445312
2000-01-12,593.2999877929688
2000-01-13,597.4500122070312
2000-01-14,600.5
2000-01-18,600.0
2000-01-19,600.77001953125
2000-01-20,602.25
2000-01-21,595.7100219726562
2000-01-24,585.6500244140625
2000-01-25,588.6799926757812
2000-01-26,586.9299926757812
2000-01-27,585.4600219726562
2000-01-28,571.7000122070312
2000-01-31,584.8599853515625
2000-02-01,589.9000244140625
2000-02-02,590.52001953125
2000-02-03,595.7999877929688
2000-02-04,595.719970703125
2000-02-07,596.3400268554688
2000-02-08,601.7100219726562
2000-02-09,593.0900268554688
2000-02-10,595.22998046875
2000-02-11,584.4500122070312
2000-02-14,585.8699951171875
2000-02-15,591.010009765625
2000-02-16,585.1199951171875
2000-02-17,585.4299926757812
2000-02-18,571.6799926757812
2000-02-22,575.1799926757812
2000-02-23,577.7999877929688
2000-02-24,576.489990234375
2000-02-25,570.780029296875
2000-02-28,576.4400024414062
2000-02-29,582.0599975585938
2000-03-01,586.0800170898438
2000-03-02,586.9299926757812
2000-03-03,591.8599853515625
2000-03-06,589.5499877929688
2000-03-07,581.3400268554688
2000-03-08,585.010009765625
2000-03-09,592.469970703125
2000-03-10,591.6099853515625
2000-03-13,590.8900146484375
2000-03-14,584.969970703125
2000-03-15,593.469970703125
2000-03-16,595.5900268554688
2000-03-17,603.030029296875
2000-03-20,601.1599731445312
2000-03-21,608.3200073242188
2000-03-22,610.5999755859375
2000-03-23,612.219970703125
2000-03-24,611.530029296875
2000-03-27,612.010009765625
2000-03-28,609.489990234375
2000-03-29,610.6400146484375
2000-03-30,608.9199829101562
2000-03-31,610.469970703125
2000-04-03,612.3699951171875
2000-04-04,610.1300048828125
2000-04-05,609.260009765625
2000-04-06,612.280029296875
2000-04-07,615.5
2000-04-10,614.280029296875
2000-04-11,613.9400024414062
2000-04-12,609.22998046875
2000-04-13,602.72998046875
2000-04-14,571.6500244140625
2000-04-17,590.5499877929688
2000-04-18,606.8599853515625
2000-04-19,601.7000122070312
2000-04-20,604.6300048828125
2000-04-24,603.3499755859375
2000-04-25,613.0499877929688
2000-04-26,609.4299926757812
2000-04-27,611.8300170898438
2000-04-28,610.0999755859375
2000-05-01,613.2999877929688
2000-05-02,608.969970703125
2000-05-03,600.7100219726562
2000-05-04,599.6400146484375
2000-05-05,608.1500244140625
2000-05-08,606.6900024414062
2000-05-09,603.3200073242188
2000-05-10,594.489990234375
2000-05-11,603.97998046875
2000-05-12,609.1199951171875
2000-05-15,618.3599853515625
2000-05-16,621.7000122070312
2000-05-17,619.260009765625
2000-05-18,619.0900268554688
2000-05-19,607.280029296875
2000-05-22,606.5700073242188
2000-05-23,600.0599975585938
2000-05-24,607.8699951171875
2000-05-25,603.0
2000-05-26,602.989990234375
2000-05-30,614.7999877929688
2000-05-31,615.5399780273438
2000-06-01,621.0700073242188
2000-06-02,623.47998046875
2000-06-05,622.27001953125
2000-06-06,622.1500244140625
2000-06-07,623.9500122070312
2000-06-08,623.5999755859375
2000-06-09,623.22998046875
2000-06-12,623.3699951171875
2000-06-13,626.030029296875
2000-06-14,626.2100219726562
2000-06-15,627.2899780273438
2000-06-16,622.719970703125
2000-06-19,627.8699951171875
2000-06-20,625.969970703125
2000-06-21,627.7100219726562
2000-06-22,621.5499877929688
2000-06-23,619.1799926757812
2000-06-26,623.2899780273438
2000-06-27,622.280029296875
2000-06-28,625.510009765625
2000-06-29,623.2100219726562
2000-06-30,627.22998046875
2000-07-03,629.7899780273438
2000-07-05,624.77001953125
2000-07-06,628.030029296875
2000-07-07,634.02001953125
2000-07-10,633.760009765625
2000-07-11,635.5
2000-07-12,637.8400268554688
2000-07-13,638.3900146484375
2000-07-14,640.989990234375
2000-07-17,641.1500244140625
2000-07-18,639.9600219726562
2000-07-19,639.6199951171875
2000-07-20,642.0999755859375
2000-07-21,638.3200073242188
2000-07-24,635.1599731445312
2000-07-25,638.260009765625
2000-07-26,631.8699951171875
2000-07-27,632.3400268554688
2000-07-28,622.3099975585938
2000-07-31,626.6300048828125
2000-08-01,629.77001953125
2000-08-02,629.9199829101562
2000-08-03,635.1199951171875
2000-08-04,639.1799926757812
2000-08-07,643.6500244140625
2000-08-08,645.0700073242188
2000-08-09,643.1199951171875
2000-08-10,640.1799926757812
2000-08-11,644.5499877929688
2000-08-14,650.1699829101562
2000-08-15,649.010009765625
2000-08-16,649.0599975585938
2000-08-17,653.510009765625
2000-08-18,652.2100219726562
2000-08-21,654.5499877929688
2000-08-22,654.4500122070312
2000-08-23,656.5399780273438
2000-08-24,657.1500244140625
2000-08-25,657.489990234375
2000-08-28,659.3400268554688
2000-08-29,659.1699829101562
2000-08-30,658.3400268554688
2000-08-31,661.3699951171875
2000-09-01,661.72998046875
2000-09-05,659.8599853515625
2000-09-06,657.2999877929688
2000-09-07,660.6300048828125
2000-09-08,660.6900024414062
2000-09-11,659.9199829101562
2000-09-12,658.2999877929688
2000-09-13,660.0499877929688
2000-09-14,659.1599731445312
2000-09-15,654.27001953125
2000-09-18,648.5700073242188
2000-09-19,653.5
2000-09-20,651.7000122070312
2000-09-21,650.6699829101562
2000-09-22,650.8099975585938
2000-09-25,648.4400024414062
2000-09-26,645.1099853515625
2000-09-27,645.8200073242188
2000-09-28,655.8300170898438
2000-09-29,649.7999877929688
2000-10-02,650.3499755859375
2000-10-03,647.4299926757812
2000-10-04,650.3900146484375
2000-10-05,651.6500244140625
2000-10-06,641.4199829101562
2000-10-09,638.6900024414062
2000-10-10,632.1199951171875
2000-10-11,622.0800170898438
2000-10-12,606.1199951171875
2000-10-13,626.5
2000-10-16,626.739990234375
2000-10-17,615.5499877929688
2000-10-18,612.0399780273438
2000-10-19,633.3099975585938
2000-10-20,635.8699951171875
2000-10-23,635.6599731445312
2000-10-24,636.4099731445312
2000-10-25,627.969970703125
2000-10-26,627.8499755859375
2000-10-27,632.5
2000-10-30,638.1400146484375
2000-10-31,645.1900024414062
2000-11-01,643.7100219726562
2000-11-02,645.1500244140625
2000-11-03,645.8599853515625
2000-11-06,646.9199829101562
2000-11-07,647.3200073242188
2000-11-08,645.0700073242188
2000-11-09,642.6599731445312
2000-11-10,633.7999877929688
2000-11-13,629.219970703125
2000-11-14,642.260009765625
2000-11-15,646.47998046875
2000-11-16,640.6300048828125
2000-11-17,637.9400024414062
2000-11-20,632.0900268554688
2000-11-21,634.52001953125
2000-11-22,627.0399780273438
2000-11-24,634.0800170898438
2000-11-27,636.0900268554688
2000-11-28,633.1599731445312
2000-11-29,635.3400268554688
2000-11-30,626.489990234375
2000-12-01,627.2899780273438
2000-12-04,631.5999755859375
2000-12-05,647.6400146484375
2000-12-06,641.97998046875
2000-12-07,639.9400024414062
2000-12-08,648.260009765625
2000-12-11,650.7000122070312
2000-12-12,649.010009765625
2000-12-13,649.780029296875
2000-12-14,643.0
2000-12-15,629.4299926757812
2000-12-18,632.2000122070312
2000-12-19,629.489990234375
2000-12-20,614.9400024414062
2000-12-21,619.5999755859375
2000-12-22,629.7100219726562
2000-12-26,631.9199829101562
2000-12-27,635.8800048828125
2000-12-28,638.8800048828125
2000-12-29,636.8099975585938
2001-01-02,626.5700073242188
2001-01-03,643.02001953125
2001-01-04,641.5700073242188
2001-01-05,632.8200073242188
2001-01-08,633.5399780273438
2001-01-09,636.6500244140625
2001-01-10,641.2000122070312
2001-01-11,645.72998046875
2001-01-12,644.6199951171875
2001-01-16,649.0999755859375
2001-01-17,651.030029296875
2001-01-18,654.5499877929688
2001-01-19,649.25
2001-01-22,650.1699829101562
2001-01-23,655.72998046875
2001-01-24,655.9400024414062
2001-01-25,654.4099731445312
2001-01-26,654.8099975585938
2001-01-29,657.4099731445312
2001-01-30,658.989990234375
2001-01-31,659.1199951171875
2001-02-01,661.7100219726562
2001-02-02,657.5800170898438
2001-02-05,658.97998046875
2001-02-06,659.4099731445312
2001-02-07,657.6400146484375
2001-02-08,655.7100219726562
2001-02-09,649.3900146484375
2001-02-12,656.22998046875
2001-02-13,652.2100219726562
2001-02-14,651.1400146484375
2001-02-15,656.5800170898438
2001-02-16,644.1500244140625
2001-02-20,636.9299926757812
2001-02-21,627.9600219726562
2001-02-22,626.780029296875
2001-02-23,623.969970703125
2001-02-26,633.969970703125
2001-02-27,629.7899780273438
2001-02-28,621.9500122070312
2001-03-01,622.760009765625
2001-03-02,619.6699829101562
2001-03-05,623.52001953125
2001-03-06,629.6799926757812
2001-03-07,633.969970703125
2001-03-08,635.3499755859375
2001-03-09,619.9400024414062
2001-03-12,593.22998046875
2001-03-13,602.2100219726562
2001-03-14,586.6400146484375
2001-03-15,590.1500244140625
2001-03-16,579.0
2001-03-19,584.3499755859375
2001-03-20,578.0800170898438
2001-03-21,571.6699829101562
2001-03-22,570.25
2001-03-23,577.8300170898438
2001-03-26,582.3599853515625
2001-03-27,590.47998046875
2001-03-28,584.4000244140625
2001-03-29,582.780029296875
2001-03-30,586.97998046875
2001-04-02,583.52001953125
2001-04-03,569.5999755859375
2001-04-04,568.719970703125
2001-04-05,586.5399780273438
2001-04-06,579.6799926757812
2001-04-09,583.1500244140625
2001-04-10,593.0599975585938
2001-04-11,594.4000244140625
2001-04-12,599.1099853515625
2001-04-16,599.3599853515625
2001-04-17,601.2999877929688
2001-04-18,602.1900024414062
2001-04-19,603.0499877929688
2001-04-20,600.010009765625
2001-04-23,594.6500244140625
2001-04-24,589.8900146484375
2001-04-25,596.4500122070312
2001-04-26,598.9400024414062
2001-04-27,605.27001953125
2001-04-30,604.3200073242188
2001-05-01,608.8099975585938
2001-05-02,609.5
2001-05-03,605.5999755859375
2001-05-04,610.030029296875
2001-05-07,610.0900268554688
2001-05-08,610.6799926757812
2001-05-09,610.3099975585938
2001-05-10,610.219970703125
2001-05-11,609.2100219726562
2001-05-14,611.030029296875
2001-05-15,611.989990234375
2001-05-16,617.6699829101562
2001-05-17,617.530029296875
2001-05-18,618.8599853515625
2001-05-21,623.2000122070312
2001-05-22,622.8900146484375
2001-05-23,619.1699829101562
2001-05-24,621.7000122070312
2001-05-25,618.3499755859375
2001-05-29,615.8099975585938
2001-05-30,609.2899780273438
2001-05-31,612.5900268554688
2001-06-01,615.0700073242188
2001-06-04,618.0
2001-06-05,623.7999877929688
2001-06-06,620.2000122070312
2001-06-07,623.0999755859375
2001-06-08,619.030029296875
2001-06-11,614.8499755859375
2001-06-12,615.72998046875
2001-06-13,609.0499877929688
2001-06-14,598.5900268554688
2001-06-15,596.0499877929688
2001-06-18,595.2999877929688
2001-06-19,597.1400146484375
2001-06-20,600.1799926757812
2001-06-21,605.1900024414062
2001-06-22,602.530029296875
2001-06-25,600.9500122070312
2001-06-26,600.780029296875
2001-06-27,599.5800170898438
2001-06-28,604.1900024414062
2001-06-29,603.2999877929688
2001-07-02,608.02001953125
2001-07-03,607.030029296875
2001-07-05,604.8099975585938
2001-07-06,595.52001953125
2001-07-09,599.010009765625
2001-07-10,592.1300048828125
2001-07-11,591.77001953125
2001-07-12,603.469970703125
2001-07-13,607.0599975585938
2001-07-16,602.5700073242188
2001-07-17,607.6699829101562
2001-07-18,605.7100219726562
2001-07-19,610.280029296875
2001-07-20,608.6300048828125
2001-07-23,603.0900268554688
2001-07-24,595.9000244140625
2001-07-25,603.5399780273438
2001-07-26,608.0700073242188
2001-07-27,609.8499755859375
2001-07-30,609.969970703125
2001-07-31,613.0
2001-08-01,614.8200073242188
2001-08-02,616.7899780273438
2001-08-03,615.3900146484375
2001-08-06,611.0399780273438
2001-08-07,613.1500244140625
2001-08-08,604.8200073242188
2001-08-09,605.239990234375
2001-08-10,608.6400146484375
2001-08-13,609.489990234375
2001-08-14,607.4600219726562
2001-08-15,603.260009765625
2001-08-16,605.2100219726562
2001-08-17,594.47998046875
2001-08-20,598.1699829101562
2001-08-21,595.27001953125
2001-08-22,597.5900268554688
2001-08-23,597.7000122070312
2001-08-24,603.6500244140625
2001-08-27,603.219970703125
2001-08-28,598.7999877929688
2001-08-29,595.0399780273438
2001-08-30,587.9400024414062
2001-08-31,589.5999755859375
2001-09-04,590.219970703125
2001-09-05,589.969970703125
2001-09-06,578.77001953125
2001-09-07,568.8099975585938
2001-09-10,572.280029296875
2001-09-17,544.8900146484375
2001-09-18,541.7000122070312
2001-09-19,533.0499877929688
2001-09-20,516.4400024414062
2001-09-21,508.4599914550781
2001-09-24,519.5800170898438
2001-09-25,521.6300048828125
2001-09-26,521.5700073242188
2001-09-27,524.0900268554688
2001-09-28,527.6300048828125
2001-10-01,528.4500122070312
2001-10-02,529.4299926757812
2001-10-03,530.1300048828125
2001-10-04,529.8300170898438
2001-10-05,530.5399780273438
2001-10-08,529.8499755859375
2001-10-09,530.1099853515625
2001-10-10,531.6400146484375
2001-10-11,532.0900268554688
2001-10-12,531.989990234375
2001-10-15,532.280029296875
2001-10-16,532.5399780273438
2001-10-17,532.77001953125
2001-10-18,532.469970703125
2001-10-19,533.3099975585938
2001-10-22,538.0399780273438
2001-10-23,537.719970703125
2001-10-24,538.5599975585938
2001-10-25,542.25
2001-10-26,543.5900268554688
2001-10-29,538.7100219726562
2001-10-30,533.989990234375
2001-10-31,534.4500122070312
2001-11-01,541.2000122070312
2001-11-02,542.77001953125
2001-11-05,546.1900024414062
2001-11-06,548.3599853515625
2001-11-07,548.6199951171875
2001-11-08,549.1900024414062
2001-11-09,550.2100219726562
2001-11-12,550.469970703125
2001-11-13,551.4099731445312
2001-11-14,551.8699951171875
2001-11-15,552.0399780273438
2001-11-16,548.4199829101562
2001-11-19,552.4199829101562
2001-11-20,550.469970703125
2001-11-21,549.510009765625
2001-11-23,552.8699951171875
2001-11-26,555.6900024414062
2001-11-27,553.8200073242188
2001-11-28,548.1699829101562
2001-11-29,552.5
2001-11-30,553.1199951171875
2001-12-03,550.260009765625
2001-12-04,555.510009765625
2001-12-05,560.3800048828125
2001-12-06,560.22998046875
2001-12-07,559.219970703125
2001-12-10,555.1500244140625
2001-12-11,555.1699829101562
2001-12-12,555.780029296875
2001-12-13,549.6900024414062
2001-12-14,551.5499877929688
2001-12-17,556.7000122070312
2001-12-18,560.3300170898438
2001-12-19,563.010009765625
2001-12-20,561.1199951171875
2001-12-21,564.0499877929688
2001-12-24,564.5499877929688
2001-12-26,565.9400024414062
2001-12-27,568.8800048828125
2001-12-28,570.0
2001-12-31,567.25
2002-01-02,569.7100219726562
2002-01-03,572.0800170898438
2002-01-04,573.780029296875
2002-01-07,572.739990234375
2002-01-08,572.8300170898438
2002-01-09,572.1699829101562
2002-01-10,572.7899780273438
2002-01-11,571.0499877929688
2002-01-14,569.47998046875
2002-01-15,572.7100219726562
2002-01-16,566.1400146484375
2002-01-17,571.969970703125
2002-01-18,567.1300048828125
2002-01-22,565.2999877929688
2002-01-23,568.8200073242188
2002-01-24,570.4500122070312
2002-01-25,571.280029296875
2002-01-28,571.7999877929688
2002-01-29,560.6900024414062
2002-01-30,566.1099853515625
2002-01-31,572.3400268554688
2002-02-01,570.030029296875
2002-02-04,559.4500122070312
2002-02-05,557.5800170898438
2002-02-06,554.5800170898438
2002-02-07,553.4199829101562
2002-02-08,561.3300170898438
2002-02-11,569.25
2002-02-12,567.4299926757812
2002-02-13,573.0700073242188
2002-02-14,572.489990234375
2002-02-15,567.6799926757812
2002-02-19,560.760009765625
2002-02-20,566.47998046875
2002-02-21,560.219970703125
2002-02-22,564.3099975585938
2002-02-25,571.27001953125
2002-02-26,571.9199829101562
2002-02-27,572.5700073242188
2002-02-28,571.8599853515625
2002-03-01,578.7000122070312
2002-03-04,581.5399780273438
2002-03-05,581.02001953125
2002-03-06,582.8699951171875
2002-03-07,583.1400146484375
2002-03-08,583.7899780273438
2002-03-11,584.2899780273438
2002-03-12,584.469970703125
2002-03-13,584.3200073242188
2002-03-14,584.6699829101562
2002-03-15,587.4299926757812
2002-03-18,587.489990234375
2002-03-19,589.3099975585938
2002-03-20,584.510009765625
2002-03-21,585.3200073242188
2002-03-22,584.2999877929688
2002-03-25,578.47998046875
2002-03-26,581.4299926757812
2002-03-27,583.9500122070312
2002-03-28,585.5499877929688
2002-04-01,585.1400146484375
2002-04-02,581.4500122070312
2002-04-03,576.7999877929688
2002-04-04,577.4199829101562
2002-04-05,576.1599731445312
2002-04-08,577.5499877929688
2002-04-09,574.0700073242188
2002-04-10,580.4299926757812
2002-04-11,566.9500122070312
2002-04-12,570.760009765625
2002-04-15,566.5599975585938
2002-04-16,579.6900024414062
2002-04-17,578.5800170898438
2002-04-18,577.8699951171875
2002-04-19,578.1500244140625
2002-04-22,572.77001953125
2002-04-23,570.6400146484375
2002-04-24,567.8900146484375
2002-04-25,567.5
2002-04-26,560.9299926757812
2002-04-29,555.97998046875
2002-04-30,561.9099731445312
2002-05-01,566.6900024414062
2002-05-02,566.1199951171875
2002-05-03,560.969970703125
2002-05-06,550.6500244140625
2002-05-07,548.9400024414062
2002-05-08,568.739990234375
2002-05-09,561.3599853515625
2002-05-10,552.1599731445312
2002-05-13,562.4400024414062
2002-05-14,574.010009765625
2002-05-15,571.0800170898438
2002-05-16,575.1099853515625
2002-05-17,577.3499755859375
2002-05-20,573.5999755859375
2002-05-21,569.6500244140625
2002-05-22,572.3300170898438
2002-05-23,576.47998046875
2002-05-24,572.4199829101562
2002-05-28,569.3699951171875
2002-05-29,566.9199829101562
2002-05-30,566.1799926757812
2002-05-31,566.1799926757812
2002-06-03,555.4199829101562
2002-06-04,555.3900146484375
2002-06-05,560.3800048828125
2002-06-06,549.9199829101562
2002-06-07,549.239990234375
2002-06-10,550.9600219726562
2002-06-11,541.9500122070312
2002-06-12,545.6500244140625
2002-06-13,539.989990234375
2002-06-14,538.780029296875
2002-06-17,554.27001953125
2002-06-18,554.7999877929688
2002-06-19,545.7000122070312
2002-06-20,538.3800048828125
2002-06-21,532.0599975585938
2002-06-24,533.97998046875
2002-06-25,528.75
2002-06-26,528.52001953125
2002-06-27,534.9400024414062
2002-06-28,535.5999755859375
2002-07-01,528.1099853515625
2002-07-02,518.9000244140625
2002-07-03,521.7999877929688
2002-07-05,537.5800170898438
2002-07-08,533.2100219726562
2002-07-09,522.47998046875
2002-07-10,505.4700012207031
2002-07-11,509.25
2002-07-12,506.2799987792969
2002-07-15,504.32000732421875
2002-07-16,495.0799865722656
2002-07-17,498.07000732421875
2002-07-18,484.6300048828125
2002-07-19,469.67999267578125
2002-07-22,457.94000244140625
2002-07-23,447.95001220703125
2002-07-24,468.6700134277344
2002-07-25,467.4800109863281
2002-07-26,473.9700012207031
2002-07-29,488.510009765625
2002-07-30,488.5899963378906
2002-07-31,490.95001220703125
2002-08-01,485.1000061035156
2002-08-02,478.3399963378906
2002-08-05,467.8999938964844
2002-08-06,478.32000732421875
2002-08-07,485.3800048828125
2002-08-08,491.739990234375
2002-08-09,493.1400146484375
2002-08-12,493.6000061035156
2002-08-13,492.45001220703125
2002-08-14,496.2900085449219
2002-08-15,496.70001220703125
2002-08-16,498.8299865722656
2002-08-19,504.92999267578125
2002-08-20,501.5199890136719
2002-08-21,505.54998779296875
2002-08-22,507.80999755859375
2002-08-23,503.489990234375
2002-08-26,505.8599853515625
2002-08-27,503.1700134277344
2002-08-28,497.5
2002-08-29,497.6700134277344
2002-08-30,498.2699890136719
2002-09-03,482.2099914550781
2002-09-04,490.0799865722656
2002-09-05,483.80999755859375
2002-09-06,491.5
2002-09-09,496.010009765625
2002-09-10,498.8500061035156
2002-09-11,499.79998779296875
2002-09-12,489.7300109863281
2002-09-13,491.8399963378906
2002-09-16,492.8699951171875
2002-09-17,483.3999938964844
2002-09-18,481.20001220703125
2002-09-19,466.7300109863281
2002-09-20,466.4200134277344
2002-09-23,464.239990234375
2002-09-24,460.0799865722656
2002-09-25,467.6300048828125
2002-09-26,472.5299987792969
2002-09-27,465.3399963378906
2002-09-30,461.6700134277344
2002-10-01,472.6000061035156
2002-10-02,466.510009765625
2002-10-03,464.0299987792969
2002-10-04,456.8999938964844
2002-10-07,450.17999267578125
2002-10-08,457.3500061035156
2002-10-09,446.8800048828125
2002-10-10,461.04998779296875
2002-10-11,474.1700134277344
2002-10-14,477.4700012207031
2002-10-15,483.6600036621094
2002-10-16,481.9200134277344
2002-10-17,484.8900146484375
2002-10-18,490.0199890136719
2002-10-21,494.54998779296875
2002-10-22,491.9599914550781
2002-10-23,494.6600036621094
2002-10-24,490.6099853515625
2002-10-25,497.3399963378906
2002-10-28,495.3299865722656
2002-10-29,492.95001220703125
2002-10-30,496.3500061035156
2002-10-31,495.9100036621094
2002-11-01,501.1300048828125
2002-11-04,503.4100036621094
2002-11-05,504.8999938964844
2002-11-06,506.7300109863281
2002-11-07,503.9100036621094
2002-11-08,502.8299865722656
2002-11-11,496.260009765625
2002-11-12,500.5
2002-11-13,501.17999267578125
2002-11-14,510.8800048828125
2002-11-15,514.7899780273438
2002-11-18,512.739990234375
2002-11-19,512.239990234375
2002-11-20,517.5399780273438
2002-11-21,521.6300048828125
2002-11-22,521.5399780273438
2002-11-25,522.6300048828125
2002-11-26,518.8200073242188
2002-11-27,522.6599731445312
2002-11-29,523.0499877929688
2002-12-02,523.6699829101562
2002-12-03,521.219970703125
2002-12-04,520.260009765625
2002-12-05,518.0999755859375
2002-12-06,520.75
2002-12-09,515.5700073242188
2002-12-10,520.72998046875
2002-12-11,521.3300170898438
2002-12-12,521.9400024414062
2002-12-13,518.3400268554688
2002-12-16,525.7100219726562
2002-12-17,524.6500244140625
2002-12-18,521.77001953125
2002-12-19,519.75
2002-12-20,526.239990234375
2002-12-23,527.6900024414062
2002-12-24,526.1500244140625
2002-12-26,526.02001953125
2002-12-27,520.489990234375
2002-12-30,523.0599975585938
2002-12-31,523.9199829101562
2003-01-02,534.8200073242188
2003-01-03,535.4000244140625
2003-01-06,538.8400268554688
2003-01-07,538.4299926757812
2003-01-08,537.1300048828125
2003-01-09,540.219970703125
2003-01-10,540.6699829101562
2003-01-13,540.77001953125
2003-01-14,541.72998046875
2003-01-15,541.4000244140625
2003-01-16,541.6699829101562
2003-01-17,538.719970703125
2003-01-21,534.0900268554688
2003-01-22,530.3900146484375
2003-01-23,534.469970703125
2003-01-24,522.6300048828125
2003-01-27,514.719970703125
2003-01-28,521.5599975585938
2003-01-29,524.780029296875
2003-01-30,515.0700073242188
2003-01-31,521.2100219726562
2003-02-03,524.1699829101562
2003-02-04,517.6400146484375
2003-02-05,515.2000122070312
2003-02-06,512.4600219726562
2003-02-07,507.6499938964844
2003-02-10,511.739990234375
2003-02-11,507.7699890136719
2003-02-12,502.1300048828125
2003-02-13,500.8599853515625
2003-02-14,511.6700134277344
2003-02-18,521.7100219726562
2003-02-19,518.0900268554688
2003-02-20,513.0399780273438
2003-02-21,516.010009765625
2003-02-24,511.8500061035156
2003-02-25,514.0900268554688
2003-02-26,510.8900146484375
2003-02-27,515.2999877929688
2003-02-28,517.030029296875
2003-03-03,515.8099975585938
2003-03-04,510.9700012207031
2003-03-05,514.969970703125
2003-03-06,512.1099853515625
2003-03-07,515.280029296875
2003-03-10,506.4700012207031
2003-03-11,503.32000732421875
2003-03-12,505.5199890136719
2003-03-13,518.8400268554688
2003-03-14,520.3499755859375
2003-03-17,527.8099975585938
2003-03-18,529.530029296875
2003-03-19,530.8400268554688
2003-03-20,531.280029296875
2003-03-21,531.5999755859375
2003-03-24,521.6900024414062
2003-03-25,526.7000122070312
2003-03-26,525.5599975585938
2003-03-27,525.3499755859375
2003-03-28,523.739990234375
2003-03-31,517.2000122070312
2003-04-01,522.6400146484375
2003-04-02,531.6500244140625
2003-04-03,530.6500244140625
2003-04-04,531.02001953125
2003-04-07,533.0499877929688
2003-04-08,533.7999877929688
2003-04-09,529.0700073242188
2003-04-10,532.530029296875
2003-04-11,531.9500122070312
2003-04-14,540.3499755859375
2003-04-15,543.3300170898438
2003-04-16,540.3300170898438
2003-04-17,545.75
2003-04-21,545.6699829101562
2003-04-22,550.469970703125
2003-04-23,552.260009765625
2003-04-24,551.3900146484375
2003-04-25,549.0700073242188
2003-04-28,552.4199829101562
2003-04-29,553.3900146484375
2003-04-30,554.3200073242188
2003-05-01,553.77001953125
2003-05-02,555.6400146484375
2003-05-05,555.739990234375
2003-05-06,556.22998046875
2003-05-07,556.4000244140625
2003-05-08,556.1300048828125
2003-05-09,557.22998046875
2003-05-12,557.4299926757812
2003-05-13,557.5700073242188
2003-05-14,557.9099731445312
2003-05-15,557.7899780273438
2003-05-16,557.47998046875
2003-05-19,548.8900146484375
2003-05-20,548.3300170898438
2003-05-21,550.0900268554688
2003-05-22,554.0999755859375
2003-05-23,555.3400268554688
2003-05-27,560.7999877929688
2003-05-28,561.3599853515625
2003-05-29,560.8699951171875
2003-05-30,563.760009765625
2003-06-02,564.8099975585938
2003-06-03,565.4500122070312
2003-06-04,567.5399780273438
2003-06-05,568.0
2003-06-06,568.22998046875
2003-06-09,567.5
2003-06-10,568.6599731445312
2003-06-11,569.4299926757812
2003-06-12,569.3499755859375
2003-06-13,569.5999755859375
2003-06-16,570.1300048828125
2003-06-17,570.3900146484375
2003-06-18,570.4400024414062
2003-06-19,570.510009765625
2003-06-20,567.7899780273438
2003-06-23,562.5999755859375
2003-06-24,563.1199951171875
2003-06-25,559.9500122070312
2003-06-26,565.260009765625
2003-06-27,561.8099975585938
2003-06-30,561.3099975585938
2003-07-01,565.22998046875
2003-07-02,569.72998046875
2003-07-03,566.719970703125
2003-07-07,574.1099853515625
2003-07-08,575.719970703125
2003-07-09,574.6099853515625
2003-07-10,569.9500122070312
2003-07-11,574.5599975585938
2003-07-14,577.0499877929688
2003-07-15,576.510009765625
2003-07-16,574.5599975585938
2003-07-17,568.4500122070312
2003-07-18,573.25
2003-07-21,569.0
2003-07-22,572.2999877929688
2003-07-23,573.1900024414062
2003-07-24,570.97998046875
2003-07-25,576.4500122070312
2003-07-28,576.0
2003-07-29,574.530029296875
2003-07-30,574.27001953125
2003-07-31,575.1500244140625
2003-08-01,571.5599975585938
2003-08-04,573.3200073242188
2003-08-05,566.3300170898438
2003-08-06,568.0
2003-08-07,571.8499755859375
2003-08-08,573.9299926757812
2003-08-11,575.719970703125
2003-08-12,579.9500122070312
2003-08-13,578.8599853515625
2003-08-14,582.47998046875
2003-08-15,584.2899780273438
2003-08-18,587.3300170898438
2003-08-19,588.0800170898438
2003-08-20,587.9600219726562
2003-08-21,588.6900024414062
2003-08-22,586.1400146484375
2003-08-25,586.7100219726562
2003-08-26,587.6900024414062
2003-08-27,588.3400268554688
2003-08-28,590.3300170898438
2003-08-29,591.6300048828125
2003-09-02,594.1099853515625
2003-09-03,594.9299926757812
2003-09-04,595.7000122070312
2003-09-05,595.9500122070312
2003-09-08,596.760009765625
2003-09-09,596.0
2003-09-10,594.8900146484375
2003-09-11,596.27001953125
2003-09-12,596.9199829101562
2003-09-15,597.0399780273438
2003-09-16,598.25
2003-09-17,598.1500244140625
2003-09-18,598.1500244140625
2003-09-19,595.469970703125
2003-09-22,590.9600219726562
2003-09-23,593.3300170898438
2003-09-24,585.6400146484375
2003-09-25,582.9400024414062
2003-09-26,580.3800048828125
2003-09-29,585.7000122070312
2003-09-30,580.5800170898438
2003-10-01,591.219970703125
2003-10-02,592.1799926757812
2003-10-03,596.3699951171875
2003-10-06,598.7100219726562
2003-10-07,600.2899780273438
2003-10-08,599.0999755859375
2003-10-09,601.239990234375
2003-10-10,601.510009765625
2003-10-13,603.9299926757812
2003-10-14,605.0599975585938
2003-10-15,605.6400146484375
2003-10-16,606.2999877929688
2003-10-17,600.010009765625
2003-10-20,602.6900024414062
2003-10-21,603.47998046875
2003-10-22,598.0999755859375
2003-10-23,599.8200073242188
2003-10-24,598.2000122070312
2003-10-27,599.6199951171875
2003-10-28,605.1199951171875
2003-10-29,605.8599853515625
2003-10-30,605.9500122070312
2003-10-31,607.4600219726562
2003-11-03,609.22998046875
2003-11-04,608.22998046875
2003-11-05,607.8800048828125
2003-11-06,609.719970703125
2003-11-07,609.010009765625
2003-11-10,608.3200073242188
2003-11-11,608.6199951171875
2003-11-12,612.0
2003-11-13,612.1799926757812
2003-11-14,608.1099853515625
2003-11-17,609.8099975585938
2003-11-18,606.010009765625
2003-11-19,611.0599975585938
2003-11-20,607.760009765625
2003-11-21,608.0900268554688
2003-11-24,613.5700073242188
2003-11-25,613.8800048828125
2003-11-26,615.4600219726562
2003-11-28,614.8099975585938
2003-12-01,617.030029296875
2003-12-02,616.9199829101562
2003-12-03,616.5700073242188
2003-12-04,617.2000122070312
2003-12-05,616.47998046875
2003-12-08,618.52001953125
2003-12-09,617.7000122070312
2003-12-10,617.97998046875
2003-12-11,618.5700073242188
2003-12-12,619.0700073242188
2003-12-15,618.969970703125
2003-12-16,619.3900146484375
2003-12-17,619.72998046875
2003-12-18,619.77001953125
2003-12-19,618.9000244140625
2003-12-22,619.0399780273438
2003-12-23,620.6599731445312
2003-12-24,619.8400268554688
2003-12-26,620.3599853515625
2003-12-29,624.2899780273438
2003-12-30,624.1699829101562
2003-12-31,625.3800048828125
2004-01-02,624.3099975585938
2004-01-05,627.3300170898438
2004-01-06,627.7899780273438
2004-01-07,628.3900146484375
2004-01-08,629.5599975585938
2004-01-09,627.9199829101562
2004-01-12,628.6699829101562
2004-01-13,628.6900024414062
2004-01-14,629.6300048828125
2004-01-15,629.3699951171875
2004-01-16,628.27001953125
2004-01-20,628.2999877929688
2004-01-21,631.0999755859375
2004-01-22,630.1699829101562
2004-01-23,630.1599731445312
2004-01-26,633.219970703125
2004-01-27,631.0499877929688
2004-01-28,625.97998046875
2004-01-29,628.4299926757812
2004-01-30,628.4299926757812
2004-02-02,629.5900268554688
2004-02-03,630.0499877929688
2004-02-04,627.2000122070312
2004-02-05,628.239990234375
2004-02-06,633.280029296875
2004-02-09,633.4299926757812
2004-02-10,635.0599975585938
2004-02-11,636.8099975585938
2004-02-12,636.3699951171875
2004-02-13,635.6300048828125
2004-02-17,637.6799926757812
2004-02-18,637.72998046875
2004-02-19,637.760009765625
2004-02-20,633.5700073242188
2004-02-23,633.4600219726562
2004-02-24,633.2100219726562
2004-02-25,635.1699829101562
2004-02-26,635.969970703125
2004-02-27,636.5
2004-03-01,639.4099731445312
2004-03-02,638.0
2004-03-03,638.780029296875
2004-03-04,638.780029296875
2004-03-05,640.3099975585938
2004-03-08,638.8599853515625
2004-03-09,636.719970703125
2004-03-10,629.9299926757812
2004-03-11,621.5599975585938
2004-03-12,629.8400268554688
2004-03-15,621.22998046875
2004-03-16,624.8400268554688
2004-03-17,632.3800048828125
2004-03-18,631.6199951171875
2004-03-19,625.4600219726562
2004-03-22,621.010009765625
2004-03-23,621.0700073242188
2004-03-24,620.4000244140625
2004-03-25,628.9199829101562
2004-03-26,628.75
2004-03-29,634.25
2004-03-30,635.7999877929688
2004-03-31,635.5800170898438
2004-04-01,637.02001953125
2004-04-02,639.989990234375
2004-04-05,641.6099853515625
2004-04-06,641.6599731445312
2004-04-07,640.1699829101562
2004-04-08,640.75
2004-04-12,642.010009765625
2004-04-13,639.8699951171875
2004-04-14,641.3699951171875
2004-04-15,642.5800170898438
2004-04-16,642.4299926757812
2004-04-19,643.5599975585938
2004-04-20,637.0399780273438
2004-04-21,639.7999877929688
2004-04-22,645.3099975585938
2004-04-23,646.3200073242188
2004-04-26,644.9000244140625
2004-04-27,645.4600219726562
2004-04-28,640.2100219726562
2004-04-29,636.8099975585938
2004-04-30,634.0
2004-05-03,639.2100219726562
2004-05-04,640.25
2004-05-05,641.5900268554688
2004-05-06,638.010009765625
2004-05-07,630.5999755859375
2004-05-10,624.4299926757812
2004-05-11,629.3599853515625
2004-05-12,630.5700073242188
2004-05-13,630.27001953125
2004-05-14,629.9500122070312
2004-05-17,623.4400024414062
2004-05-18,627.7999877929688
2004-05-19,626.280029296875
2004-05-20,626.5999755859375
2004-05-21,629.6300048828125
2004-05-24,631.3099975585938
2004-05-25,636.510009765625
2004-05-26,637.0700073242188
2004-05-27,638.9000244140625
2004-05-28,638.8099975585938
2004-06-01,639.1699829101562
2004-06-02,639.8200073242188
2004-06-03,638.9199829101562
2004-06-04,640.2100219726562
2004-06-07,642.5
2004-06-08,642.6900024414062
2004-06-09,642.4299926757812
2004-06-10,642.9099731445312
2004-06-14,642.6699829101562
2004-06-15,642.7100219726562
2004-06-16,643.4600219726562
2004-06-17,644.010009765625
2004-06-18,647.3900146484375
2004-06-21,646.2999877929688
2004-06-22,648.0499877929688
2004-06-23,651.0499877929688
2004-06-24,650.030029296875
2004-06-25,647.2999877929688
2004-06-28,598.27001953125
2004-06-29,649.4500122070312
2004-06-30,651.8900146484375
2004-07-01,648.1199951171875
2004-07-02,647.1300048828125
2004-07-06,643.25
2004-07-07,644.8400268554688
2004-07-08,640.1300048828125
2004-07-09,642.3599853515625
2004-07-12,643.4000244140625
2004-07-13,643.8699951171875
2004-07-14,641.8599853515625
2004-07-15,639.1900024414062
2004-07-16,637.5700073242188
2004-07-19,637.9600219726562
2004-07-20,641.1099853515625
2004-07-21,635.3400268554688
2004-07-22,637.3200073242188
2004-07-23,633.0800170898438
2004-07-26,632.3300170898438
2004-07-27,637.260009765625
2004-07-28,637.780029296875
2004-07-29,640.2000122070312
2004-07-30,641.0800170898438
2004-08-02,643.219970703125
2004-08-03,640.8900146484375
2004-08-04,640.8900146484375
2004-08-05,632.47998046875
2004-08-06,623.739990234375
2004-08-09,624.6500244140625
2004-08-10,632.6799926757812
2004-08-11,631.1599731445312
2004-08-12,623.9500122070312
2004-08-13,624.9600219726562
2004-08-16,633.5599975585938
2004-08-17,635.02001953125
2004-08-18,642.8800048828125
2004-08-19,640.8499755859375
2004-08-20,640.8499755859375
2004-08-23,643.489990234375
2004-08-24,644.52001953125
2004-08-25,646.9500122070312
2004-08-26,646.8800048828125
2004-08-27,647.719970703125
2004-08-30,643.5999755859375
2004-08-31,647.4299926757812
2004-09-01,647.4299926757812
2004-09-02,650.6599731445312
2004-09-03,650.4400024414062
2004-09-07,651.8800048828125
2004-09-08,651.7999877929688
2004-09-09,652.530029296875
2004-09-10,653.0399780273438
2004-09-13,652.989990234375
2004-09-14,653.0599975585938
2004-09-15,653.010009765625
2004-09-16,654.0900268554688
2004-09-17,654.0900268554688
2004-09-20,652.9600219726562
2004-09-21,655.6400146484375
2004-09-22,650.22998046875
2004-09-23,648.3099975585938
2004-09-24,649.47998046875
2004-09-27,646.6799926757812
2004-09-28,650.3499755859375
2004-09-29,652.9000244140625
2004-09-30,652.6900024414062
2004-10-01,658.8099975585938
2004-10-04,659.8099975585938
2004-10-05,659.760009765625
2004-10-06,661.8400268554688
2004-10-07,659.3499755859375
2004-10-08,657.4500122070312
2004-10-11,659.0999755859375
2004-10-12,658.3800048828125
2004-10-13,654.530029296875
2004-10-14,648.5900268554688
2004-10-15,637.1799926757812
2004-10-18,653.530029296875
2004-10-19,650.3400268554688
2004-10-20,650.8800048828125
2004-10-21,652.280029296875
2004-10-22,648.489990234375
2004-10-25,647.989990234375
2004-10-26,653.719970703125
2004-10-27,657.1199951171875
2004-10-28,658.1300048828125
2004-10-29,658.6500244140625
2004-11-01,658.5399780273438
2004-11-02,658.760009765625
2004-11-03,661.8099975585938
2004-11-04,663.02001953125
2004-11-05,662.9099731445312
2004-11-08,662.989990234375
2004-11-09,663.0800170898438
2004-11-10,663.1699829101562
2004-11-11,663.3300170898438
2004-11-12,664.0499877929688
2004-11-15,663.9099731445312
2004-11-16,664.1599731445312
2004-11-17,664.52001953125
2004-11-18,664.1199951171875
2004-11-19,657.22998046875
2004-11-22,659.9400024414062
2004-11-23,660.1900024414062
2004-11-24,661.5499877929688
2004-11-26,662.3599853515625
2004-11-29,661.7999877929688
2004-11-30,660.3599853515625
2004-12-01,664.719970703125
2004-12-02,664.6799926757812
2004-12-03,665.2999877929688
2004-12-06,665.2999877929688
2004-12-07,665.2999877929688
2004-12-08,665.0
2004-12-09,666.27001953125
2004-12-10,666.8200073242188
2004-12-13,667.8400268554688
2004-12-14,667.6699829101562
2004-12-15,668.3499755859375
2004-12-16,668.6900024414062
2004-12-17,668.6900024414062
2004-12-20,671.4600219726562
2004-12-21,674.9299926757812
2004-12-22,675.6799926757812
2004-12-23,676.22998046875
2004-12-27,675.1400146484375
2004-12-28,677.6599731445312
2004-12-29,677.4099731445312
2004-12-30,677.6199951171875
2004-12-31,677.260009765625
2005-01-03,675.3599853515625
2005-01-04,671.2899780273438
2005-01-05,670.0700073242188
2005-01-06,672.27001953125
2005-01-07,671.989990234375
2005-01-10,674.1400146484375
2005-01-11,671.3900146484375
2005-01-12,673.9500122070312
2005-01-13,669.4299926757812
2005-01-14,673.3300170898438
2005-01-18,678.8200073242188
2005-01-19,673.97998046875
2005-01-20,668.9199829101562
2005-01-21,666.6099853515625
2005-01-24,665.4500122070312
2005-01-25,667.7899780273438
2005-01-26,670.3499755859375
2005-01-27,671.1199951171875
2005-01-28,670.02001953125
2005-01-31,673.8900146484375
2005-02-01,676.280029296875
2005-02-02,676.9299926757812
2005-02-03,676.8499755859375
2005-02-04,679.0700073242188
2005-02-07,678.969970703125
2005-02-08,679.3599853515625
2005-02-09,678.969970703125
2005-02-10,679.25
2005-02-11,679.739990234375
2005-02-14,680.239990234375
2005-02-15,680.52001953125
2005-02-16,680.52001953125
2005-02-17,680.6599731445312
2005-02-18,680.280029296875
2005-02-22,673.510009765625
2005-02-23,676.75
2005-02-24,680.8599853515625
2005-02-25,683.6099853515625
2005-02-28,681.9500122070312
2005-03-01,683.739990234375
2005-03-02,683.760009765625
2005-03-03,684.1599731445312
2005-03-04,686.739990234375
2005-03-07,687.3599853515625
2005-03-08,687.219970703125
2005-03-09,684.8200073242188
2005-03-10,686.2999877929688
2005-03-11,683.760009765625
2005-03-14,686.7000122070312
2005-03-15,683.9000244140625
2005-03-16,679.7000122070312
2005-03-17,681.030029296875
2005-03-18,680.3699951171875
2005-03-21,678.7100219726562
2005-03-22,674.6900024414062
2005-03-23,675.6699829101562
2005-03-24,675.2899780273438
2005-03-28,676.97998046875
2005-03-29,673.1900024414062
2005-03-30,680.4299926757812
2005-03-31,679.9299926757812
2005-04-01,677.25
2005-04-04,679.0399780273438
2005-04-05,681.8400268554688
2005-04-06,683.1699829101562
2005-04-07,685.8900146484375
2005-04-08,682.9099731445312
2005-04-11,683.489990234375
2005-04-12,686.72998046875
2005-04-13,680.47998046875
2005-04-14,673.8599853515625
2005-04-15,664.2899780273438
2005-04-18,666.4400024414062
2005-04-19,669.9600219726562
2005-04-20,663.0999755859375
2005-04-21,673.5999755859375
2005-04-22,670.1799926757812
2005-04-25,674.8300170898438
2005-04-26,670.9000244140625
2005-04-27,673.0999755859375
2005-04-28,667.219970703125
2005-04-29,673.75
2005-05-02,675.97998046875
2005-05-03,675.8400268554688
2005-05-04,681.239990234375
2005-05-05,680.489990234375
2005-05-06,680.75
2005-05-09,683.1599731445312
2005-05-10,679.530029296875
2005-05-11,682.1400146484375
2005-05-12,677.8099975585938
2005-05-13,677.8099975585938
2005-05-16,681.8300170898438
2005-05-17,685.0399780273438
2005-05-18,686.8200073242188
2005-05-19,687.5399780273438
2005-05-20,684.8900146484375
2005-05-23,686.8400268554688
2005-05-24,687.22998046875
2005-05-25,686.5
2005-05-26,688.47998046875
2005-05-27,689.239990234375
2005-05-31,687.3900146484375
2005-06-01,690.5399780273438
2005-06-02,691.4000244140625
2005-06-03,689.8499755859375
2005-06-06,690.75
2005-06-07,690.530029296875
2005-06-08,690.4199829101562
2005-06-09,692.2000122070312
2005-06-10,692.9600219726562
2005-06-13,693.3499755859375
2005-06-14,693.469970703125
2005-06-15,694.5399780273438
2005-06-16,694.9099731445312
2005-06-17,690.7899780273438
2005-06-20,690.8699951171875
2005-06-21,690.5999755859375
2005-06-22,690.77001953125
2005-06-23,685.9000244140625
2005-06-24,682.02001953125
2005-06-27,681.739990234375
2005-06-28,687.4199829101562
2005-06-29,686.8800048828125
2005-06-30,682.8099975585938
2005-07-01,684.6799926757812
2005-07-05,684.6799926757812
2005-07-06,685.1300048828125
2005-07-07,686.8699951171875
2005-07-08,693.8200073242188
2005-07-11,696.9000244140625
2005-07-12,697.9199829101562
2005-07-13,699.1099853515625
2005-07-14,699.8300170898438
2005-07-15,700.0900268554688
2005-07-18,698.3300170898438
2005-07-19,701.030029296875
2005-07-20,702.9500122070312
2005-07-21,700.75
2005-07-22,702.6799926757812
2005-07-25,701.719970703125
2005-07-26,702.3200073242188
2005-07-27,704.3099975585938
2005-07-28,705.3699951171875
2005-07-29,703.280029296875
2005-08-01,704.3099975585938
2005-08-02,712.739990234375
2005-08-03,706.1300048828125
2005-08-04,704.9400024414062
2005-08-05,703.030029296875
2005-08-08,702.6500244140625
2005-08-09,705.3699951171875
2005-08-10,705.239990234375
2005-08-11,707.4299926757812
2005-08-12,706.530029296875
2005-08-15,707.77001953125
2005-08-16,704.22998046875
2005-08-17,705.5499877929688
2005-08-18,705.6500244140625
2005-08-19,707.1199951171875
2005-08-22,708.5999755859375
2005-08-23,707.469970703125
2005-08-24,704.7899780273438
2005-08-25,706.3400268554688
2005-08-26,703.760009765625
2005-08-29,707.239990234375
2005-08-30,705.989990234375
2005-08-31,710.8699951171875
2005-09-01,711.1400146484375
2005-09-02,710.2100219726562
2005-09-06,715.0599975585938
2005-09-07,716.5700073242188
2005-09-08,715.8300170898438
2005-09-09,717.5999755859375
2005-09-12,718.030029296875
2005-09-13,717.3099975585938
2005-09-14,717.3599853515625
2005-09-15,718.1699829101562
2005-09-16,720.4000244140625
2005-09-19,718.6900024414062
2005-09-20,715.5800170898438
2005-09-21,711.260009765625
2005-09-22,713.3800048828125
2005-09-23,714.0999755859375
2005-09-26,714.8300170898438
2005-09-27,715.1199951171875
2005-09-28,715.77001953125
2005-09-29,719.989990234375
2005-09-30,720.9600219726562
2005-10-03,720.280029296875
2005-10-04,715.5800170898438
2005-10-05,706.75
2005-10-06,704.0800170898438
2005-10-07,706.760009765625
2005-10-10,701.9600219726562
2005-10-11,700.6099853515625
2005-10-12,696.530029296875
2005-10-13,696.0499877929688
2005-10-14,701.8200073242188
2005-10-17,703.9400024414062
2005-10-18,696.8900146484375
2005-10-19,707.3599853515625
2005-10-20,696.7899780273438
2005-10-21,697.3900146484375
2005-10-24,703.2899780273438
2005-10-25,702.6699829101562
2005-10-26,701.739990234375
2005-10-27,698.0700073242188
2005-10-28,704.510009765625
2005-10-31,706.25
2005-11-01,704.9000244140625
2005-11-02,707.3099975585938
2005-11-03,707.760009765625
2005-11-04,708.2999877929688
2005-11-07,708.6699829101562
2005-11-08,708.9500122070312
2005-11-09,709.3800048828125
2005-11-10,709.4600219726562
2005-11-11,709.8599853515625
2005-11-14,709.5700073242188
2005-11-15,709.8599853515625
2005-11-16,709.9500122070312
2005-11-17,710.6199951171875
2005-11-18,705.3300170898438
2005-11-21,707.0399780273438
2005-11-22,708.5800170898438
2005-11-23,708.6400146484375
2005-11-25,709.5599975585938
2005-11-28,707.6300048828125
2005-11-29,708.3400268554688
2005-11-30,707.280029296875
2005-12-01,709.8900146484375
2005-12-02,710.5800170898438
2005-12-05,710.3300170898438
2005-12-06,711.1500244140625
2005-12-07,710.3599853515625
2005-12-08,710.3499755859375
2005-12-09,711.4099731445312
2005-12-12,712.0399780273438
2005-12-13,712.8400268554688
2005-12-14,713.0599975585938
2005-12-15,713.3699951171875
2005-12-16,710.3900146484375
2005-12-19,708.3800048828125
2005-12-20,708.6300048828125
2005-12-21,709.989990234375
2005-12-22,712.4400024414062
2005-12-23,712.8200073242188
2005-12-27,708.5900268554688
2005-12-28,709.7999877929688
2005-12-29,708.5800170898438
2005-12-30,706.0399780273438
2006-01-03,714.52001953125
2006-01-04,715.9199829101562
2006-01-05,716.3300170898438
2006-01-06,719.6599731445312
2006-01-09,720.280029296875
2006-01-10,720.8800048828125
2006-01-11,721.6099853515625
2006-01-12,720.8400268554688
2006-01-13,721.7000122070312
2006-01-17,721.3099975585938
2006-01-18,721.1900024414062
2006-01-19,723.0700073242188
2006-01-20,711.8400268554688
2006-01-23,713.5999755859375
2006-01-24,715.1699829101562
2006-01-25,714.8599853515625
2006-01-26,718.3800048828125
2006-01-27,721.3200073242188
2006-01-30,721.8200073242188
2006-01-31,720.52001953125
2006-02-01,721.969970703125
2006-02-02,718.47998046875
2006-02-03,716.7100219726562
2006-02-06,717.6799926757812
2006-02-07,713.0700073242188
2006-02-08,718.9099731445312
2006-02-09,718.280029296875
2006-02-10,720.1199951171875
2006-02-13,718.489990234375
2006-02-14,724.4099731445312
2006-02-15,726.8499755859375
2006-02-16,728.8099975585938
2006-02-17,727.8699951171875
2006-02-21,727.0700073242188
2006-02-22,730.1900024414062
2006-02-23,728.9099731445312
2006-02-24,729.97998046875
2006-02-27,731.6699829101562
2006-02-28,727.8699951171875
2006-03-01,731.6599731445312
2006-03-02,731.1300048828125
2006-03-03,730.969970703125
2006-03-06,728.010009765625
2006-03-07,727.4600219726562
2006-03-08,729.3200073242188
2006-03-09,726.5900268554688
2006-03-10,731.0800170898438
2006-03-13,732.9299926757812
2006-03-14,736.6799926757812
2006-03-15,737.5499877929688
2006-03-16,738.030029296875
2006-03-17,736.719970703125
2006-03-20,736.2000122070312
2006-03-21,734.6400146484375
2006-03-22,737.260009765625
2006-03-23,736.6799926757812
2006-03-24,737.27001953125
2006-03-27,736.9299926757812
2006-03-28,734.2899780273438
2006-03-29,738.280029296875
2006-03-30,737.3300170898438
2006-03-31,735.489990234375
2006-04-03,737.22998046875
2006-04-04,740.3699951171875
2006-04-05,742.0599975585938
2006-04-06,741.5700073242188
2006-04-07,737.1799926757812
2006-04-10,738.2100219726562
2006-04-11,734.0599975585938
2006-04-12,735.1799926757812
2006-04-13,736.0399780273438
2006-04-17,734.22998046875
2006-04-18,744.7899780273438
2006-04-19,746.280029296875
2006-04-20,747.6400146484375
2006-04-21,744.3900146484375
2006-04-24,743.760009765625
2006-04-25,741.9400024414062
2006-04-26,743.8400268554688
2006-04-27,745.22998046875
2006-04-28,745.760009765625
2006-05-01,744.1699829101562
2006-05-02,747.219970703125
2006-05-03,745.8300170898438
2006-05-04,747.52001953125
2006-05-05,747.5999755859375
2006-05-08,750.989990234375
2006-05-09,751.6500244140625
2006-05-10,751.6699829101562
2006-05-11,748.3200073242188
2006-05-12,740.8099975585938
2006-05-15,743.0499877929688
2006-05-16,742.0599975585938
2006-05-17,729.9299926757812
2006-05-18,725.1400146484375
2006-05-19,726.7000122070312
2006-05-22,725.72998046875
2006-05-23,724.6400146484375
2006-05-24,725.8900146484375
2006-05-25,732.7000122070312
2006-05-26,732.719970703125
2006-05-30,726.3200073242188
2006-05-31,730.719970703125
2006-06-01,735.030029296875
2006-06-02,735.8800048828125
2006-06-05,730.5499877929688
2006-06-06,730.8499755859375
2006-06-07,729.3300170898438
2006-06-08,730.5
2006-06-09,729.02001953125
2006-06-12,721.739990234375
2006-06-13,715.219970703125
2006-06-14,719.2100219726562
2006-06-15,734.1199951171875
2006-06-16,731.8499755859375
2006-06-19,728.9600219726562
2006-06-20,729.8300170898438
2006-06-21,733.9299926757812
2006-06-22,732.4299926757812
2006-06-23,731.780029296875
2006-06-26,734.8599853515625
2006-06-27,730.739990234375
2006-06-28,733.5700073242188
2006-06-29,741.3200073242188
2006-06-30,740.510009765625
2006-07-03,742.7100219726562
2006-07-05,741.7100219726562
2006-07-06,742.6599731445312
2006-07-07,741.6699829101562
2006-07-10,742.6400146484375
2006-07-11,743.75
2006-07-12,741.4099731445312
2006-07-13,736.0399780273438
2006-07-14,735.510009765625
2006-07-17,735.5900268554688
2006-07-18,736.8699951171875
2006-07-19,745.489990234375
2006-07-20,744.9099731445312
2006-07-21,740.5399780273438
2006-07-24,748.1699829101562
2006-07-25,749.6400146484375
2006-07-26,750.02001953125
2006-07-27,749.3499755859375
2006-07-28,752.6199951171875
2006-07-31,752.510009765625
2006-08-01,751.8200073242188
2006-08-02,753.8300170898438
2006-08-03,754.1400146484375
2006-08-04,754.1699829101562
2006-08-07,754.1199951171875
2006-08-08,754.0599975585938
2006-08-09,754.3099975585938
2006-08-10,755.6400146484375
2006-08-11,755.760009765625
2006-08-14,756.1699829101562
2006-08-15,757.9199829101562
2006-08-16,758.5499877929688
2006-08-17,758.1300048828125
2006-08-18,758.1400146484375
2006-08-21,756.6799926757812
2006-08-22,757.510009765625
2006-08-23,756.469970703125
2006-08-24,757.6799926757812
2006-08-25,757.4299926757812
2006-08-28,759.989990234375
2006-08-29,760.7899780273438
2006-08-30,761.6599731445312
2006-08-31,761.5800170898438
2006-09-01,763.530029296875
2006-09-05,764.1500244140625
2006-09-06,761.8599853515625
2006-09-07,760.75
2006-09-08,763.1400146484375
2006-09-11,763.989990234375
2006-09-12,766.8499755859375
2006-09-13,767.3800048828125
2006-09-14,767.719970703125
2006-09-15,766.4299926757812
2006-09-18,767.27001953125
2006-09-19,766.6500244140625
2006-09-20,769.030029296875
2006-09-21,766.8200073242188
2006-09-22,765.9099731445312
2006-09-25,769.9299926757812
2006-09-26,772.6099853515625
2006-09-27,772.3800048828125
2006-09-28,773.6099853515625
2006-09-29,772.9400024414062
2006-10-02,772.530029296875
2006-10-03,773.2000122070312
2006-10-04,776.4299926757812
2006-10-05,776.5999755859375
2006-10-06,776.5800170898438
2006-10-09,777.3300170898438
2006-10-10,777.6599731445312
2006-10-11,778.2000122070312
2006-10-12,778.8800048828125
2006-10-13,779.4000244140625
2006-10-16,779.0900268554688
2006-10-17,779.0499877929688
2006-10-18,779.9199829101562
2006-10-19,780.1199951171875
2006-10-20,777.9199829101562
2006-10-23,779.9299926757812
2006-10-24,780.219970703125
2006-10-25,781.4600219726562
2006-10-26,782.7100219726562
2006-10-27,780.5499877929688
2006-10-30,781.5
2006-10-31,782.2000122070312
2006-11-01,779.97998046875
2006-11-02,780.989990234375
2006-11-03,780.4000244140625
2006-11-06,784.1199951171875
2006-11-07,784.5800170898438
2006-11-08,785.52001953125
2006-11-09,784.77001953125
2006-11-10,785.8499755859375
2006-11-13,786.6300048828125
2006-11-14,786.9000244140625
2006-11-15,787.3400268554688
2006-11-16,787.7000122070312
2006-11-17,790.489990234375
2006-11-20,790.9600219726562
2006-11-21,792.1500244140625
2006-11-22,793.0599975585938
2006-11-24,791.9199829101562
2006-11-27,785.719970703125
2006-11-28,788.2999877929688
2006-11-29,792.9400024414062
2006-11-30,793.47998046875
2006-12-01,792.489990234375
2006-12-04,795.8499755859375
2006-12-05,796.8400268554688
2006-12-06,796.8400268554688
2006-12-07,796.0800170898438
2006-12-08,797.5800170898438
2006-12-11,798.4000244140625
2006-12-12,798.75
2006-12-13,799.4600219726562
2006-12-14,800.4299926757812
2006-12-15,799.7899780273438
2006-12-18,798.8900146484375
2006-12-19,800.4099731445312
2006-12-20,800.1400146484375
2006-12-21,798.6099853515625
2006-12-22,795.719970703125
2006-12-26,798.780029296875
2006-12-27,802.5700073242188
2006-12-28,802.489990234375
2006-12-29,800.1599731445312
2007-01-03,800.2000122070312
2007-01-04,801.3599853515625
2007-01-05,797.5499877929688
2007-01-08,799.6400146484375
2007-01-09,799.469970703125
2007-01-10,801.22998046875
2007-01-11,805.6400146484375
2007-01-12,808.77001953125
2007-01-16,809.5800170898438
2007-01-17,809.6099853515625
2007-01-18,808.5800170898438
2007-01-19,811.1699829101562
2007-01-22,809.0999755859375
2007-01-23,810.9500122070312
2007-01-24,814.7100219726562
2007-01-25,809.6099853515625
2007-01-26,809.4299926757812
2007-01-29,809.3699951171875
2007-01-30,812.6500244140625
2007-01-31,815.3900146484375
2007-02-01,817.3099975585938
2007-02-02,818.3200073242188
2007-02-05,818.1699829101562
2007-02-06,818.9299926757812
2007-02-07,819.9099731445312
2007-02-08,819.8599853515625
2007-02-09,818.0900268554688
2007-02-12,817.5599975585938
2007-02-13,820.8499755859375
2007-02-14,822.0499877929688
2007-02-15,822.260009765625
2007-02-16,824.1500244140625
2007-02-20,825.4099731445312
2007-02-21,825.489990234375
2007-02-22,825.4500122070312
2007-02-23,824.22998046875
2007-02-26,823.8300170898438
2007-02-27,799.8499755859375
2007-02-28,805.0999755859375
2007-03-01,803.4500122070312
2007-03-02,794.47998046875
2007-03-05,787.1799926757812
2007-03-06,799.469970703125
2007-03-07,797.780029296875
2007-03-08,803.5
2007-03-09,804.0499877929688
2007-03-12,806.27001953125
2007-03-13,790.0800170898438
2007-03-14,795.4500122070312
2007-03-15,798.4199829101562
2007-03-16,795.9000244140625
2007-03-19,801.1300048828125
2007-03-20,803.8400268554688
2007-03-21,807.9400024414062
2007-03-22,807.0700073242188
2007-03-23,807.22998046875
2007-03-26,808.1599731445312
2007-03-27,807.239990234375
2007-03-28,805.5599975585938
2007-03-29,806.5900268554688
2007-03-30,807.02001953125
2007-04-02,808.1799926757812
2007-04-03,810.7000122070312
2007-04-04,811.3499755859375
2007-04-05,811.6500244140625
2007-04-09,811.739990234375
2007-04-10,812.3900146484375
2007-04-11,812.2999877929688
2007-04-12,813.0800170898438
2007-04-13,813.280029296875
2007-04-16,814.0800170898438
2007-04-17,813.969970703125
2007-04-18,814.27001953125
2007-04-19,814.3699951171875
2007-04-20,812.3800048828125
2007-04-23,811.3900146484375
2007-04-24,811.4099731445312
2007-04-25,815.22998046875
2007-04-26,815.3800048828125
2007-04-27,815.9500122070312
2007-04-30,812.77001953125
2007-05-01,814.72998046875
2007-05-02,817.1900024414062
2007-05-03,818.719970703125
2007-05-04,819.3099975585938
2007-05-07,820.510009765625
2007-05-08,820.22998046875
2007-05-09,821.5999755859375
2007-05-10,818.9000244140625
2007-05-11,821.530029296875
2007-05-14,821.5800170898438
2007-05-15,822.0700073242188
2007-05-16,823.9500122070312
2007-05-17,824.3400268554688
2007-05-18,826.1900024414062
2007-05-21,826.7100219726562
2007-05-22,827.1099853515625
2007-05-23,826.77001953125
2007-05-24,822.9199829101562
2007-05-25,826.1599731445312
2007-05-29,827.3699951171875
2007-05-30,830.9400024414062
2007-05-31,831.1199951171875
2007-06-01,832.5399780273438
2007-06-04,833.280029296875
2007-06-05,832.030029296875
2007-06-06,829.1500244140625
2007-06-07,819.4000244140625
2007-06-08,827.719970703125
2007-06-11,828.97998046875
2007-06-12,821.8499755859375
2007-06-13,832.3300170898438
2007-06-14,835.97998046875
2007-06-15,837.0999755859375
2007-06-18,837.4600219726562
2007-06-19,838.8599853515625
2007-06-20,831.6699829101562
2007-06-21,835.5399780273438
2007-06-22,827.239990234375
2007-06-25,825.97998046875
2007-06-26,823.6799926757812
2007-06-27,831.1300048828125
2007-06-28,831.1799926757812
2007-06-29,830.27001953125
2007-07-02,837.5800170898438
2007-07-03,840.3800048828125
2007-07-05,840.8200073242188
2007-07-06,843.2999877929688
2007-07-09,844.2000122070312
2007-07-10,835.47998046875
2007-07-11,839.760009765625
2007-07-12,848.719970703125
2007-07-13,850.3400268554688
2007-07-16,850.8200073242188
2007-07-17,851.4299926757812
2007-07-18,851.6300048828125
2007-07-19,853.7100219726562
2007-07-20,845.3699951171875
2007-07-23,848.3599853515625
2007-07-24,837.5900268554688
2007-07-25,841.1500244140625
2007-07-26,825.3800048828125
2007-07-27,813.9000244140625
2007-07-30,822.8099975585938
2007-07-31,812.7100219726562
2007-08-01,818.5999755859375
2007-08-02,822.5499877929688
2007-08-03,801.0999755859375
2007-08-06,820.2899780273438
2007-08-07,825.4199829101562
2007-08-08,836.5
2007-08-09,812.4199829101562
2007-08-10,812.8599853515625
2007-08-13,812.8300170898438
2007-08-14,798.1699829101562
2007-08-15,787.3200073242188
2007-08-16,789.9000244140625
2007-08-17,806.5999755859375
2007-08-20,809.6900024414062
2007-08-21,811.010009765625
2007-08-22,816.6699829101562
2007-08-23,816.469970703125
2007-08-24,820.9600219726562
2007-08-27,818.8800048828125
2007-08-28,810.2999877929688
2007-08-29,819.239990234375
2007-08-30,817.239990234375
2007-08-31,821.760009765625
2007-09-04,824.6400146484375
2007-09-05,822.6900024414062
2007-09-06,824.6799926757812
2007-09-07,820.6599731445312
2007-09-10,821.4199829101562
2007-09-11,826.010009765625
2007-09-12,826.989990234375
2007-09-13,828.6099853515625
2007-09-14,829.3099975585938
2007-09-17,829.3699951171875
2007-09-18,832.47998046875
2007-09-19,832.5399780273438
2007-09-20,832.1099853515625
2007-09-21,829.510009765625
2007-09-24,827.6199951171875
2007-09-25,828.2899780273438
2007-09-26,831.8300170898438
2007-09-27,834.0800170898438
2007-09-28,833.0700073242188
2007-10-01,837.6799926757812
2007-10-02,838.2000122070312
2007-10-03,837.4099731445312
2007-10-04,838.6199951171875
2007-10-05,841.989990234375
2007-10-08,841.6500244140625
2007-10-09,844.02001953125
2007-10-10,844.8300170898438
2007-10-11,843.0700073242188
2007-10-12,845.1699829101562
2007-10-15,843.969970703125
2007-10-16,843.3699951171875
2007-10-17,845.3900146484375
2007-10-18,847.1799926757812
2007-10-19,834.3900146484375
2007-10-22,838.2000122070312
2007-10-23,842.8400268554688
2007-10-24,842.0
2007-10-25,841.260009765625
2007-10-26,847.6099853515625
2007-10-29,849.4299926757812
2007-10-30,847.0399780273438
2007-10-31,853.260009765625
2007-11-01,841.47998046875
2007-11-02,843.3900146484375
2007-11-05,842.0800170898438
2007-11-06,849.5
2007-11-07,831.6699829101562
2007-11-08,832.9500122070312
2007-11-09,822.6099853515625
2007-11-12,814.6699829101562
2007-11-13,838.0599975585938
2007-11-14,832.27001953125
2007-11-15,822.0399780273438
2007-11-16,825.7999877929688
2007-11-19,819.8599853515625
2007-11-20,823.1699829101562
2007-11-21,815.0900268554688
2007-11-23,824.010009765625
2007-11-26,811.5999755859375
2007-11-27,820.760009765625
2007-11-28,832.6500244140625
2007-11-29,834.0
2007-11-30,837.4099731445312
2007-12-03,836.6699829101562
2007-12-04,835.3699951171875
2007-12-05,840.9400024414062
2007-12-06,844.72998046875
2007-12-07,845.280029296875
2007-12-10,846.3699951171875
2007-12-11,842.2100219726562
2007-12-12,844.97998046875
2007-12-13,845.9600219726562
2007-12-14,843.969970703125
2007-12-17,839.9099731445312
2007-12-18,845.010009765625
2007-12-19,846.52001953125
2007-12-20,849.4500122070312
2007-12-21,854.469970703125
2007-12-24,858.6799926757812
2007-12-26,859.3499755859375
2007-12-27,854.3499755859375
2007-12-28,855.5
2007-12-31,852.8800048828125
2008-01-02,845.6599731445312
2008-01-03,846.4000244140625
2008-01-04,829.8300170898438
2008-01-07,832.9600219726562
2008-01-08,819.0999755859375
2008-01-09,830.030029296875
2008-01-10,836.469970703125
2008-01-11,825.6799926757812
2008-01-14,834.6900024414062
2008-01-15,814.0399780273438
2008-01-16,809.530029296875
2008-01-17,786.0800170898438
2008-01-18,781.1900024414062
2008-01-22,776.0599975585938
2008-01-23,786.9299926757812
2008-01-24,791.8300170898438
2008-01-25,784.9199829101562
2008-01-28,793.1799926757812
2008-01-29,795.8400268554688
2008-01-30,795.4099731445312
2008-01-31,802.3800048828125
2008-02-01,804.5700073242188
2008-02-04,803.3800048828125
2008-02-05,793.25
2008-02-06,791.4600219726562
2008-02-07,796.530029296875
2008-02-08,796.1599731445312
2008-02-11,800.97998046875
2008-02-12,804.8699951171875
2008-02-13,810.2999877929688
2008-02-14,809.239990234375
2008-02-15,809.8599853515625
2008-02-19,810.47998046875
2008-02-20,814.9299926757812
2008-02-21,810.3499755859375
2008-02-22,814.4500122070312
2008-02-25,820.969970703125
2008-02-26,823.7000122070312
2008-02-27,823.9199829101562
2008-02-28,821.4500122070312
2008-02-29,809.969970703125
2008-03-03,811.5499877929688
2008-03-04,811.25
2008-03-05,815.010009765625
2008-03-06,802.75
2008-03-07,798.780029296875
2008-03-10,788.4500122070312
2008-03-11,813.6599731445312
2008-03-12,808.8800048828125
2008-03-13,812.52001953125
2008-03-14,796.5
2008-03-17,792.0
2008-03-18,823.0599975585938
2008-03-19,806.22998046875
2008-03-20,819.3499755859375
2008-03-24,825.489990234375
2008-03-25,826.780029296875
2008-03-26,824.989990234375
2008-03-27,821.7999877929688
2008-03-28,819.6400146484375
2008-03-31,823.4099731445312
2008-04-01,833.5599975585938
2008-04-02,833.8300170898438
2008-04-03,834.4000244140625
2008-04-04,835.3599853515625
2008-04-07,836.739990234375
2008-04-08,836.719970703125
2008-04-09,836.1199951171875
2008-04-10,838.1199951171875
2008-04-11,834.0800170898438
2008-04-14,834.8499755859375
2008-04-15,836.4600219726562
2008-04-16,841.3400268554688
2008-04-17,840.6900024414062
2008-04-18,839.8099975585938
2008-04-21,839.8900146484375
2008-04-22,836.0900268554688
2008-04-23,838.5599975585938
2008-04-24,841.8900146484375
2008-04-25,844.719970703125
2008-04-28,845.3900146484375
2008-04-29,843.8800048828125
2008-04-30,843.239990234375
2008-05-01,850.5599975585938
2008-05-02,852.8800048828125
2008-05-05,851.9000244140625
2008-05-06,854.1699829101562
2008-05-07,849.4400024414062
2008-05-08,851.8599853515625
2008-05-09,850.280029296875
2008-05-12,855.5499877929688
2008-05-13,856.219970703125
2008-05-14,857.8099975585938
2008-05-15,859.1500244140625
2008-05-16,857.0900268554688
2008-05-19,857.5
2008-05-20,853.4600219726562
2008-05-21,845.8200073242188
2008-05-22,848.3099975585938
2008-05-23,840.0499877929688
2008-05-27,845.1699829101562
2008-05-28,847.8800048828125
2008-05-29,851.97998046875
2008-05-30,853.760009765625
2008-06-02,847.2000122070312
2008-06-03,843.6300048828125
2008-06-04,843.6500244140625
2008-06-05,856.8800048828125
2008-06-06,835.1300048828125
2008-06-09,836.4099731445312
2008-06-10,834.8400268554688
2008-06-11,821.239990234375
2008-06-12,824.0999755859375
2008-06-13,836.510009765625
2008-06-16,836.6400146484375
2008-06-17,831.030029296875
2008-06-18,823.0
2008-06-19,826.3099975585938
2008-06-20,814.2100219726562
2008-06-23,815.47998046875
2008-06-24,814.7000122070312
2008-06-25,818.3800048828125
2008-06-26,802.3400268554688
2008-06-27,800.6900024414062
2008-06-30,802.6199951171875
2008-07-01,805.3900146484375
2008-07-02,792.6599731445312
2008-07-03,794.0499877929688
2008-07-07,788.3499755859375
2008-07-08,801.7999877929688
2008-07-09,784.1699829101562
2008-07-10,789.760009765625
2008-07-11,781.010009765625
2008-07-14,774.1099853515625
2008-07-15,765.780029296875
2008-07-16,785.0900268554688
2008-07-17,794.5800170898438
2008-07-18,794.6500244140625
2008-07-21,796.0999755859375
2008-07-22,802.3900146484375
2008-07-23,803.6400146484375
2008-07-24,794.4500122070312
2008-07-25,797.6400146484375
2008-07-28,789.2100219726562
2008-07-29,801.6099853515625
2008-07-30,807.0
2008-07-31,802.9500122070312
2008-08-01,801.969970703125
2008-08-04,798.4600219726562
2008-08-05,810.1300048828125
2008-08-06,811.739990234375
2008-08-07,807.3400268554688
2008-08-08,813.8400268554688
2008-08-11,814.8200073242188
2008-08-12,813.5499877929688
2008-08-13,814.3300170898438
2008-08-14,815.6900024414062
2008-08-15,818.239990234375
2008-08-18,811.1500244140625
2008-08-19,806.6799926757812
2008-08-20,811.0499877929688
2008-08-21,813.469970703125
2008-08-22,819.8300170898438
2008-08-25,809.1099853515625
2008-08-26,811.989990234375
2008-08-27,817.4400024414062
2008-08-28,824.9299926757812
2008-08-29,818.0499877929688
2008-09-02,815.989990234375
2008-09-03,816.0800170898438
2008-09-04,795.239990234375
2008-09-05,799.02001953125
2008-09-08,813.1400146484375
2008-09-09,788.3200073242188
2008-09-10,793.3699951171875
2008-09-11,803.989990234375
2008-09-12,805.0499877929688
2008-09-15,768.719970703125
2008-09-16,782.1900024414062
2008-09-17,745.4400024414062
2008-09-18,777.9099731445312
2008-09-19,808.5999755859375
2008-09-22,791.3900146484375
2008-09-23,783.0599975585938
2008-09-24,785.3099975585938
2008-09-25,792.0800170898438
2008-09-26,792.7899780273438
2008-09-29,735.0900268554688
2008-09-30,770.7899780273438
2008-10-01,769.9199829101562
2008-10-02,742.1400146484375
2008-10-03,734.3699951171875
2008-10-06,706.6199951171875
2008-10-07,666.780029296875
2008-10-08,659.4099731445312
2008-10-09,609.4099731445312
2008-10-10,602.3400268554688
2008-10-13,672.2000122070312
2008-10-14,668.5800170898438
2008-10-15,608.2899780273438
2008-10-16,634.1900024414062
2008-10-17,632.9600219726562
2008-10-20,656.5499877929688
2008-10-21,648.4000244140625
2008-10-22,618.739990234375
2008-10-23,625.1300048828125
2008-10-24,608.2999877929688
2008-10-27,598.239990234375
2008-10-28,641.6199951171875
2008-10-29,636.6500244140625
2008-10-30,647.6400146484375
2008-10-31,655.0800170898438
2008-11-03,661.010009765625
2008-11-04,672.739990234375
2008-11-05,658.4199829101562
2008-11-06,636.5499877929688
2008-11-07,652.5399780273438
2008-11-10,649.3200073242188
2008-11-11,639.989990234375
2008-11-12,612.5599975585938
2008-11-13,648.030029296875
2008-11-14,627.2100219726562
2008-11-17,613.6099853515625
2008-11-18,620.5499877929688
2008-11-19,583.3699951171875
2008-11-20,544.3900146484375
2008-11-21,560.3900146484375
2008-11-24,578.7000122070312
2008-11-25,578.6400146484375
2008-11-26,584.5499877929688
2008-11-28,585.2100219726562
2008-12-01,571.52001953125
2008-12-02,578.739990234375
2008-12-03,584.530029296875
2008-12-04,581.1099853515625
2008-12-05,586.3699951171875
2008-12-08,590.72998046875
2008-12-09,588.8800048828125
2008-12-10,591.6900024414062
2008-12-11,590.1099853515625
2008-12-12,590.6599731445312
2008-12-15,590.25
2008-12-16,591.6500244140625
2008-12-17,592.1900024414062
2008-12-18,591.4099731445312
2008-12-19,592.3900146484375
2008-12-22,587.6099853515625
2008-12-23,584.22998046875
2008-12-24,585.4099731445312
2008-12-26,591.510009765625
2008-12-29,591.3400268554688
2008-12-30,601.3900146484375
2008-12-31,608.489990234375
2009-01-02,617.0800170898438
2009-01-05,616.030029296875
2009-01-06,619.0
2009-01-07,611.1699829101562
2009-01-08,614.02001953125
2009-01-09,608.6400146484375
2009-01-12,599.47998046875
2009-01-13,601.9299926757812
2009-01-14,582.8900146484375
2009-01-15,583.8400268554688
2009-01-16,586.7999877929688
2009-01-20,565.3499755859375
2009-01-21,585.7999877929688
2009-01-22,581.6199951171875
2009-01-23,584.22998046875
2009-01-26,588.02001953125
2009-01-27,592.9099731445312
2009-01-28,602.719970703125
2009-01-29,593.0499877929688
2009-01-30,585.0700073242188
2009-02-02,586.530029296875
2009-02-03,593.989990234375
2009-02-04,592.0999755859375
2009-02-05,597.52001953125
2009-02-06,604.780029296875
2009-02-09,606.6500244140625
2009-02-10,591.2899780273438
2009-02-11,597.0999755859375
2009-02-12,599.9199829101562
2009-02-13,596.3900146484375
2009-02-17,572.719970703125
2009-02-18,572.7999877929688
2009-02-19,566.5499877929688
2009-02-20,557.9299926757812
2009-02-23,546.3699951171875
2009-02-24,562.8099975585938
2009-02-25,560.260009765625
2009-02-26,556.4500122070312
2009-02-27,547.989990234375
2009-03-02,528.1599731445312
2009-03-03,526.7999877929688
2009-03-04,538.3699951171875
2009-03-05,517.5700073242188
2009-03-06,518.6900024414062
2009-03-09,514.3699951171875
2009-03-10,545.2100219726562
2009-03-11,546.8099975585938
2009-03-12,565.5999755859375
2009-03-13,569.0499877929688
2009-03-16,568.5999755859375
2009-03-17,580.7899780273438
2009-03-18,584.5999755859375
2009-03-19,585.6599731445312
2009-03-20,575.0999755859375
2009-03-23,597.3099975585938
2009-03-24,590.8499755859375
2009-03-25,593.6599731445312
2009-03-26,599.47998046875
2009-03-27,595.9400024414062
2009-03-30,587.1599731445312
2009-03-31,592.75
2009-04-01,598.0499877929688
2009-04-02,602.989990234375
2009-04-03,605.489990234375
2009-04-06,606.0900268554688
2009-04-07,603.8499755859375
2009-04-08,606.739990234375
2009-04-09,609.489990234375
2009-04-13,610.719970703125
2009-04-14,609.9400024414062
2009-04-15,610.7000122070312
2009-04-16,611.260009765625
2009-04-17,609.1099853515625
2009-04-20,592.6799926757812
2009-04-21,602.3400268554688
2009-04-22,599.5800170898438
2009-04-23,603.7100219726562
2009-04-24,609.969970703125
2009-04-27,607.0499877929688
2009-04-28,607.260009765625
2009-04-29,614.8800048828125
2009-04-30,615.1199951171875
2009-05-01,617.5700073242188
2009-05-04,624.1300048828125
2009-05-05,625.3499755859375
2009-05-06,627.3499755859375
2009-05-07,626.8499755859375
2009-05-08,628.9199829101562
2009-05-11,627.5700073242188
2009-05-12,628.8499755859375
2009-05-13,627.0999755859375
2009-05-14,630.4500122070312
2009-05-15,624.8800048828125
2009-05-18,636.7000122070312
2009-05-19,637.4199829101562
2009-05-20,636.5499877929688
2009-05-21,630.3300170898438
2009-05-22,630.030029296875
2009-05-26,639.7899780273438
2009-05-27,634.1400146484375
2009-05-28,639.4099731445312
2009-05-29,642.6699829101562
2009-06-01,647.3499755859375
2009-06-02,648.969970703125
2009-06-03,647.0399780273438
2009-06-04,649.8400268554688
2009-06-05,649.1400146484375
2009-06-08,650.8900146484375
2009-06-09,652.0499877929688
2009-06-10,651.8400268554688
2009-06-11,652.9199829101562
2009-06-12,652.8499755859375
2009-06-15,651.25
2009-06-16,650.52001953125
2009-06-17,651.510009765625
2009-06-18,654.3499755859375
2009-06-19,651.780029296875
2009-06-22,639.1400146484375
2009-06-23,639.8800048828125
2009-06-24,643.6099853515625
2009-06-25,653.7000122070312
2009-06-26,654.4500122070312
2009-06-29,658.4000244140625
2009-06-30,655.3800048828125
2009-07-01,657.7000122070312
2009-07-02,644.9099731445312
2009-07-06,646.489990234375
2009-07-07,635.3300170898438
2009-07-08,634.8300170898438
2009-07-09,637.5800170898438
2009-07-10,635.4500122070312
2009-07-13,650.6599731445312
2009-07-14,654.22998046875
2009-07-15,668.6400146484375
2009-07-16,671.6400146484375
2009-07-17,671.6699829101562
2009-07-20,676.47998046875
2009-07-21,677.52001953125
2009-07-22,678.1199951171875
2009-07-23,683.6799926757812
2009-07-24,684.3200073242188
2009-07-27,684.8499755859375
2009-07-28,684.6599731445312
2009-07-29,683.75
2009-07-30,686.47998046875
2009-07-31,686.5399780273438
2009-08-03,688.4199829101562
2009-08-04,689.3300170898438
2009-08-05,689.3400268554688
2009-08-06,688.9000244140625
2009-08-07,690.27001953125
2009-08-10,690.010009765625
2009-08-11,689.8900146484375
2009-08-12,690.9000244140625
2009-08-13,690.8900146484375
2009-08-14,690.8699951171875
2009-08-17,690.2100219726562
2009-08-18,691.6199951171875
2009-08-19,690.969970703125
2009-08-20,691.8300170898438
2009-08-21,694.47998046875
2009-08-24,690.7999877929688
2009-08-25,696.0999755859375
2009-08-26,696.8800048828125
2009-08-27,698.3900146484375
2009-08-28,698.1099853515625
2009-08-31,695.8800048828125
2009-09-01,685.3499755859375
2009-09-02,684.8699951171875
2009-09-03,690.0499877929688
2009-09-04,697.4500122070312
2009-09-08,701.9600219726562
2009-09-09,705.2000122070312
2009-09-10,708.52001953125
2009-09-11,708.280029296875
2009-09-14,710.0700073242188
2009-09-15,710.3800048828125
2009-09-16,711.3900146484375
2009-09-17,710.510009765625
2009-09-18,708.97998046875
2009-09-21,708.5800170898438
2009-09-22,711.9199829101562
2009-09-23,708.2000122070312
2009-09-24,704.1599731445312
2009-09-25,701.4099731445312
2009-09-28,710.1199951171875
2009-09-29,709.9600219726562
2009-09-30,708.989990234375
2009-10-01,695.1400146484375
2009-10-02,692.9400024414062
2009-10-05,702.8300170898438
2009-10-06,710.280029296875
2009-10-07,712.5599975585938
2009-10-08,716.469970703125
2009-10-09,720.030029296875
2009-10-12,721.72998046875
2009-10-13,721.0999755859375
2009-10-14,724.989990234375
2009-10-15,727.0499877929688
2009-10-16,725.9400024414062
2009-10-19,729.9299926757812
2009-10-20,728.3699951171875
2009-10-21,725.260009765625
2009-10-22,730.4099731445312
2009-10-23,725.0
2009-10-26,719.8699951171875
2009-10-27,718.6799926757812
2009-10-28,708.0900268554688
2009-10-29,721.3400268554688
2009-10-30,704.969970703125
2009-11-02,709.5900268554688
2009-11-03,711.6300048828125
2009-11-04,712.5900268554688
2009-11-05,723.8099975585938
2009-11-06,726.1799926757812
2009-11-09,735.4600219726562
2009-11-10,736.489990234375
2009-11-11,738.6099853515625
2009-11-12,735.6500244140625
2009-11-13,738.5599975585938
2009-11-16,742.1900024414062
2009-11-17,743.0499877929688
2009-11-18,743.4299926757812
2009-11-19,743.0599975585938
2009-11-20,743.4500122070312
2009-11-23,749.4099731445312
2009-11-24,749.8499755859375
2009-11-25,751.469970703125
2009-11-27,743.02001953125
2009-11-30,746.9199829101562
2009-12-01,752.0999755859375
2009-12-02,752.8200073242188
2009-12-03,750.5
2009-12-04,753.1599731445312
2009-12-07,753.2000122070312
2009-12-08,750.0499877929688
2009-12-09,752.5399780273438
2009-12-10,754.9099731445312
2009-12-11,756.2000122070312
2009-12-14,758.6699829101562
2009-12-15,757.8499755859375
2009-12-16,757.9299926757812
2009-12-17,757.8599853515625
2009-12-18,757.47998046875
2009-12-21,762.4500122070312
2009-12-22,764.3699951171875
2009-12-23,765.1900024414062
2009-12-24,766.6599731445312
2009-12-28,767.5700073242188
2009-12-29,767.75
2009-12-30,768.6099853515625
2009-12-31,766.1799926757812
2010-01-04,770.4600219726562
2010-01-05,771.2899780273438
2010-01-06,771.6900024414062
2010-01-07,771.9099731445312
2010-01-08,772.5700073242188
2010-01-11,702.760009765625
2010-01-12,772.4600219726562
2010-01-13,772.5499877929688
2010-01-14,772.4500122070312
2010-01-15,765.5499877929688
2010-01-19,771.27001953125
2010-01-20,767.4199829101562
2010-01-21,757.5999755859375
2010-01-22,743.530029296875
2010-01-25,747.9400024414062
2010-01-26,745.3599853515625
2010-01-27,748.8699951171875
2010-01-28,741.4400024414062
2010-01-29,734.77001953125
2010-02-01,745.27001953125
2010-02-02,754.27001953125
2010-02-03,750.8099975585938
2010-02-04,728.3499755859375
2010-02-05,730.6199951171875
2010-02-08,724.4500122070312
2010-02-09,733.9400024414062
2010-02-10,732.5800170898438
2010-02-11,739.72998046875
2010-02-12,737.9199829101562
2010-02-16,751.260009765625
2010-02-17,754.6300048828125
2010-02-18,759.6900024414062
2010-02-19,761.9199829101562
2010-02-22,762.1699829101562
2010-02-23,756.3699951171875
2010-02-24,761.9299926757812
2010-02-25,761.25
2010-02-26,762.780029296875
2010-03-01,767.6599731445312
2010-03-02,768.5700073242188
2010-03-03,769.02001953125
2010-03-04,770.5599975585938
2010-03-05,774.0
2010-03-08,774.6300048828125
2010-03-09,775.22998046875
2010-03-10,775.719970703125
2010-03-11,776.4299926757812
2010-03-12,776.6799926757812
2010-03-15,776.739990234375
2010-03-16,776.8900146484375
2010-03-17,776.8300170898438
2010-03-18,777.0999755859375
2010-03-19,768.3400268554688
2010-03-22,771.3800048828125
2010-03-23,774.0999755859375
2010-03-24,771.6599731445312
2010-03-25,770.5599975585938
2010-03-26,772.010009765625
2010-03-29,774.9199829101562
2010-03-30,775.4099731445312
2010-03-31,774.489990234375
2010-04-01,777.2899780273438
2010-04-05,779.7999877929688
2010-04-06,780.3699951171875
2010-04-07,779.6900024414062
2010-04-08,780.8499755859375
2010-04-09,781.8800048828125
2010-04-12,782.0
2010-04-13,782.239990234375
2010-04-14,782.7899780273438
2010-04-15,782.469970703125
2010-04-16,773.4099731445312
2010-04-19,776.77001953125
2010-04-20,780.6900024414062
2010-04-21,780.6099853515625
2010-04-22,780.8699951171875
2010-04-23,783.2100219726562
2010-04-26,781.6799926757812
2010-04-27,769.969970703125
2010-04-28,774.8200073242188
2010-04-29,781.1099853515625
2010-04-30,772.72998046875
2010-05-03,780.02001953125
2010-05-04,767.6400146484375
2010-05-05,764.1900024414062
2010-05-06,741.6199951171875
2010-05-07,730.6199951171875
2010-05-10,761.8800048828125
2010-05-11,759.7000122070312
2010-05-12,769.72998046875
2010-05-13,761.989990234375
2010-05-14,748.1900024414062
2010-05-17,749.3900146484375
2010-05-18,738.9099731445312
2010-05-19,735.22998046875
2010-05-20,706.7000122070312
2010-05-21,717.219970703125
2010-05-24,715.6199951171875
2010-05-25,717.469970703125
2010-05-26,716.7000122070312
2010-05-27,728.3699951171875
2010-05-28,725.22998046875
2010-06-01,718.7899780273438
2010-06-02,729.7999877929688
2010-06-03,731.6599731445312
2010-06-04,719.1799926757812
2010-06-07,714.7999877929688
2010-06-08,722.1300048828125
2010-06-09,719.7899780273438
2010-06-10,732.0999755859375
2010-06-11,735.4099731445312
2010-06-14,736.0
2010-06-15,740.5900268554688
2010-06-16,740.8699951171875
2010-06-17,741.47998046875
2010-06-18,740.4299926757812
2010-06-21,738.6799926757812
2010-06-22,731.0999755859375
2010-06-23,730.2999877929688
2010-06-24,720.4500122070312
2010-06-25,722.719970703125
2010-06-28,722.2899780273438
2010-06-29,701.6500244140625
2010-06-30,695.030029296875
2010-07-01,692.9000244140625
2010-07-02,689.9099731445312
2010-07-06,693.6900024414062
2010-07-07,715.52001953125
2010-07-08,722.2999877929688
2010-07-09,727.4500122070312
2010-07-12,728.02001953125
2010-07-13,738.97998046875
2010-07-14,739.3499755859375
2010-07-15,740.4000244140625
2010-07-16,723.1400146484375
2010-07-19,727.1199951171875
2010-07-20,732.5700073242188
2010-07-21,727.030029296875
2010-07-22,735.5700073242188
2010-07-23,738.6900024414062
2010-07-26,742.47998046875
2010-07-27,742.0499877929688
2010-07-28,740.6599731445312
2010-07-29,740.6199951171875
2010-07-30,741.1500244140625
2010-08-02,746.4400024414062
2010-08-03,746.030029296875
2010-08-04,746.97998046875
2010-08-05,747.1300048828125
2010-08-06,747.5900268554688
2010-08-09,748.5399780273438
2010-08-10,747.8800048828125
2010-08-11,742.3300170898438
2010-08-12,741.8699951171875
2010-08-13,740.739990234375
2010-08-16,743.47998046875
2010-08-17,748.3599853515625
2010-08-18,749.0399780273438
2010-08-19,746.3900146484375
2010-08-20,743.8800048828125
2010-08-23,743.77001953125
2010-08-24,737.280029296875
2010-08-25,739.219970703125
2010-08-26,735.989990234375
2010-08-27,745.1400146484375
2010-08-30,738.7999877929688
2010-08-31,739.5499877929688
2010-09-01,752.4500122070312
2010-09-02,755.4400024414062
2010-09-03,759.3200073242188
2010-09-07,757.6799926757812
2010-09-08,759.3699951171875
2010-09-09,760.5900268554688
2010-09-10,761.22998046875
2010-09-13,762.4000244140625
2010-09-14,762.4000244140625
2010-09-15,762.1500244140625
2010-09-16,762.2000122070312
2010-09-17,758.989990234375
2010-09-20,764.7899780273438
2010-09-21,763.4099731445312
2010-09-22,762.780029296875
2010-09-23,759.489990234375
2010-09-24,767.6500244140625
2010-09-27,765.9299926757812
2010-09-28,767.8499755859375
2010-09-29,767.6900024414062
2010-09-30,767.22998046875
2010-10-01,769.27001953125
2010-10-04,767.8699951171875
2010-10-05,773.4099731445312
2010-10-06,774.1699829101562
2010-10-07,774.0599975585938
2010-10-08,775.5
2010-10-11,775.3599853515625
2010-10-12,775.9000244140625
2010-10-13,776.3499755859375
2010-10-14,776.3599853515625
2010-10-15,772.0999755859375
2010-10-18,775.780029296875
2010-10-19,769.22998046875
2010-10-20,774.1599731445312
2010-10-21,775.739990234375
2010-10-22,776.8900146484375
2010-10-25,777.1900024414062
2010-10-26,777.3400268554688
2010-10-27,776.75
2010-10-28,777.22998046875
2010-10-29,776.7899780273438
2010-11-01,778.3499755859375
2010-11-02,780.72998046875
2010-11-03,783.219970703125
2010-11-04,787.0900268554688
2010-11-05,788.1099853515625
2010-11-08,788.6900024414062
2010-11-09,787.510009765625
2010-11-10,788.9199829101562
2010-11-11,788.3699951171875
2010-11-12,786.510009765625
2010-11-15,787.6300048828125
2010-11-16,784.1799926757812
2010-11-17,786.260009765625
2010-11-18,789.4600219726562
2010-11-19,791.3200073242188
2010-11-22,791.22998046875
2010-11-23,784.4099731445312
2010-11-24,791.1099853515625
2010-11-26,793.0499877929688
2010-11-29,787.9400024414062
2010-11-30,784.5800170898438
2010-12-01,794.1900024414062
2010-12-02,798.6500244140625
2010-12-03,800.3599853515625
2010-12-06,801.0
2010-12-07,801.3699951171875
2010-12-08,802.469970703125
2010-12-09,803.030029296875
2010-12-10,803.6400146484375
2010-12-13,803.6099853515625
2010-12-14,803.8099975585938
2010-12-15,803.47998046875
2010-12-16,804.0700073242188
2010-12-17,804.77001953125
2010-12-20,806.739990234375
2010-12-21,808.780029296875
2010-12-22,810.7000122070312
2010-12-23,809.7899780273438
2010-12-27,810.2999877929688
2010-12-28,810.6500244140625
2010-12-29,811.5700073242188
2010-12-30,811.4600219726562
2010-12-31,811.0700073242188
2011-01-03,815.6599731445312
2011-01-04,815.3699951171875
2011-01-05,816.5700073242188
2011-01-06,816.4199829101562
2011-01-07,816.780029296875
2011-01-10,817.0800170898438
2011-01-11,818.2899780273438
2011-01-12,819.22998046875
2011-01-13,819.4299926757812
2011-01-14,820.030029296875
2011-01-18,819.77001953125
2011-01-19,819.6900024414062
2011-01-20,819.9199829101562
2011-01-21,816.6400146484375
2011-01-24,820.02001953125
2011-01-25,820.6199951171875
2011-01-26,822.489990234375
2011-01-27,824.3099975585938
2011-01-28,815.02001953125
2011-01-31,819.7100219726562
2011-02-01,826.5599975585938
2011-02-02,825.969970703125
2011-02-03,827.4299926757812
2011-02-04,828.780029296875
2011-02-07,830.3300170898438
2011-02-08,831.25
2011-02-09,830.780029296875
2011-02-10,831.3699951171875
2011-02-11,831.7000122070312
2011-02-14,832.530029296875
2011-02-15,832.5
2011-02-16,832.9500122070312
2011-02-17,832.9000244140625
2011-02-18,833.9299926757812
2011-02-22,821.1799926757812
2011-02-23,817.3900146484375
2011-02-24,817.52001953125
2011-02-25,825.27001953125
2011-02-28,829.1300048828125
2011-03-01,818.8300170898438
2011-03-02,820.4199829101562
2011-03-03,831.8200073242188
2011-03-04,827.969970703125
2011-03-07,822.2000122070312
2011-03-08,828.8300170898438
2011-03-09,828.3900146484375
2011-03-10,814.0900268554688
2011-03-11,820.3099975585938
2011-03-14,815.6699829101562
2011-03-15,806.5800170898438
2011-03-16,790.9099731445312
2011-03-17,801.5399780273438
2011-03-18,805.989990234375
2011-03-21,814.5999755859375
2011-03-22,813.5399780273438
2011-03-23,815.8099975585938
2011-03-24,819.3200073242188
2011-03-25,819.989990234375
2011-03-28,819.530029296875
2011-03-29,822.4000244140625
2011-03-30,824.0499877929688
2011-03-31,823.0999755859375
2011-04-01,825.6300048828125
2011-04-04,825.8099975585938
2011-04-05,826.5999755859375
2011-04-06,826.7999877929688
2011-04-07,827.0999755859375
2011-04-08,826.719970703125
2011-04-11,827.1500244140625
2011-04-12,826.5800170898438
2011-04-13,827.6599731445312
2011-04-14,827.5499877929688
2011-04-15,828.77001953125
2011-04-18,824.47998046875
2011-04-19,828.1300048828125
2011-04-20,833.3499755859375
2011-04-21,835.6500244140625
2011-04-25,835.219970703125
2011-04-26,837.47998046875
2011-04-27,839.010009765625
2011-04-28,840.4600219726562
2011-04-29,840.739990234375
2011-05-02,840.4600219726562
2011-05-03,840.1099853515625
2011-05-04,839.0499877929688
2011-05-05,836.1699829101562
2011-05-06,837.47998046875
2011-05-09,840.0
2011-05-10,841.8200073242188
2011-05-11,840.1300048828125
2011-05-12,841.8400268554688
2011-05-13,840.4099731445312
2011-05-16,839.3200073242188
2011-05-17,840.5999755859375
2011-05-18,843.2100219726562
2011-05-19,843.9299926757812
2011-05-20,838.6199951171875
2011-05-23,833.0800170898438
2011-05-24,833.1900024414062
2011-05-25,835.4400024414062
2011-05-26,838.2999877929688
2011-05-27,840.52001953125
2011-05-31,845.9600219726562
2011-06-01,834.3099975585938
2011-06-02,833.9400024414062
2011-06-03,828.280029296875
2011-06-06,820.4000244140625
2011-06-07,819.8900146484375
2011-06-08,816.7999877929688
2011-06-09,822.8300170898438
2011-06-10,811.530029296875
2011-06-13,812.3800048828125
2011-06-14,822.6699829101562
2011-06-15,808.4400024414062
2011-06-16,810.0
2011-06-17,812.9500122070312
2011-06-20,816.8300170898438
2011-06-21,822.1599731445312
2011-06-22,820.780029296875
2011-06-23,819.3900146484375
2011-06-24,814.4500122070312
2011-06-27,819.1300048828125
2011-06-28,824.6900024414062
2011-06-29,827.9500122070312
2011-06-30,830.7100219726562
2011-07-01,831.719970703125
2011-07-05,831.97998046875
2011-07-06,832.2000122070312
2011-07-07,832.77001953125
2011-07-08,832.9500122070312
2011-07-11,831.9199829101562
2011-07-12,831.5700073242188
2011-07-13,832.6099853515625
2011-07-14,832.97998046875
2011-07-15,832.6199951171875
2011-07-18,829.77001953125
2011-07-19,836.530029296875
2011-07-20,836.530029296875
2011-07-21,840.75
2011-07-22,841.6900024414062
2011-07-25,839.5
2011-07-26,838.2100219726562
2011-07-27,829.9000244140625
2011-07-28,828.5800170898438
2011-07-29,824.6400146484375
2011-08-01,825.0
2011-08-02,809.3400268554688
2011-08-03,814.0900268554688
2011-08-04,776.6400146484375
2011-08-05,776.7000122070312
2011-08-08,725.1699829101562
2011-08-09,759.5999755859375
2011-08-10,726.3800048828125
2011-08-11,760.0599975585938
2011-08-12,764.1400146484375
2011-08-15,780.9000244140625
2011-08-16,773.47998046875
2011-08-17,774.4299926757812
2011-08-18,739.9500122070312
2011-08-19,733.1300048828125
2011-08-22,735.0
2011-08-23,751.3300170898438
2011-08-24,755.030029296875
2011-08-25,747.0399780273438
2011-08-26,755.22998046875
2011-08-29,763.9099731445312
2011-08-30,764.8699951171875
2011-08-31,765.8900146484375
2011-09-01,764.8400268554688
2011-09-02,760.2100219726562
2011-09-06,758.6599731445312
2011-09-07,767.7000122070312
2011-09-08,765.72998046875
2011-09-09,757.1300048828125
2011-09-12,763.6900024414062
2011-09-13,768.5700073242188
2011-09-14,771.739990234375
2011-09-15,772.9099731445312
2011-09-16,771.7999877929688
2011-09-19,767.6799926757812
2011-09-20,767.3400268554688
2011-09-21,754.4500122070312
2011-09-22,735.469970703125
2011-09-23,739.5
2011-09-26,753.1400146484375
2011-09-27,758.6300048828125
2011-09-28,747.75
2011-09-29,753.4099731445312
2011-09-30,741.3800048828125
2011-10-03,717.8499755859375
2011-10-04,736.5999755859375
2011-10-05,748.5
2011-10-06,760.0499877929688
2011-10-07,756.3699951171875
2011-10-10,776.7100219726562
2011-10-11,778.27001953125
2011-10-12,784.0599975585938
2011-10-13,784.1400146484375
2011-10-14,790.9400024414062
2011-10-17,784.530029296875
2011-10-18,792.780029296875
2011-10-19,790.2000122070312
2011-10-20,795.4400024414062
2011-10-21,803.530029296875
2011-10-24,810.1699829101562
2011-10-25,801.2100219726562
2011-10-26,807.1500244140625
2011-10-27,818.8599853515625
2011-10-28,820.1799926757812
2011-10-31,812.260009765625
2011-11-01,798.739990234375
2011-11-02,807.22998046875
2011-11-03,815.5700073242188
2011-11-04,814.4000244140625
2011-11-07,818.4299926757812
2011-11-08,822.9400024414062
2011-11-09,807.489990234375
2011-11-10,814.3800048828125
2011-11-11,822.3900146484375
2011-11-14,821.4500122070312
2011-11-15,823.8599853515625
2011-11-16,820.3599853515625
2011-11-17,812.5399780273438
2011-11-18,812.6699829101562
2011-11-21,805.0999755859375
2011-11-22,804.3499755859375
2011-11-23,791.5700073242188
2011-11-25,793.280029296875
2011-11-28,807.6599731445312
2011-11-29,811.5700073242188
2011-11-30,831.02001953125
2011-12-01,830.3699951171875
2011-12-02,830.5800170898438
2011-12-05,834.260009765625
2011-12-06,835.4400024414062
2011-12-07,835.9199829101562
2011-12-08,830.1500244140625
2011-12-09,838.3300170898438
2011-12-12,836.5700073242188
2011-12-13,835.5700073242188
2011-12-14,831.0800170898438
2011-12-15,835.4600219726562
2011-12-16,839.7100219726562
2011-12-19,835.280029296875
2011-12-20,849.25
2011-12-21,851.4000244140625
2011-12-22,854.030029296875
2011-12-23,857.4400024414062
2011-12-27,857.9500122070312
2011-12-28,854.25
2011-12-29,858.4500122070312
2011-12-30,857.4600219726562
2012-01-03,862.4600219726562
2012-01-04,863.1400146484375
2012-01-05,864.3499755859375
2012-01-06,864.6199951171875
2012-01-09,865.969970703125
2012-01-10,866.5999755859375
2012-01-11,867.0800170898438
2012-01-12,867.0800170898438
2012-01-13,866.8599853515625
2012-01-17,867.2000122070312
2012-01-18,867.75
2012-01-19,867.8900146484375
2012-01-20,868.260009765625
2012-01-23,868.5499877929688
2012-01-24,868.72998046875
2012-01-25,871.97998046875
2012-01-26,870.0
2012-01-27,869.5900268554688
2012-01-30,869.5499877929688
2012-01-31,869.3099975585938
2012-02-01,874.0800170898438
2012-02-02,875.1300048828125
2012-02-03,879.510009765625
2012-02-06,880.219970703125
2012-02-07,880.6900024414062
2012-02-08,881.02001953125
2012-02-09,881.4299926757812
2012-02-10,880.3300170898438
2012-02-13,882.5
2012-02-14,882.72998046875
2012-02-15,882.3499755859375
2012-02-16,883.3599853515625
2012-02-17,881.010009765625
2012-02-21,882.3699951171875
2012-02-22,881.6500244140625
2012-02-23,884.3499755859375
2012-02-24,885.469970703125
2012-02-27,885.9199829101562
2012-02-28,887.6699829101562
2012-02-29,886.4000244140625
2012-03-01,889.5599975585938
2012-03-02,889.1300048828125
2012-03-05,888.52001953125
2012-03-06,879.9500122070312
2012-03-07,884.8699951171875
2012-03-08,889.3900146484375
2012-03-09,891.77001953125
2012-03-12,893.2899780273438
2012-03-13,895.27001953125
2012-03-14,895.3099975585938
2012-03-15,896.0
2012-03-16,895.4299926757812
2012-03-19,897.1699829101562
2012-03-20,896.260009765625
2012-03-21,895.7899780273438
2012-03-22,892.4000244140625
2012-03-23,894.6500244140625
2012-03-26,901.0700073242188
2012-03-27,899.6500244140625
2012-03-28,898.6799926757812
2012-03-29,898.530029296875
2012-03-30,900.280029296875
2012-04-02,903.4600219726562
2012-04-03,902.8400268554688
2012-04-04,898.3599853515625
2012-04-05,898.8200073242188
2012-04-09,892.469970703125
2012-04-10,879.219970703125
2012-04-11,885.8499755859375
2012-04-12,896.75
2012-04-13,887.1799926757812
2012-04-16,887.0900268554688
2012-04-17,899.530029296875
2012-04-18,897.3699951171875
2012-04-19,892.3599853515625
2012-04-20,895.4099731445312
2012-04-23,890.8699951171875
2012-04-24,893.5
2012-04-25,901.2999877929688
2012-04-26,904.7899780273438
2012-04-27,905.9099731445312
2012-04-30,904.9099731445312
2012-05-01,907.5800170898438
2012-05-02,906.8200073242188
2012-05-03,904.0900268554688
2012-05-04,895.4199829101562
2012-05-07,896.4400024414062
2012-05-08,894.4299926757812
2012-05-09,889.02001953125
2012-05-10,891.9099731445312
2012-05-11,889.47998046875
2012-05-14,880.4299926757812
2012-05-15,875.6900024414062
2012-05-16,872.2000122070312
2012-05-17,859.1900024414062
2012-05-18,854.989990234375
2012-05-21,864.969970703125
2012-05-22,864.97998046875
2012-05-23,866.5399780273438
2012-05-24,868.0700073242188
2012-05-25,867.4600219726562
2012-05-29,872.9000244140625
2012-05-30,867.1599731445312
2012-05-31,866.760009765625
2012-06-01,852.5499877929688
2012-06-04,854.4500122070312
2012-06-05,858.5800170898438
2012-06-06,873.030029296875
2012-06-07,873.6199951171875
2012-06-08,877.0700073242188
2012-06-11,872.9000244140625
2012-06-12,879.5900268554688
2012-06-13,877.4000244140625
2012-06-14,881.6900024414062
2012-06-15,885.969970703125
2012-06-18,889.219970703125
2012-06-19,892.780029296875
2012-06-20,893.5
2012-06-21,883.2899780273438
2012-06-22,887.9600219726562
2012-06-25,879.6300048828125
2012-06-26,882.7899780273438
2012-06-27,887.6300048828125
2012-06-28,887.2999877929688
2012-06-29,898.4400024414062
2012-07-02,900.219970703125
2012-07-03,901.5599975585938
2012-07-05,900.719970703125
2012-07-06,900.5499877929688
2012-07-09,899.5700073242188
2012-07-10,897.239990234375
2012-07-11,898.1199951171875
2012-07-12,896.280029296875
2012-07-13,904.1199951171875
2012-07-16,903.75
2012-07-17,905.530029296875
2012-07-18,905.97998046875
2012-07-19,906.8099975585938
2012-07-20,902.760009765625
2012-07-23,897.6599731445312
2012-07-24,891.52001953125
2012-07-25,892.260009765625
2012-07-26,902.760009765625
2012-07-27,911.1300048828125
2012-07-30,910.510009765625
2012-07-31,908.9199829101562
2012-08-01,908.2000122070312
2012-08-02,906.8900146484375
2012-08-03,915.239990234375
2012-08-06,916.3300170898438
2012-08-07,917.969970703125
2012-08-08,918.510009765625
2012-08-09,919.1799926757812
2012-08-10,920.0900268554688
2012-08-13,919.7899780273438
2012-08-14,920.0399780273438
2012-08-15,920.6500244140625
2012-08-16,920.2999877929688
2012-08-17,919.3900146484375
2012-08-20,920.5399780273438
2012-08-21,918.2000122070312
2012-08-22,918.27001953125
2012-08-23,913.8400268554688
2012-08-24,918.280029296875
2012-08-27,918.0
2012-08-28,917.5700073242188
2012-08-29,918.3099975585938
2012-08-30,913.8599853515625
2012-08-31,917.530029296875
2012-09-04,917.3900146484375
2012-09-05,917.0999755859375
2012-09-06,928.22998046875
2012-09-07,930.8099975585938
2012-09-10,927.9099731445312
2012-09-11,929.3200073242188
2012-09-12,930.3599853515625
2012-09-13,933.469970703125
2012-09-14,934.1799926757812
2012-09-17,934.5
2012-09-18,934.3099975585938
2012-09-19,935.0
2012-09-20,934.6900024414062
2012-09-21,932.1799926757812
2012-09-24,931.1099853515625
2012-09-25,924.4199829101562
2012-09-26,920.3400268554688
2012-09-27,928.1199951171875
2012-09-28,925.1699829101562
2012-10-01,927.2999877929688
2012-10-02,928.2999877929688
2012-10-03,930.989990234375
2012-10-04,935.0399780273438
2012-10-05,936.1900024414062
2012-10-08,934.5399780273438
2012-10-09,927.9500122070312
2012-10-10,923.469970703125
2012-10-11,924.1900024414062
2012-10-12,921.719970703125
2012-10-15,929.1400146484375
2012-10-16,937.6900024414062
2012-10-17,941.1699829101562
2012-10-18,940.6099853515625
2012-10-19,927.1400146484375
2012-10-22,927.72998046875
2012-10-23,917.4199829101562
2012-10-24,915.5599975585938
2012-10-25,918.0999755859375
2012-10-26,918.02001953125
2012-10-31,918.4299926757812
2012-11-01,927.260009765625
2012-11-02,920.27001953125
2012-11-05,922.1599731445312
2012-11-06,928.3099975585938
2012-11-07,910.4600219726562
2012-11-08,899.72998046875
2012-11-09,901.4000244140625
2012-11-12,901.530029296875
2012-11-13,898.280029296875
2012-11-14,886.1599731445312
2012-11-15,884.7999877929688
2012-11-16,888.0999755859375
2012-11-19,895.9500122070312
2012-11-20,896.2100219726562
2012-11-21,896.8400268554688
2012-11-23,900.5599975585938
2012-11-26,899.6400146484375
2012-11-27,898.530029296875
2012-11-28,900.0900268554688
2012-11-29,901.0499877929688
2012-11-30,900.9000244140625
2012-12-03,900.77001953125
2012-12-04,900.6099853515625
2012-12-05,901.52001953125
2012-12-06,902.239990234375
2012-12-07,902.9000244140625
2012-12-10,903.1799926757812
2012-12-11,903.1699829101562
2012-12-12,903.3400268554688
2012-12-13,902.969970703125
2012-12-14,902.8200073242188
2012-12-17,903.5599975585938
2012-12-18,903.9299926757812
2012-12-19,903.8400268554688
2012-12-20,904.1300048828125
2012-12-21,901.260009765625
2012-12-24,901.219970703125
2012-12-26,898.2000122070312
2012-12-27,897.989990234375
2012-12-28,890.7000122070312
2012-12-31,902.0900268554688
2013-01-02,913.239990234375
2013-01-03,913.6199951171875
2013-01-04,915.4500122070312
2013-01-07,915.3400268554688
2013-01-08,915.510009765625
2013-01-09,915.8300170898438
2013-01-10,916.6599731445312
2013-01-11,916.4600219726562
2013-01-14,916.5399780273438
2013-01-15,917.4199829101562
2013-01-16,917.6900024414062
2013-01-17,917.0
2013-01-18,917.8699951171875
2013-01-22,920.1199951171875
2013-01-23,920.7100219726562
2013-01-24,920.7999877929688
2013-01-25,922.2000122070312
2013-01-28,921.7999877929688
2013-01-29,923.010009765625
2013-01-30,922.4500122070312
2013-01-31,922.3699951171875
2013-02-01,925.4400024414062
2013-02-04,922.3900146484375
2013-02-05,925.4000244140625
2013-02-06,925.969970703125
2013-02-07,926.239990234375
2013-02-08,927.1699829101562
2013-02-11,927.0499877929688
2013-02-12,927.52001953125
2013-02-13,927.489990234375
2013-02-14,927.4199829101562
2013-02-15,926.010009765625
2013-02-19,929.9099731445312
2013-02-20,922.3699951171875
2013-02-21,918.47998046875
2013-02-22,924.5599975585938
2013-02-25,910.4600219726562
2013-02-26,916.8300170898438
2013-02-27,925.6599731445312
2013-02-28,925.6300048828125
2013-03-01,927.4400024414062
2013-03-04,931.1699829101562
2013-03-05,934.6400146484375
2013-03-06,935.510009765625
2013-03-07,936.3099975585938
2013-03-08,937.7999877929688
2013-03-11,937.9199829101562
2013-03-12,937.8699951171875
2013-03-13,938.4600219726562
2013-03-14,939.3800048828125
2013-03-15,941.1500244140625
2013-03-18,937.25
2013-03-19,935.7000122070312
2013-03-20,940.3599853515625
2013-03-21,935.5499877929688
2013-03-22,939.2999877929688
2013-03-25,938.260009765625
2013-03-26,943.0800170898438
2013-03-27,942.8499755859375
2013-03-28,945.5999755859375
2013-04-01,943.8099975585938
2013-04-02,946.5499877929688
2013-04-03,941.3200073242188
2013-04-04,943.5399780273438
2013-04-05,942.1699829101562
2013-04-08,946.22998046875
2013-04-09,948.1500244140625
2013-04-10,951.3400268554688
2013-04-11,952.52001953125
2013-04-12,952.25
2013-04-15,943.2100219726562
2013-04-16,951.3699951171875
2013-04-17,945.9299926757812
2013-04-18,941.760009765625
2013-04-19,936.219970703125
2013-04-22,952.260009765625
2013-04-23,955.8699951171875
2013-04-24,956.0
2013-04-25,956.8800048828125
2013-04-26,956.8499755859375
2013-04-29,959.1400146484375
2013-04-30,959.989990234375
2013-05-01,957.5700073242188
2013-05-02,960.25
2013-05-03,960.8499755859375
2013-05-06,961.8900146484375
2013-05-07,962.260009765625
2013-05-08,962.530029296875
2013-05-09,961.989990234375
2013-05-10,963.0399780273438
2013-05-13,962.6300048828125
2013-05-14,962.489990234375
2013-05-15,962.8300170898438
2013-05-16,962.8699951171875
2013-05-17,966.1799926757812
2013-05-20,966.5999755859375
2013-05-21,966.989990234375
2013-05-22,963.2999877929688
2013-05-23,961.9400024414062
2013-05-24,962.1300048828125
2013-05-28,965.6900024414062
2013-05-29,962.25
2013-05-30,964.9500122070312
2013-05-31,955.97998046875
2013-06-03,960.8099975585938
2013-06-04,957.1400146484375
2013-06-05,946.75
2013-06-06,954.0800170898438
2013-06-07,964.4199829101562
2013-06-10,964.7000122070312
2013-06-11,956.7899780273438
2013-06-12,950.030029296875
2013-06-13,962.9500122070312
2013-06-14,958.5900268554688
2013-06-17,965.1799926757812
2013-06-18,970.739990234375
2013-06-19,960.5499877929688
2013-06-20,936.969970703125
2013-06-21,937.7999877929688
2013-06-24,931.9600219726562
2013-06-25,938.0700073242188
2013-06-26,943.5599975585938
2013-06-27,946.5399780273438
2013-06-28,946.0
2013-07-01,948.9199829101562
2013-07-02,949.4400024414062
2013-07-03,949.52001953125
2013-07-05,953.97998046875
2013-07-08,955.030029296875
2013-07-09,956.1599731445312
2013-07-10,956.1099853515625
2013-07-11,956.8099975585938
2013-07-12,958.530029296875
2013-07-15,956.97998046875
2013-07-16,957.02001953125
2013-07-17,957.5800170898438
2013-07-18,957.1900024414062
2013-07-19,958.0800170898438
2013-07-22,960.0999755859375
2013-07-23,959.0700073242188
2013-07-24,957.4500122070312
2013-07-25,959.1599731445312
2013-07-26,960.2000122070312
2013-07-29,958.5499877929688
2013-07-30,958.5399780273438
2013-07-31,958.3300170898438
2013-08-01,964.6699829101562
2013-08-02,966.719970703125
2013-08-05,967.2000122070312
2013-08-06,965.0999755859375
2013-08-07,963.9400024414062
2013-08-08,966.27001953125
2013-08-09,965.0700073242188
2013-08-12,965.6500244140625
2013-08-13,967.75
2013-08-14,966.0399780273438
2013-08-15,953.8300170898438
2013-08-16,951.5800170898438
2013-08-19,948.8400268554688
2013-08-20,951.1400146484375
2013-08-21,948.0399780273438
2013-08-22,953.5
2013-08-23,956.469970703125
2013-08-26,954.510009765625
2013-08-27,944.3499755859375
2013-08-28,946.7000122070312
2013-08-29,948.0399780273438
2013-08-30,946.2899780273438
2013-09-03,950.1599731445312
2013-09-04,955.8900146484375
2013-09-05,957.1099853515625
2013-09-06,957.52001953125
2013-09-09,963.0700073242188
2013-09-10,966.7100219726562
2013-09-11,969.3699951171875
2013-09-12,967.6300048828125
2013-09-13,968.760009765625
2013-09-16,969.5
2013-09-17,970.0499877929688
2013-09-18,970.5599975585938
2013-09-19,970.72998046875
2013-09-20,964.4600219726562
2013-09-23,961.6599731445312
2013-09-24,960.1699829101562
2013-09-25,958.6099853515625
2013-09-26,961.6699829101562
2013-09-27,958.4199829101562
2013-09-30,953.719970703125
2013-10-01,960.6099853515625
2013-10-02,960.2100219726562
2013-10-03,953.0
2013-10-04,959.2100219726562
2013-10-07,951.8599853515625
2013-10-08,941.3099975585938
2013-10-09,942.0
2013-10-10,961.8499755859375
2013-10-11,967.469970703125
2013-10-14,970.4500122070312
2013-10-15,964.8699951171875
2013-10-16,977.2999877929688
2013-10-17,981.1400146484375
2013-10-18,983.4299926757812
2013-10-21,983.989990234375
2013-10-22,985.7899780273438
2013-10-23,984.4099731445312
2013-10-24,985.989990234375
2013-10-25,987.760009765625
2013-10-28,988.3599853515625
2013-10-29,989.8599853515625
2013-10-30,988.75
2013-10-31,987.9000244140625
2013-11-01,989.5800170898438
2013-11-04,991.4099731445312
2013-11-05,991.1400146484375
2013-11-06,992.4500122070312
2013-11-07,988.6900024414062
2013-11-08,992.9400024414062
2013-11-11,993.72998046875
2013-11-12,993.3200073242188
2013-11-13,994.4199829101562
2013-11-14,993.4500122070312
2013-11-15,996.7899780273438
2013-11-18,995.2100219726562
2013-11-19,994.239990234375
2013-11-20,992.6300048828125
2013-11-21,997.2899780273438
2013-11-22,1000.4099731445312
2013-11-25,1000.02001953125
2013-11-26,1000.219970703125
2013-11-27,1001.77001953125
2013-11-29,1001.1199951171875
2013-12-02,1000.5399780273438
2013-12-03,999.5599975585938
2013-12-04,998.8699951171875
2013-12-05,996.5800170898438
2013-12-06,1003.1900024414062
2013-12-09,1004.1799926757812
2013-12-10,1003.22998046875
2013-12-11,997.3200073242188
2013-12-12,995.219970703125
2013-12-13,995.3099975585938
2013-12-16,1000.260009765625
2013-12-17,998.8699951171875
2013-12-18,1008.7100219726562
2013-12-19,1009.1300048828125
2013-12-20,1013.3900146484375
2013-12-23,1017.0599975585938
2013-12-24,1018.239990234375
2013-12-26,1020.5800170898438
2013-12-27,1020.7899780273438
2013-12-30,1020.77001953125
2013-12-31,1021.6799926757812
2014-01-02,1019.7000122070312
2014-01-03,1021.02001953125
2014-01-06,1021.1500244140625
2014-01-07,1023.8499755859375
2014-01-08,1023.9099731445312
2014-01-09,1024.27001953125
2014-01-10,1025.3399658203125
2014-01-13,1021.7999877929688
2014-01-14,1026.3900146484375
2014-01-15,1026.8699951171875
2014-01-16,1027.0400390625
2014-01-17,1024.550048828125
2014-01-21,1026.6500244140625
2014-01-22,1027.1199951171875
2014-01-23,1021.72998046875
2014-01-24,1004.75
2014-01-27,1000.75
2014-01-28,1006.6300048828125
2014-01-29,997.25
2014-01-30,1007.6400146484375
2014-01-31,1001.5900268554688
2014-02-03,979.989990234375
2014-02-04,987.510009765625
2014-02-05,985.8200073242188
2014-02-06,998.4099731445312
2014-02-07,1011.3400268554688
2014-02-10,1013.2100219726562
2014-02-11,1023.5499877929688
2014-02-12,1023.9400024414062
2014-02-13,1029.43994140625
2014-02-14,1033.449951171875
2014-02-18,1035.1800537109375
2014-02-19,1030.5999755859375
2014-02-20,1036.8900146484375
2014-02-21,1037.6400146484375
2014-02-24,1041.3599853515625
2014-02-25,1040.72998046875
2014-02-26,1041.2099609375
2014-02-27,1042.75
2014-02-28,1043.93994140625
2014-03-03,1041.18994140625
2014-03-04,1048.300048828125
2014-03-05,1048.8800048828125
2014-03-06,1049.0
2014-03-07,1050.25
2014-03-10,1050.6199951171875
2014-03-11,1049.469970703125
2014-03-12,1050.300048828125
2014-03-13,1044.3699951171875
2014-03-14,1042.93994140625
2014-03-17,1050.5400390625
2014-03-18,1053.1199951171875
2014-03-19,1052.3599853515625
2014-03-20,1053.68994140625
2014-03-21,1041.6099853515625
2014-03-24,1038.5699462890625
2014-03-25,1042.4300537109375
2014-03-26,1037.0899658203125
2014-03-27,1036.18994140625
2014-03-28,1040.300048828125
2014-03-31,1046.6600341796875
2014-04-01,1051.3299560546875
2014-04-02,1052.8299560546875
2014-04-03,1052.3499755859375
2014-04-04,1045.0799560546875
2014-04-07,1036.2900390625
2014-04-08,1040.6199951171875
2014-04-09,1050.3599853515625
2014-04-10,1031.0400390625
2014-04-11,1021.52001953125
2014-04-14,1030.0
2014-04-15,1036.9599609375
2014-04-16,1047.8199462890625
2014-04-17,1048.9100341796875
2014-04-21,1052.02001953125
2014-04-22,1053.8199462890625
2014-04-23,1053.0400390625
2014-04-24,1054.02001953125
2014-04-25,1050.1099853515625
2014-04-28,1052.530029296875
2014-04-29,1055.1700439453125
2014-04-30,1057.219970703125
2014-05-01,1057.3299560546875
2014-05-02,1057.9300537109375
2014-05-05,1059.3299560546875
2014-05-06,1055.3199462890625
2014-05-07,1058.3900146484375
2014-05-08,1059.0999755859375
2014-05-09,1060.489990234375
2014-05-12,1062.9300537109375
2014-05-13,1063.31005859375
2014-05-14,1063.449951171875
2014-05-15,1061.8399658203125
2014-05-16,1065.9000244140625
2014-05-19,1068.239990234375
2014-05-20,1065.3699951171875
2014-05-21,1069.760009765625
2014-05-22,1070.4100341796875
2014-05-23,1072.9599609375
2014-05-27,1075.2099609375
2014-05-28,1074.9100341796875
2014-05-29,1076.550048828125
2014-05-30,1077.1800537109375
2014-06-02,1077.5400390625
2014-06-03,1077.6099853515625
2014-06-04,1077.780029296875
2014-06-05,1078.739990234375
2014-06-06,1079.3199462890625
2014-06-09,1079.3299560546875
2014-06-10,1079.75
2014-06-11,1079.0400390625
2014-06-12,1079.0799560546875
2014-06-13,1079.510009765625
2014-06-16,1079.6700439453125
2014-06-17,1078.949951171875
2014-06-18,1079.6800537109375
2014-06-19,1080.0400390625
2014-06-20,1078.550048828125
2014-06-23,1078.739990234375
2014-06-24,1074.06005859375
2014-06-25,1077.7099609375
2014-06-26,1077.4200439453125
2014-06-27,1079.1300048828125
2014-06-30,1079.550048828125
2014-07-01,1083.199951171875
2014-07-02,1084.0899658203125
2014-07-03,1086.4300537109375
2014-07-07,1085.3399658203125
2014-07-08,1081.5899658203125
2014-07-09,1085.0699462890625
2014-07-10,1083.02001953125
2014-07-11,1084.699951171875
2014-07-14,1087.18994140625
2014-07-15,1086.6800537109375
2014-07-16,1089.02001953125
2014-07-17,1084.5799560546875
2014-07-18,1094.31005859375
2014-07-21,1093.0899658203125
2014-07-22,1096.1099853515625
2014-07-23,1097.0899658203125
2014-07-24,1097.6199951171875
2014-07-25,1095.050048828125
2014-07-28,1096.4000244140625
2014-07-29,1093.47998046875
2014-07-30,1093.8699951171875
2014-07-31,1077.25
2014-08-01,1075.199951171875
2014-08-04,1083.1300048828125
2014-08-05,1073.300048828125
2014-08-06,1073.780029296875
2014-08-07,1068.239990234375
2014-08-08,1080.469970703125
2014-08-11,1083.7900390625
2014-08-12,1082.1300048828125
2014-08-13,1089.68994140625
2014-08-14,1094.469970703125
2014-08-15,1093.1500244140625
2014-08-18,1098.72998046875
2014-08-19,1100.6600341796875
2014-08-20,1101.6199951171875
2014-08-21,1102.6800537109375
2014-08-22,1102.469970703125
2014-08-25,1103.8900146484375
2014-08-26,1104.780029296875
2014-08-27,1105.43994140625
2014-08-28,1104.719970703125
2014-08-29,1105.72998046875
2014-09-02,1106.5
2014-09-03,1106.1099853515625
2014-09-04,1106.0799560546875
2014-09-05,1107.6099853515625
2014-09-08,1107.260009765625
2014-09-09,1105.77001953125
2014-09-10,1106.6800537109375
2014-09-11,1107.5400390625
2014-09-12,1106.3699951171875
2014-09-15,1106.5699462890625
2014-09-16,1108.22998046875
2014-09-17,1108.6800537109375
2014-09-18,1108.93994140625
2014-09-19,1102.9200439453125
2014-09-22,1096.949951171875
2014-09-23,1092.050048828125
2014-09-24,1099.1300048828125
2014-09-25,1084.260009765625
2014-09-26,1092.97998046875
2014-09-29,1090.8900146484375
2014-09-30,1088.239990234375
2014-10-01,1075.0799560546875
2014-10-02,1075.43994140625
2014-10-03,1087.1099853515625
2014-10-06,1085.77001953125
2014-10-07,1069.550048828125
2014-10-08,1088.2900390625
2014-10-09,1066.2099609375
2014-10-10,1054.18994140625
2014-10-13,1036.8599853515625
2014-10-14,1038.530029296875
2014-10-15,1030.199951171875
2014-10-16,1030.4000244140625
2014-10-17,1044.510009765625
2014-10-20,1051.43994140625
2014-10-21,1060.5400390625
2014-10-22,1056.199951171875
2014-10-23,1061.760009765625
2014-10-24,1063.4100341796875
2014-10-27,1063.97998046875
2014-10-28,1067.739990234375
2014-10-29,1067.2900390625
2014-10-30,1068.0699462890625
2014-10-31,1069.5999755859375
2014-11-03,1069.5
2014-11-04,1069.4200439453125
2014-11-05,1070.25
2014-11-06,1070.3399658203125
2014-11-07,1070.530029296875
2014-11-10,1070.7900390625
2014-11-11,1070.4100341796875
2014-11-12,1070.5799560546875
2014-11-13,1070.5799560546875
2014-11-14,1070.5400390625
2014-11-17,1070.8299560546875
2014-11-18,1070.4000244140625
2014-11-19,1070.7900390625
2014-11-20,1070.93994140625
2014-11-21,1065.6099853515625
2014-11-24,1067.77001953125
2014-11-25,1067.0899658203125
2014-11-26,1069.3699951171875
2014-11-28,1067.06005859375
2014-12-01,1062.9300537109375
2014-12-02,1068.0699462890625
2014-12-03,1070.47998046875
2014-12-04,1070.7099609375
2014-12-05,1072.1700439453125
2014-12-08,1067.949951171875
2014-12-09,1065.800048828125
2014-12-10,1053.969970703125
2014-12-11,1058.4300537109375
2014-12-12,1043.5400390625
2014-12-15,1037.550048828125
2014-12-16,1028.75
2014-12-17,1049.7900390625
2014-12-18,1074.219970703125
2014-12-19,1077.8900146484375
2014-12-22,1082.0799560546875
2014-12-23,1083.2900390625
2014-12-24,1083.68994140625
2014-12-26,1085.699951171875
2014-12-29,1086.93994140625
2014-12-30,1085.3699951171875
2014-12-31,1079.2900390625
2015-01-02,1081.2099609375
2015-01-05,1067.3299560546875
2015-01-06,1058.81005859375
2015-01-07,1070.8599853515625
2015-01-08,1085.2900390625
2015-01-09,1080.0699462890625
2015-01-12,1072.780029296875
2015-01-13,1070.510009765625
2015-01-14,1064.6099853515625
2015-01-15,1054.9100341796875
2015-01-16,1065.5699462890625
2015-01-20,1067.7900390625
2015-01-21,1070.6099853515625
2015-01-22,1077.8599853515625
2015-01-23,1076.9000244140625
2015-01-26,1079.1099853515625
2015-01-27,1073.3599853515625
2015-01-28,1066.0999755859375
2015-01-29,1072.31005859375
2015-01-30,1064.0999755859375
2015-02-02,1073.5999755859375
2015-02-03,1080.3499755859375
2015-02-04,1079.3199462890625
2015-02-05,1082.550048828125
2015-02-06,1081.9300537109375
2015-02-09,1081.93994140625
2015-02-10,1084.969970703125
2015-02-11,1085.27001953125
2015-02-12,1087.1400146484375
2015-02-13,1087.1600341796875
2015-02-17,1087.25
2015-02-18,1087.300048828125
2015-02-19,1087.06005859375
2015-02-20,1091.6300048828125
2015-02-23,1092.510009765625
2015-02-24,1094.1300048828125
2015-02-25,1094.280029296875
2015-02-26,1094.27001953125
2015-02-27,1093.6800537109375
2015-03-02,1097.1600341796875
2015-03-03,1094.8800048828125
2015-03-04,1093.260009765625
2015-03-05,1094.260009765625
2015-03-06,1085.699951171875
2015-03-09,1089.47998046875
2015-03-10,1074.93994140625
2015-03-11,1073.260009765625
2015-03-12,1085.449951171875
2015-03-13,1080.510009765625
2015-03-16,1092.5400390625
2015-03-17,1090.1300048828125
2015-03-18,1100.1199951171875
2015-03-19,1098.8900146484375
2015-03-20,1108.6700439453125
2015-03-23,1108.5999755859375
2015-03-24,1105.010009765625
2015-03-25,1092.9300537109375
2015-03-26,1091.1199951171875
2015-03-27,1093.949951171875
2015-03-30,1104.8399658203125
2015-03-31,1097.550048828125
2015-04-01,1094.6500244140625
2015-04-02,1098.219970703125
2015-04-06,1104.47998046875
2015-04-07,1103.4100341796875
2015-04-08,1106.77001953125
2015-04-09,1111.4200439453125
2015-04-10,1116.22998046875
2015-04-13,1112.52001953125
2015-04-14,1114.8299560546875
2015-04-15,1119.9100341796875
2015-04-16,1120.0799560546875
2015-04-17,1109.1099853515625
2015-04-20,1114.8900146484375
2015-04-21,1114.31005859375
2015-04-22,1117.0
2015-04-23,1117.68994140625
2015-04-24,1119.449951171875
2015-04-27,1118.0899658203125
2015-04-28,1119.75
2015-04-29,1118.550048828125
2015-04-30,1113.3199462890625
2015-05-01,1119.949951171875
2015-05-04,1121.5899658203125
2015-05-05,1116.3900146484375
2015-05-06,1114.0799560546875
2015-05-07,1116.6300048828125
2015-05-08,1124.1600341796875
2015-05-11,1123.5400390625
2015-05-12,1122.7900390625
2015-05-13,1124.1800537109375
2015-05-14,1126.0999755859375
2015-05-15,1124.969970703125
2015-05-18,1127.0799560546875
2015-05-19,1127.199951171875
2015-05-20,1126.8199462890625
2015-05-21,1129.030029296875
2015-05-22,1128.0400390625
2015-05-26,1121.47998046875
2015-05-27,1128.1199951171875
2015-05-28,1127.5699462890625
2015-05-29,1123.7099609375
2015-06-01,1125.989990234375
2015-06-02,1125.4200439453125
2015-06-03,1127.489990234375
2015-06-04,1120.8900146484375
2015-06-05,1120.77001953125
2015-06-08,1115.1199951171875
2015-06-09,1116.06005859375
2015-06-10,1127.6800537109375
2015-06-11,1129.8399658203125
2015-06-12,1123.8199462890625
2015-06-15,1119.31005859375
2015-06-16,1125.449951171875
2015-06-17,1128.18994140625
2015-06-18,1138.93994140625
2015-06-19,1134.68994140625
2015-06-22,1140.06005859375
2015-06-23,1141.1600341796875
2015-06-24,1136.4000244140625
2015-06-25,1134.5
2015-06-26,1134.27001953125
2015-06-29,1115.6800537109375
2015-06-30,1118.8599853515625
2015-07-01,1126.1700439453125
2015-07-02,1126.0699462890625
2015-07-06,1123.510009765625
2015-07-07,1129.4100341796875
2015-07-08,1112.219970703125
2015-07-09,1114.77001953125
2015-07-10,1128.260009765625
2015-07-13,1140.6800537109375
2015-07-14,1145.510009765625
2015-07-15,1145.4100341796875
2015-07-16,1152.0400390625
2015-07-17,1152.9200439453125
2015-07-20,1153.550048828125
2015-07-21,1151.550048828125
2015-07-22,1151.0899658203125
2015-07-23,1146.75
2015-07-24,1137.4599609375
2015-07-27,1131.6400146484375
2015-07-28,1144.43994140625
2015-07-29,1151.2099609375
2015-07-30,1152.02001953125
2015-07-31,1150.1600341796875
2015-08-03,1148.6600341796875
2015-08-04,1146.72998046875
2015-08-05,1150.1700439453125
2015-08-06,1142.6300048828125
2015-08-07,1140.1400146484375
2015-08-10,1153.56005859375
2015-08-11,1143.949951171875
2015-08-12,1145.3199462890625
2015-08-13,1144.3900146484375
2015-08-14,1148.989990234375
2015-08-17,1155.199951171875
2015-08-18,1152.5699462890625
2015-08-19,1143.239990234375
2015-08-20,1119.1500244140625
2015-08-21,1088.530029296875
2015-08-24,1053.280029296875
2015-08-25,1043.0999755859375
2015-08-26,1078.530029296875
2015-08-27,1097.02001953125
2015-08-28,1098.1700439453125
2015-08-31,1094.4599609375
2015-09-01,1068.489990234375
2015-09-02,1088.43994140625
2015-09-03,1089.1300048828125
2015-09-04,1075.0999755859375
2015-09-08,1099.2099609375
2015-09-09,1086.739990234375
2015-09-10,1092.5799560546875
2015-09-11,1098.0999755859375
2015-09-14,1094.510009765625
2015-09-15,1107.1099853515625
2015-09-16,1114.22998046875
2015-09-17,1115.81005859375
2015-09-18,1101.219970703125
2015-09-21,1106.25
2015-09-22,1097.489990234375
2015-09-23,1097.469970703125
2015-09-24,1094.68994140625
2015-09-25,1094.97998046875
2015-09-28,1071.949951171875
2015-09-29,1074.1099853515625
2015-09-30,1092.199951171875
2015-10-01,1094.5
2015-10-02,1106.780029296875
2015-10-05,1118.97998046875
2015-10-06,1118.25
2015-10-07,1123.0400390625
2015-10-08,1126.1300048828125
2015-10-09,1127.739990234375
2015-10-12,1128.8399658203125
2015-10-13,1127.8499755859375
2015-10-14,1128.22998046875
2015-10-15,1129.699951171875
2015-10-16,1128.4000244140625
2015-10-19,1129.1500244140625
2015-10-20,1127.97998046875
2015-10-21,1123.969970703125
2015-10-22,1133.4000244140625
2015-10-23,1137.4300537109375
2015-10-26,1137.1199951171875
2015-10-27,1135.93994140625
2015-10-28,1140.5400390625
2015-10-29,1140.510009765625
2015-10-30,1138.7900390625
2015-11-02,1143.1800537109375
2015-11-03,1143.449951171875
2015-11-04,1142.300048828125
2015-11-05,1143.1800537109375
2015-11-06,1144.0899658203125
2015-11-09,1142.1800537109375
2015-11-10,1143.300048828125
2015-11-11,1143.3499755859375
2015-11-12,1138.75
2015-11-13,1133.1300048828125
2015-11-16,1143.6600341796875
2015-11-17,1143.449951171875
2015-11-18,1146.56005859375
2015-11-19,1146.3900146484375
2015-11-20,1145.6400146484375
2015-11-23,1146.1400146484375
2015-11-24,1146.9200439453125
2015-11-25,1147.8299560546875
2015-11-27,1148.3900146484375
2015-11-30,1145.1700439453125
2015-12-01,1153.239990234375
2015-12-02,1146.199951171875
2015-12-03,1133.6700439453125
2015-12-04,1151.9100341796875
2015-12-07,1146.7900390625
2015-12-08,1142.2099609375
2015-12-09,1134.800048828125
2015-12-10,1137.7900390625
2015-12-11,1117.3299560546875
2015-12-14,1122.97998046875
2015-12-15,1134.52001953125
2015-12-16,1150.8900146484375
2015-12-17,1135.219970703125
2015-12-18,1117.56005859375
2015-12-21,1124.9200439453125
2015-12-22,1131.27001953125
2015-12-23,1136.9599609375
2015-12-24,1136.9100341796875
2015-12-28,1137.030029296875
2015-12-29,1140.6500244140625
2015-12-30,1139.219970703125
2015-12-31,1135.8699951171875
2016-01-04,1127.4000244140625
2016-01-05,1130.260009765625
2016-01-06,1121.81005859375
2016-01-07,1098.6300048828125
2016-01-08,1087.6500244140625
2016-01-11,1088.7900390625
2016-01-12,1097.3800048828125
2016-01-13,1070.1800537109375
2016-01-14,1088.0699462890625
2016-01-15,1063.510009765625
2016-01-19,1065.6600341796875
2016-01-20,1058.7099609375
2016-01-21,1062.6099853515625
2016-01-22,1076.1500244140625
2016-01-25,1068.25
2016-01-26,1077.280029296875
2016-01-27,1071.3499755859375
2016-01-28,1075.6600341796875
2016-01-29,1087.550048828125
2016-02-01,1086.969970703125
2016-02-02,1080.0899658203125
2016-02-03,1082.43994140625
2016-02-04,1083.81005859375
2016-02-05,1075.7099609375
2016-02-08,1067.280029296875
2016-02-09,1067.0799560546875
2016-02-10,1069.010009765625
2016-02-11,1060.06005859375
2016-02-12,1078.2099609375
2016-02-16,1090.7900390625
2016-02-17,1094.6199951171875
2016-02-18,1094.5999755859375
2016-02-19,1098.0
2016-02-22,1106.3699951171875
2016-02-23,1099.239990234375
2016-02-24,1102.0
2016-02-25,1108.199951171875
2016-02-26,1107.719970703125
2016-02-29,1105.5999755859375
2016-03-01,1114.9200439453125
2016-03-02,1116.449951171875
2016-03-03,1117.510009765625
2016-03-04,1117.739990234375
2016-03-07,1118.93994140625
2016-03-08,1116.9599609375
2016-03-09,1118.4200439453125
2016-03-10,1118.93994140625
2016-03-11,1120.77001953125
2016-03-14,1120.72998046875
2016-03-15,1120.449951171875
2016-03-16,1120.260009765625
2016-03-17,1120.52001953125
2016-03-18,1120.2099609375
2016-03-21,1122.22998046875
2016-03-22,1121.3800048828125
2016-03-23,1117.5999755859375
2016-03-24,1117.97998046875
2016-03-28,1119.239990234375
2016-03-29,1125.5899658203125
2016-03-30,1128.1700439453125
2016-03-31,1127.3900146484375
2016-04-01,1130.550048828125
2016-04-04,1130.18994140625
2016-04-05,1124.510009765625
2016-04-06,1131.0899658203125
2016-04-07,1124.510009765625
2016-04-08,1128.1700439453125
2016-04-11,1126.9200439453125
2016-04-12,1134.31005859375
2016-04-13,1135.8900146484375
2016-04-14,1136.0899658203125
2016-04-15,1134.4599609375
2016-04-18,1138.6800537109375
2016-04-19,1140.22998046875
2016-04-20,1140.6800537109375
2016-04-21,1138.3499755859375
2016-04-22,1139.2099609375
2016-04-25,1138.5
2016-04-26,1139.6099853515625
2016-04-27,1140.8499755859375
2016-04-28,1135.1099853515625
2016-04-29,1132.3800048828125
2016-05-02,1138.949951171875
2016-05-03,1133.1199951171875
2016-05-04,1128.530029296875
2016-05-05,1129.1099853515625
2016-05-06,1132.800048828125
2016-05-09,1134.280029296875
2016-05-10,1143.93994140625
2016-05-11,1137.949951171875
2016-05-12,1138.4000244140625
2016-05-13,1130.760009765625
2016-05-16,1141.31005859375
2016-05-17,1132.0699462890625
2016-05-18,1132.6500244140625
2016-05-19,1128.5699462890625
2016-05-20,1136.97998046875
2016-05-23,1136.3800048828125
2016-05-24,1144.5
2016-05-25,1147.699951171875
2016-05-26,1148.0699462890625
2016-05-27,1150.1099853515625
2016-05-31,1150.22998046875
2016-06-01,1150.6500244140625
2016-06-02,1151.949951171875
2016-06-03,1152.1500244140625
2016-06-06,1153.0400390625
2016-06-07,1153.18994140625
2016-06-08,1154.1300048828125
2016-06-09,1153.9300537109375
2016-06-10,1152.5899658203125
2016-06-13,1151.0799560546875
2016-06-14,1152.1199951171875
2016-06-15,1152.9000244140625
2016-06-16,1154.3199462890625
2016-06-17,1149.4300537109375
2016-06-20,1153.780029296875
2016-06-21,1154.989990234375
2016-06-22,1151.8900146484375
2016-06-23,1160.9000244140625
2016-06-24,1139.510009765625
2016-06-27,1126.9100341796875
2016-06-28,1144.469970703125
2016-06-29,1157.010009765625
2016-06-30,1163.510009765625
2016-07-01,1165.81005859375
2016-07-05,1164.449951171875
2016-07-06,1166.75
2016-07-07,1167.280029296875
2016-07-08,1170.5699462890625
2016-07-11,1170.9100341796875
2016-07-12,1170.6500244140625
2016-07-13,1170.8699951171875
2016-07-14,1170.8199462890625
2016-07-15,1164.8599853515625
2016-07-18,1167.06005859375
2016-07-19,1166.780029296875
2016-07-20,1169.56005859375
2016-07-21,1167.239990234375
2016-07-22,1170.9200439453125
2016-07-25,1169.0999755859375
2016-07-26,1169.3299560546875
2016-07-27,1169.1300048828125
2016-07-28,1170.449951171875
2016-07-29,1172.739990234375
2016-08-01,1172.4100341796875
2016-08-02,1167.9200439453125
2016-08-03,1171.3599853515625
2016-08-04,1171.9100341796875
2016-08-05,1178.0999755859375
2016-08-08,1178.25
2016-08-09,1178.489990234375
2016-08-10,1177.699951171875
2016-08-11,1180.3299560546875
2016-08-12,1181.1600341796875
2016-08-15,1182.280029296875
2016-08-16,1180.9599609375
2016-08-17,1182.52001953125
2016-08-18,1183.3900146484375
2016-08-19,1185.219970703125
2016-08-22,1185.1400146484375
2016-08-23,1186.1400146484375
2016-08-24,1182.22998046875
2016-08-25,1181.3900146484375
2016-08-26,1180.9300537109375
2016-08-29,1185.8499755859375
2016-08-30,1185.18994140625
2016-08-31,1183.8699951171875
2016-09-01,1184.030029296875
2016-09-02,1188.760009765625
2016-09-06,1191.199951171875
2016-09-07,1191.9599609375
2016-09-08,1191.1300048828125
2016-09-09,1165.2900390625
2016-09-12,1182.1500244140625
2016-09-13,1165.6600341796875
2016-09-14,1165.2099609375
2016-09-15,1177.1700439453125
2016-09-16,1172.739990234375
2016-09-19,1173.0999755859375
2016-09-20,1173.18994140625
2016-09-21,1180.56005859375
2016-09-22,1184.72998046875
2016-09-23,1182.6800537109375
2016-09-26,1177.530029296875
2016-09-27,1182.3599853515625
2016-09-28,1185.3499755859375
2016-09-29,1179.9000244140625
2016-09-30,1184.8299560546875
2016-10-03,1184.219970703125
2016-10-04,1182.1800537109375
2016-10-05,1185.3699951171875
2016-10-06,1186.260009765625
2016-10-07,1185.72998046875
2016-10-10,1188.6700439453125
2016-10-11,1182.199951171875
2016-10-12,1183.5699462890625
2016-10-13,1182.0699462890625
2016-10-14,1183.47998046875
2016-10-17,1182.4599609375
2016-10-18,1188.260009765625
2016-10-19,1190.27001953125
2016-10-20,1191.75
2016-10-21,1192.8399658203125
2016-10-24,1196.6700439453125
2016-10-25,1193.8499755859375
2016-10-26,1192.5
2016-10-27,1190.2099609375
2016-10-28,1187.6400146484375
2016-10-31,1187.4100341796875
2016-11-01,1182.219970703125
2016-11-02,1177.18994140625
2016-11-03,1172.8399658203125
2016-11-04,1171.27001953125
2016-11-07,1190.219970703125
2016-11-08,1193.43994140625
2016-11-09,1203.4000244140625
2016-11-10,1205.02001953125
2016-11-11,1206.25
2016-11-14,1207.27001953125
2016-11-15,1208.989990234375
2016-11-16,1209.6700439453125
2016-11-17,1210.0699462890625
2016-11-18,1208.1300048828125
2016-11-21,1213.22998046875
2016-11-22,1214.469970703125
2016-11-23,1215.22998046875
2016-11-25,1217.3399658203125
2016-11-28,1214.8499755859375
2016-11-29,1215.81005859375
2016-11-30,1214.7900390625
2016-12-01,1213.0
2016-12-02,1213.8800048828125
2016-12-05,1219.43994140625
2016-12-06,1221.6400146484375
2016-12-07,1223.5699462890625
2016-12-08,1223.81005859375
2016-12-09,1223.760009765625
2016-12-12,1223.8699951171875
2016-12-13,1224.0699462890625
2016-12-14,1223.97998046875
2016-12-15,1224.1800537109375
2016-12-16,1219.760009765625
2016-12-19,1222.0
2016-12-20,1224.2900390625
2016-12-21,1223.5
2016-12-22,1222.8299560546875
2016-12-23,1224.0400390625
2016-12-27,1226.0400390625
2016-12-28,1220.4599609375
2016-12-29,1220.239990234375
2016-12-30,1216.1300048828125
2017-01-03,1225.1600341796875
2017-01-04,1230.1700439453125
2017-01-05,1230.2099609375
2017-01-06,1232.760009765625
2017-01-09,1231.8199462890625
2017-01-10,1232.8900146484375
2017-01-11,1234.97998046875
2017-01-12,1234.469970703125
2017-01-13,1236.52001953125
2017-01-17,1235.72998046875
2017-01-18,1237.5400390625
2017-01-19,1235.800048828125
2017-01-20,1239.3199462890625
2017-01-23,1237.5400390625
2017-01-24,1242.25
2017-01-25,1245.6400146484375
2017-01-26,1245.75
2017-01-27,1246.6199951171875
2017-01-30,1243.469970703125
2017-01-31,1243.0999755859375
2017-02-01,1244.5
2017-02-02,1245.2900390625
2017-02-03,1249.6800537109375
2017-02-06,1249.6500244140625
2017-02-07,1250.300048828125
2017-02-08,1250.81005859375
2017-02-09,1252.469970703125
2017-02-10,1252.780029296875
2017-02-13,1253.1300048828125
2017-02-14,1253.2099609375
2017-02-15,1253.5999755859375
2017-02-16,1253.52001953125
2017-02-17,1257.300048828125
2017-02-21,1260.280029296875
2017-02-22,1259.8199462890625
2017-02-23,1260.1500244140625
2017-02-24,1261.739990234375
2017-02-27,1261.6700439453125
2017-02-28,1260.3599853515625
2017-03-01,1265.3900146484375
2017-03-02,1265.199951171875
2017-03-03,1266.4300537109375
2017-03-06,1266.02001953125
2017-03-07,1265.6099853515625
2017-03-08,1265.0899658203125
2017-03-09,1265.22998046875
2017-03-10,1266.52001953125
2017-03-13,1267.52001953125
2017-03-14,1267.219970703125
2017-03-15,1268.969970703125
2017-03-16,1269.52001953125
2017-03-17,1266.0
2017-03-20,1265.050048828125
2017-03-21,1254.2900390625
2017-03-22,1255.989990234375
2017-03-23,1254.75
2017-03-24,1254.3299560546875
2017-03-27,1254.43994140625
2017-03-28,1261.989990234375
2017-03-29,1263.6500244140625
2017-03-30,1266.6099853515625
2017-03-31,1264.9300537109375
2017-04-03,1263.9300537109375
2017-04-04,1265.3599853515625
2017-04-05,1262.1199951171875
2017-04-06,1264.719970703125
2017-04-07,1264.27001953125
2017-04-10,1265.6400146484375
2017-04-11,1264.3499755859375
2017-04-12,1260.27001953125
2017-04-13,1251.9200439453125
2017-04-17,1262.77001953125
2017-04-18,1259.1800537109375
2017-04-19,1257.31005859375
2017-04-20,1266.8399658203125
2017-04-21,1263.719970703125
2017-04-24,1273.5699462890625
2017-04-25,1276.18994140625
2017-04-26,1276.3900146484375
2017-04-27,1276.93994140625
2017-04-28,1276.47998046875
2017-05-01,1277.4300537109375
2017-05-02,1278.3199462890625
2017-05-03,1278.4200439453125
2017-05-04,1278.5999755859375
2017-05-05,1279.530029296875
2017-05-08,1281.3699951171875
2017-05-09,1281.0699462890625
2017-05-10,1281.52001953125
2017-05-11,1281.1500244140625
2017-05-12,1282.030029296875
2017-05-15,1282.1700439453125
2017-05-16,1282.47998046875
2017-05-17,1277.2900390625
2017-05-18,1282.0999755859375
2017-05-19,1289.1099853515625
2017-05-22,1293.469970703125
2017-05-23,1294.4599609375
2017-05-24,1296.7900390625
2017-05-25,1298.219970703125
2017-05-26,1299.02001953125
2017-05-30,1299.1099853515625
2017-05-31,1299.25
2017-06-01,1300.969970703125
2017-06-02,1302.6400146484375
2017-06-05,1302.18994140625
2017-06-06,1301.800048828125
2017-06-07,1302.7099609375
2017-06-08,1303.0999755859375
2017-06-09,1303.530029296875
2017-06-12,1303.1199951171875
2017-06-13,1303.989990234375
2017-06-14,1304.5899658203125
2017-06-15,1304.719970703125
2017-06-16,1303.239990234375
2017-06-19,1307.1600341796875
2017-06-20,1303.4200439453125
2017-06-21,1303.6300048828125
2017-06-22,1304.239990234375
2017-06-23,1306.0799560546875
2017-06-26,1306.8900146484375
2017-06-27,1301.449951171875
2017-06-28,1307.6500244140625
2017-06-29,1302.06005859375
2017-06-30,1303.81005859375
2017-07-03,1305.8299560546875
2017-07-05,1307.52001953125
2017-07-06,1301.1400146484375
2017-07-07,1307.280029296875
2017-07-10,1308.77001953125
2017-07-11,1308.77001953125
2017-07-12,1313.3699951171875
2017-07-13,1313.989990234375
2017-07-14,1314.8800048828125
2017-07-17,1315.31005859375
2017-07-18,1315.489990234375
2017-07-19,1316.18994140625
2017-07-20,1315.6700439453125
2017-07-21,1319.8399658203125
2017-07-24,1319.22998046875
2017-07-25,1321.530029296875
2017-07-26,1322.1199951171875
2017-07-27,1321.56005859375
2017-07-28,1321.030029296875
2017-07-31,1321.06005859375
2017-08-01,1323.510009765625
2017-08-02,1324.3699951171875
2017-08-03,1323.1099853515625
2017-08-04,1325.050048828125
2017-08-07,1326.3900146484375
2017-08-08,1324.6500244140625
2017-08-09,1324.72998046875
2017-08-10,1310.8599853515625
2017-08-11,1313.6500244140625
2017-08-14,1324.5799560546875
2017-08-15,1325.25
2017-08-16,1327.5400390625
2017-08-17,1309.3699951171875
2017-08-18,1309.0999755859375
2017-08-21,1311.5
2017-08-22,1318.199951171875
2017-08-23,1316.699951171875
2017-08-24,1315.6500244140625
2017-08-25,1317.81005859375
2017-08-28,1319.199951171875
2017-08-29,1319.800048828125
2017-08-30,1322.4300537109375
2017-08-31,1324.72998046875
2017-09-01,1325.75
2017-09-05,1323.239990234375
2017-09-06,1324.8800048828125
2017-09-07,1325.5999755859375
2017-09-08,1324.8800048828125
2017-09-11,1327.5899658203125
2017-09-12,1327.510009765625
2017-09-13,1328.0999755859375
2017-09-14,1327.6400146484375
2017-09-15,1329.52001953125
2017-09-18,1330.3699951171875
2017-09-19,1331.0699462890625
2017-09-20,1331.9000244140625
2017-09-21,1330.43994140625
2017-09-22,1331.8699951171875
2017-09-25,1330.280029296875
2017-09-26,1330.4000244140625
2017-09-27,1333.030029296875
2017-09-28,1334.6600341796875
2017-09-29,1336.9200439453125
2017-10-02,1338.219970703125
2017-10-03,1339.1099853515625
2017-10-04,1338.989990234375
2017-10-05,1340.800048828125
2017-10-06,1341.2099609375
2017-10-09,1340.5899658203125
2017-10-10,1340.52001953125
2017-10-11,1341.56005859375
2017-10-12,1341.5699462890625
2017-10-13,1341.3399658203125
2017-10-16,1341.5400390625
2017-10-17,1342.0899658203125
2017-10-18,1342.219970703125
2017-10-19,1342.6800537109375
2017-10-20,1343.1700439453125
2017-10-23,1339.9300537109375
2017-10-24,1341.02001953125
2017-10-25,1337.4599609375
2017-10-26,1338.8499755859375
2017-10-27,1345.1199951171875
2017-10-30,1343.989990234375
2017-10-31,1344.81005859375
2017-11-01,1346.02001953125
2017-11-02,1346.550048828125
2017-11-03,1348.8399658203125
2017-11-06,1350.030029296875
2017-11-07,1349.989990234375
2017-11-08,1350.780029296875
2017-11-09,1349.050048828125
2017-11-10,1349.4200439453125
2017-11-13,1350.8900146484375
2017-11-14,1350.489990234375
2017-11-15,1347.8800048828125
2017-11-16,1353.9100341796875
2017-11-17,1353.8299560546875
2017-11-20,1355.6700439453125
2017-11-21,1360.0999755859375
2017-11-22,1360.3299560546875
2017-11-24,1361.5
2017-11-27,1361.8399658203125
2017-11-28,1364.3399658203125
2017-11-29,1364.0899658203125
2017-11-30,1365.3199462890625
2017-12-01,1365.2099609375
2017-12-04,1365.300048828125
2017-12-05,1365.27001953125
2017-12-06,1365.969970703125
2017-12-07,1367.0899658203125
2017-12-08,1368.010009765625
2017-12-11,1368.199951171875
2017-12-12,1368.02001953125
2017-12-13,1367.68994140625
2017-12-14,1368.25
2017-12-15,1372.3399658203125
2017-12-18,1373.8199462890625
2017-12-19,1372.6800537109375
2017-12-20,1373.0400390625
2017-12-21,1374.010009765625
2017-12-22,1373.300048828125
2017-12-26,1373.06005859375
2017-12-27,1374.989990234375
2017-12-28,1377.780029296875
2017-12-29,1374.25
2018-01-02,1380.18994140625
2018-01-03,1382.219970703125
2018-01-04,1383.050048828125
2018-01-05,1384.47998046875
2018-01-08,1384.719970703125
2018-01-09,1383.8900146484375
2018-01-10,1384.8299560546875
2018-01-11,1385.449951171875
2018-01-12,1385.1500244140625
2018-01-16,1384.8599853515625
2018-01-17,1385.5799560546875
2018-01-18,1385.0699462890625
2018-01-19,1385.3800048828125
2018-01-22,1388.969970703125
2018-01-23,1390.050048828125
2018-01-24,1389.4599609375
2018-01-25,1390.2900390625
2018-01-26,1394.3399658203125
2018-01-29,1390.4599609375
2018-01-30,1385.8199462890625
2018-01-31,1387.3499755859375
2018-02-01,1388.5
2018-02-02,1371.6600341796875
2018-02-05,1318.1300048828125
2018-02-06,1339.4000244140625
2018-02-07,1336.219970703125
2018-02-08,1286.699951171875
2018-02-09,1306.3399658203125
2018-02-12,1324.739990234375
2018-02-13,1328.4000244140625
2018-02-14,1346.5799560546875
2018-02-15,1363.199951171875
2018-02-16,1367.1300048828125
2018-02-20,1363.8499755859375
2018-02-21,1359.780029296875
2018-02-22,1362.0699462890625
2018-02-23,1376.3900146484375
2018-02-26,1382.75
2018-02-27,1374.6400146484375
2018-02-28,1367.6800537109375
2018-03-01,1354.9200439453125
2018-03-02,1361.7099609375
2018-03-05,1372.760009765625
2018-03-06,1376.3299560546875
2018-03-07,1376.8499755859375
2018-03-08,1381.300048828125
2018-03-09,1389.8699951171875
2018-03-12,1389.77001953125
2018-03-13,1390.280029296875
2018-03-14,1388.43994140625
2018-03-15,1391.25
2018-03-16,1394.469970703125
2018-03-19,1381.6300048828125
2018-03-20,1383.300048828125
2018-03-21,1382.6500244140625
2018-03-22,1353.4200439453125
2018-03-23,1326.969970703125
2018-03-26,1360.3900146484375
2018-03-27,1339.050048828125
2018-03-28,1335.469970703125
2018-03-29,1352.7900390625
2018-04-02,1324.5699462890625
2018-04-03,1341.219970703125
2018-04-04,1356.0699462890625
2018-04-05,1365.68994140625
2018-04-06,1337.0
2018-04-09,1341.93994140625
2018-04-10,1363.699951171875
2018-04-11,1356.8599853515625
2018-04-12,1368.27001953125
2018-04-13,1364.7099609375
2018-04-16,1375.7900390625
2018-04-17,1390.3399658203125
2018-04-18,1391.699951171875
2018-04-19,1383.989990234375
2018-04-20,1372.43994140625
2018-04-23,1373.6400146484375
2018-04-24,1362.02001953125
2018-04-25,1363.5799560546875
2018-04-26,1373.81005859375
2018-04-27,1376.4300537109375
2018-04-30,1370.8199462890625
2018-05-01,1373.8699951171875
2018-05-02,1367.3199462890625
2018-05-03,1365.6300048828125
2018-05-04,1379.43994140625
2018-05-07,1383.25
2018-05-08,1383.52001953125
2018-05-09,1390.97998046875
2018-05-10,1395.25
2018-05-11,1396.1400146484375
2018-05-14,1396.2900390625
2018-05-15,1395.8199462890625
2018-05-16,1397.489990234375
2018-05-17,1397.8599853515625
2018-05-18,1396.9200439453125
2018-05-21,1402.239990234375
2018-05-22,1400.6400146484375
2018-05-23,1404.02001953125
2018-05-24,1403.6600341796875
2018-05-25,1402.4300537109375
2018-05-29,1392.18994140625
2018-05-30,1403.4300537109375
2018-05-31,1399.5
2018-06-01,1407.7099609375
2018-06-04,1410.1099853515625
2018-06-05,1410.6600341796875
2018-06-06,1413.1300048828125
2018-06-07,1413.2900390625
2018-06-08,1414.18994140625
2018-06-11,1414.6500244140625
2018-06-12,1415.1300048828125
2018-06-13,1415.0999755859375
2018-06-14,1415.3599853515625
2018-06-15,1414.5999755859375
2018-06-18,1414.239990234375
2018-06-19,1410.97998046875
2018-06-20,1412.8900146484375
2018-06-21,1407.4300537109375
2018-06-22,1410.010009765625
2018-06-25,1396.18994140625
2018-06-26,1398.7900390625
2018-06-27,1389.239990234375
2018-06-28,1396.300048828125
2018-06-29,1398.7099609375
2018-07-02,1402.6400146484375
2018-07-03,1396.8199462890625
2018-07-05,1407.469970703125
2018-07-06,1417.0400390625
2018-07-09,1424.9100341796875
2018-07-10,1427.0699462890625
2018-07-11,1423.18994140625
2018-07-12,1428.81005859375
2018-07-13,1429.9300537109375
2018-07-16,1429.9599609375
2018-07-17,1431.0999755859375
2018-07-18,1431.93994140625
2018-07-19,1432.3800048828125
2018-07-20,1433.25
2018-07-23,1435.239990234375
2018-07-24,1438.3900146484375
2018-07-25,1442.4599609375
2018-07-26,1441.6199951171875
2018-07-27,1439.4200439453125
2018-07-30,1435.18994140625
2018-07-31,1439.6500244140625
2018-08-01,1439.4300537109375
2018-08-02,1443.47998046875
2018-08-03,1446.4000244140625
2018-08-06,1448.0400390625
2018-08-07,1448.9000244140625
2018-08-08,1449.56005859375
2018-08-09,1450.1600341796875
2018-08-10,1447.18994140625
2018-08-13,1445.8199462890625
2018-08-14,1449.9100341796875
2018-08-15,1447.989990234375
2018-08-16,1451.280029296875
2018-08-17,1455.530029296875
2018-08-20,1457.8199462890625
2018-08-21,1459.02001953125
2018-08-22,1459.5
2018-08-23,1458.68994140625
2018-08-24,1462.3900146484375
2018-08-27,1465.3800048828125
2018-08-28,1465.1500244140625
2018-08-29,1467.6199951171875
2018-08-30,1465.6300048828125
2018-08-31,1466.93994140625
2018-09-04,1466.68994140625
2018-09-05,1466.300048828125
2018-09-06,1464.280029296875
2018-09-07,1464.43994140625
2018-09-10,1466.9000244140625
2018-09-11,1469.22998046875
2018-09-12,1470.1700439453125
2018-09-13,1471.6800537109375
2018-09-14,1471.9300537109375
2018-09-17,1470.77001953125
2018-09-18,1471.8199462890625
2018-09-19,1472.1600341796875
2018-09-20,1472.6199951171875
2018-09-21,1469.1600341796875
2018-09-24,1466.780029296875
2018-09-25,1466.0
2018-09-26,1462.8199462890625
2018-09-27,1466.699951171875
2018-09-28,1467.4100341796875
2018-10-01,1471.3699951171875
2018-10-02,1471.3199462890625
2018-10-03,1472.1700439453125
2018-10-04,1463.7099609375
2018-10-05,1457.8399658203125
2018-10-08,1457.9200439453125
2018-10-09,1456.6800537109375
2018-10-10,1409.7900390625
2018-10-11,1380.800048828125
2018-10-12,1400.68994140625
2018-10-15,1392.5
2018-10-16,1422.4200439453125
2018-10-17,1422.1400146484375
2018-10-18,1401.8599853515625
2018-10-19,1403.52001953125
2018-10-22,1401.5799560546875
2018-10-23,1395.97998046875
2018-10-24,1359.9599609375
2018-10-25,1381.6199951171875
2018-10-26,1361.3699951171875
2018-10-29,1354.0
2018-10-30,1373.2900390625
2018-10-31,1387.31005859375
2018-11-01,1400.9200439453125
2018-11-02,1394.6700439453125
2018-11-05,1401.77001953125
2018-11-06,1408.4300537109375
2018-11-07,1428.010009765625
2018-11-08,1428.260009765625
2018-11-09,1422.739990234375
2018-11-12,1400.5
2018-11-13,1398.97998046875
2018-11-14,1389.050048828125
2018-11-15,1404.22998046875
2018-11-16,1406.6500244140625
2018-11-19,1393.75
2018-11-20,1376.300048828125
2018-11-21,1381.5799560546875
2018-11-23,1374.6300048828125
2018-11-26,1393.530029296875
2018-11-27,1396.219970703125
2018-11-28,1413.31005859375
2018-11-29,1411.97998046875
2018-11-30,1418.4300537109375
2018-12-03,1426.449951171875
2018-12-04,1402.760009765625
2018-12-06,1403.9100341796875
2018-12-07,1379.030029296875
2018-12-10,1383.5
2018-12-11,1383.4200439453125
2018-12-12,1390.469970703125
2018-12-13,1391.5799560546875
2018-12-14,1366.5
2018-12-17,1338.43994140625
2018-12-18,1338.6800537109375
2018-12-19,1318.31005859375
2018-12-20,1297.56005859375
2018-12-21,1276.550048828125
2018-12-24,1249.219970703125
2018-12-26,1292.300048828125
2018-12-27,1296.9599609375
2018-12-28,1299.5699462890625
2018-12-31,1308.760009765625
2019-01-02,1315.6199951171875
2019-01-03,1299.0400390625
2019-01-04,1322.2900390625
2019-01-07,1326.18994140625
2019-01-08,1329.5899658203125
2019-01-09,1331.2099609375
2019-01-10,1333.030029296875
2019-01-11,1334.06005859375
2019-01-14,1334.93994140625
2019-01-15,1334.510009765625
2019-01-16,1334.9200439453125
2019-01-17,1334.9300537109375
2019-01-18,1341.199951171875
2019-01-22,1329.760009765625
2019-01-23,1332.469970703125
2019-01-24,1336.030029296875
2019-01-25,1342.8599853515625
2019-01-28,1337.0799560546875
2019-01-29,1336.1500244140625
2019-01-30,1347.8499755859375
2019-01-31,1353.6600341796875
2019-02-01,1355.800048828125
2019-02-04,1359.3199462890625
2019-02-05,1360.780029296875
2019-02-06,1360.4100341796875
2019-02-07,1358.719970703125
2019-02-08,1359.8900146484375
2019-02-11,1361.0699462890625
2019-02-12,1362.969970703125
2019-02-13,1363.3699951171875
2019-02-14,1363.7099609375
2019-02-15,1364.8900146484375
2019-02-19,1367.0899658203125
2019-02-20,1369.300048828125
2019-02-21,1367.9599609375
2019-02-22,1372.2900390625
2019-02-25,1373.050048828125
2019-02-26,1373.06005859375
2019-02-27,1373.6600341796875
2019-02-28,1373.0799560546875
2019-03-01,1377.550048828125
2019-03-04,1376.27001953125
2019-03-05,1376.6099853515625
2019-03-06,1373.0799560546875
2019-03-07,1367.52001953125
2019-03-08,1367.52001953125
2019-03-11,1379.8900146484375
2019-03-12,1381.9300537109375
2019-03-13,1383.6300048828125
2019-03-14,1384.22998046875
2019-03-15,1390.3199462890625
2019-03-18,1392.3399658203125
2019-03-19,1391.699951171875
2019-03-20,1390.4000244140625
2019-03-21,1395.5999755859375
2019-03-22,1381.239990234375
2019-03-25,1382.469970703125
2019-03-26,1389.7900390625
2019-03-27,1386.8599853515625
2019-03-28,1391.0400390625
2019-03-29,1397.300048828125
2019-04-01,1402.8800048828125
2019-04-02,1403.510009765625
2019-04-03,1404.3900146484375
2019-04-04,1405.6600341796875
2019-04-05,1407.4200439453125
2019-04-08,1408.260009765625
2019-04-09,1406.56005859375
2019-04-10,1408.06005859375
2019-04-11,1408.9300537109375
2019-04-12,1409.469970703125
2019-04-15,1409.8900146484375
2019-04-16,1409.6800537109375
2019-04-17,1410.4200439453125
2019-04-18,1409.5899658203125
2019-04-22,1411.1500244140625
2019-04-23,1415.6700439453125
2019-04-24,1414.1300048828125
2019-04-25,1414.6800537109375
2019-04-26,1417.5
2019-04-29,1418.280029296875
2019-04-30,1419.1800537109375
2019-05-01,1415.47998046875
2019-05-02,1415.1400146484375
2019-05-03,1421.010009765625
2019-05-06,1417.699951171875
2019-05-07,1403.6500244140625
2019-05-08,1403.1099853515625
2019-05-09,1402.1500244140625
2019-05-10,1408.93994140625
2019-05-13,1382.3199462890625
2019-05-14,1393.780029296875
2019-05-15,1402.3299560546875
2019-05-16,1415.1800537109375
2019-05-17,1410.1500244140625
2019-05-20,1405.1600341796875
2019-05-21,1413.6500244140625
2019-05-22,1412.56005859375
2019-05-23,1400.6600341796875
2019-05-24,1403.1500244140625
2019-05-28,1394.7099609375
2019-05-29,1386.949951171875
2019-05-30,1390.25
2019-05-31,1373.6600341796875
2019-06-03,1370.25
2019-06-04,1397.72998046875
2019-06-05,1407.6600341796875
2019-06-06,1414.6400146484375
2019-06-07,1423.9200439453125
2019-06-10,1428.469970703125
2019-06-11,1428.9100341796875
2019-06-12,1428.75
2019-06-13,1432.5799560546875
2019-06-14,1432.77001953125
2019-06-17,1435.530029296875
2019-06-18,1439.260009765625
2019-06-19,1441.9000244140625
2019-06-20,1442.5699462890625
2019-06-21,1441.3299560546875
2019-06-24,1441.0799560546875
2019-06-25,1433.3900146484375
2019-06-26,1432.93994140625
2019-06-27,1437.5899658203125
2019-06-28,1443.1300048828125
2019-07-01,1451.699951171875
2019-07-02,1455.4599609375
2019-07-03,1459.56005859375
2019-07-05,1459.3900146484375
2019-07-08,1458.469970703125
2019-07-09,1459.5400390625
2019-07-10,1462.1300048828125
2019-07-11,1463.0999755859375
2019-07-12,1464.1600341796875
2019-07-15,1464.449951171875
2019-07-16,1464.760009765625
2019-07-17,1464.77001953125
2019-07-18,1465.6099853515625
2019-07-19,1454.3699951171875
2019-07-22,1458.47998046875
2019-07-23,1464.0899658203125
2019-07-24,1467.4200439453125
2019-07-25,1463.68994140625
2019-07-26,1468.97998046875
2019-07-29,1469.6800537109375
2019-07-30,1466.280029296875
2019-07-31,1458.3599853515625
2019-08-01,1449.06005859375
2019-08-02,1442.56005859375
2019-08-05,1402.030029296875
2019-08-06,1420.3900146484375
2019-08-07,1421.6199951171875
2019-08-08,1447.75
2019-08-09,1439.239990234375
2019-08-12,1422.010009765625
2019-08-13,1443.5
2019-08-14,1401.800048828125
2019-08-15,1405.52001953125
2019-08-16,1425.800048828125
2019-08-19,1436.8900146484375
2019-08-20,1431.8900146484375
2019-08-21,1438.6600341796875
2019-08-22,1438.31005859375
2019-08-23,1416.6700439453125
2019-08-26,1427.4599609375
2019-08-27,1425.2900390625
2019-08-28,1432.010009765625
2019-08-29,1441.0699462890625
2019-08-30,1441.7900390625
2019-09-03,1438.8699951171875
2019-09-04,1447.18994140625
2019-09-05,1453.4200439453125
2019-09-06,1455.0400390625
2019-09-09,1455.77001953125
2019-09-10,1457.3599853515625
2019-09-11,1458.1099853515625
2019-09-12,1458.260009765625
2019-09-13,1459.25
2019-09-16,1459.47998046875
2019-09-17,1459.72998046875
2019-09-18,1459.6800537109375
2019-09-19,1460.0999755859375
2019-09-20,1451.68994140625
2019-09-23,1453.18994140625
2019-09-24,1444.52001953125
2019-09-25,1451.4599609375
2019-09-26,1450.010009765625
2019-09-27,1444.4200439453125
2019-09-30,1451.1600341796875
2019-10-01,1437.739990234375
2019-10-02,1414.280029296875
2019-10-03,1425.8199462890625
2019-10-04,1443.7900390625
2019-10-07,1439.489990234375
2019-10-08,1418.06005859375
2019-10-09,1431.239990234375
2019-10-10,1439.72998046875
2019-10-11,1454.4300537109375
2019-10-14,1454.47998046875
2019-10-15,1467.4100341796875
2019-10-16,1465.969970703125
2019-10-17,1470.6099853515625
2019-10-18,1465.4200439453125
2019-10-21,1471.31005859375
2019-10-22,1469.0799560546875
2019-10-23,1471.8800048828125
2019-10-24,1474.4300537109375
2019-10-25,1478.0799560546875
2019-10-28,1480.4000244140625
2019-10-29,1480.1300048828125
2019-10-30,1482.3599853515625
2019-10-31,1481.1099853515625
2019-11-01,1485.4100341796875
2019-11-04,1486.1800537109375
2019-11-05,1486.2099609375
2019-11-06,1487.5699462890625
2019-11-07,1488.1800537109375
2019-11-08,1488.9300537109375
2019-11-11,1488.9200439453125
2019-11-12,1488.7900390625
2019-11-13,1488.8199462890625
2019-11-14,1488.8800048828125
2019-11-15,1492.8599853515625
2019-11-18,1493.550048828125
2019-11-19,1492.93994140625
2019-11-20,1491.47998046875
2019-11-21,1490.199951171875
2019-11-22,1492.8900146484375
2019-11-25,1499.0400390625
2019-11-26,1501.1600341796875
2019-11-27,1502.3900146484375
2019-11-29,1500.22998046875
2019-12-02,1494.3299560546875
2019-12-03,1489.010009765625
2019-12-04,1494.7099609375
2019-12-05,1497.219970703125
2019-12-06,1503.760009765625
2019-12-09,1501.9200439453125
2019-12-10,1501.8800048828125
2019-12-11,1504.260009765625
2019-12-12,1509.06005859375
2019-12-13,1510.239990234375
2019-12-16,1511.52001953125
2019-12-17,1512.969970703125
2019-12-18,1512.3299560546875
2019-12-19,1513.300048828125
2019-12-20,1509.4300537109375
2019-12-23,1510.77001953125
2019-12-24,1510.8900146484375
2019-12-26,1514.550048828125
2019-12-27,1513.8399658203125
2019-12-30,1509.9300537109375
2019-12-31,1514.0
2020-01-02,1520.050048828125
2020-01-03,1515.050048828125
2020-01-06,1519.1400146484375
2020-01-07,1518.5799560546875
2020-01-08,1520.8699951171875
2020-01-09,1524.780029296875
2020-01-10,1524.780029296875
2020-01-13,1526.9300537109375
2020-01-14,1527.25
2020-01-15,1527.25
2020-01-16,1527.3199462890625
2020-01-17,1528.699951171875
2020-01-21,1525.81005859375
2020-01-22,1526.6199951171875
2020-01-23,1527.75
2020-01-24,1519.25
2020-01-27,1502.489990234375
2020-01-28,1513.7099609375
2020-01-29,1513.260009765625
2020-01-30,1517.77001953125
2020-01-31,1496.9000244140625
2020-02-03,1507.010009765625
2020-02-04,1523.8199462890625
2020-02-05,1533.7099609375
2020-02-06,1537.199951171875
2020-02-07,1533.780029296875
2020-02-10,1539.77001953125
2020-02-11,1540.9100341796875
2020-02-12,1544.989990234375
2020-02-13,1544.260009765625
2020-02-14,1546.4300537109375
2020-02-18,1546.5400390625
2020-02-19,1548.1199951171875
2020-02-20,1548.81005859375
2020-02-21,1541.1700439453125
2020-02-24,1504.010009765625
2020-02-25,1463.510009765625
2020-02-26,1458.3499755859375
2020-02-27,1395.1500244140625
2020-02-28,1383.7900390625
2020-03-02,1447.530029296875
2020-03-03,1407.0899658203125
2020-03-04,1465.8299560546875
2020-03-05,1417.0400390625
2020-03-06,1393.2099609375
2020-03-09,1287.5999755859375
2020-03-10,1350.3199462890625
2020-03-11,1285.3399658203125
2020-03-12,1162.4000244140625
2020-03-13,1271.6600341796875
2020-03-16,1117.1300048828125
2020-03-17,1177.25
2020-03-18,1125.1099853515625
2020-03-19,1130.5
2020-03-20,1097.4200439453125
2020-03-23,1080.1800537109375
2020-03-24,1138.4000244140625
2020-03-25,1136.6700439453125
2020-03-26,1168.030029296875
2020-03-27,1152.050048828125
2020-03-30,1176.5899658203125
2020-03-31,1177.550048828125
2020-04-01,1157.4200439453125
2020-04-02,1174.739990234375
2020-04-03,1173.949951171875
2020-04-06,1200.1300048828125
2020-04-07,1198.1199951171875
2020-04-08,1206.0999755859375
2020-04-09,1208.0400390625
2020-04-13,1209.010009765625
2020-04-14,1209.3399658203125
2020-04-15,1208.6199951171875
2020-04-16,1209.9000244140625
2020-04-17,1211.050048828125
2020-04-20,1198.3399658203125
2020-04-21,1177.4200439453125
2020-04-22,1197.0899658203125
2020-04-23,1199.5799560546875
2020-04-24,1213.9000244140625
2020-04-27,1225.72998046875
2020-04-28,1222.3199462890625
2020-04-29,1235.969970703125
2020-04-30,1232.199951171875
2020-05-01,1216.6300048828125
2020-05-04,1224.030029296875
2020-05-05,1231.260009765625
2020-05-06,1228.5999755859375
2020-05-07,1237.530029296875
2020-05-08,1247.1400146484375
2020-05-11,1249.1300048828125
2020-05-12,1243.1400146484375
2020-05-13,1234.7099609375
2020-05-14,1247.219970703125
2020-05-15,1255.219970703125
2020-05-18,1272.1300048828125
2020-05-19,1267.5
2020-05-20,1276.18994140625
2020-05-21,1273.02001953125
2020-05-22,1275.5
2020-05-26,1280.8499755859375
2020-05-27,1284.8699951171875
2020-05-28,1283.3399658203125
2020-05-29,1286.7900390625
2020-06-01,1287.6800537109375
2020-06-02,1289.5899658203125
2020-06-03,1292.0799560546875
2020-06-04,1292.5899658203125
2020-06-05,1294.81005859375
2020-06-08,1294.6400146484375
2020-06-09,1293.3199462890625
2020-06-10,1294.8800048828125
2020-06-11,1283.9100341796875
2020-06-12,1291.489990234375
2020-06-15,1293.239990234375
2020-06-16,1293.8299560546875
2020-06-17,1295.4100341796875
2020-06-18,1295.0699462890625
2020-06-19,1272.4200439453125
2020-06-22,1279.8900146484375
2020-06-23,1283.4200439453125
2020-06-24,1264.1099853515625
2020-06-25,1275.6199951171875
2020-06-26,1254.550048828125
2020-06-29,1271.8699951171875
2020-06-30,1285.219970703125
2020-07-01,1290.969970703125
2020-07-02,1294.050048828125
2020-07-06,1305.56005859375
2020-07-07,1299.9100341796875
2020-07-08,1306.0999755859375
2020-07-09,1304.3599853515625
2020-07-10,1311.489990234375
2020-07-13,1307.2099609375
2020-07-14,1315.0799560546875
2020-07-15,1318.030029296875
2020-07-16,1318.81005859375
2020-07-17,1317.239990234375
2020-07-20,1324.5
2020-07-21,1325.010009765625
2020-07-22,1329.1800537109375
2020-07-23,1321.77001953125
2020-07-24,1319.5799560546875
2020-07-27,1326.8299560546875
2020-07-28,1322.56005859375
2020-07-29,1331.4100341796875
2020-07-30,1329.0400390625
2020-07-31,1334.719970703125
2020-08-03,1338.6800537109375
2020-08-04,1340.800048828125
2020-08-05,1344.1199951171875
2020-08-06,1346.199951171875
2020-08-07,1347.4599609375
2020-08-10,1348.25
2020-08-11,1346.25
2020-08-12,1350.5999755859375
2020-08-13,1350.0799560546875
2020-08-14,1351.56005859375
2020-08-17,1351.550048828125
2020-08-18,1352.1700439453125
2020-08-19,1351.989990234375
2020-08-20,1352.31005859375
2020-08-21,1355.1400146484375
2020-08-24,1361.2099609375
2020-08-25,1363.4599609375
2020-08-26,1365.949951171875
2020-08-27,1365.760009765625
2020-08-28,1369.81005859375
2020-08-31,1369.31005859375
2020-09-01,1370.6099853515625
2020-09-02,1374.25
2020-09-03,1359.949951171875
2020-09-04,1358.4200439453125
2020-09-08,1341.219970703125
2020-09-09,1359.3499755859375
2020-09-10,1347.1800537109375
2020-09-11,1351.02001953125
2020-09-14,1365.3299560546875
2020-09-15,1371.199951171875
2020-09-16,1370.449951171875
2020-09-17,1365.2900390625
2020-09-18,1354.1800537109375
2020-09-21,1345.6500244140625
2020-09-22,1354.8199462890625
2020-09-23,1334.489990234375
2020-09-24,1338.4000244140625
2020-09-25,1353.9599609375
2020-09-28,1365.22998046875
2020-09-29,1362.3299560546875
2020-09-30,1369.030029296875
2020-10-01,1371.780029296875
2020-10-02,1367.469970703125
2020-10-05,1379.949951171875
2020-10-06,1374.0400390625
2020-10-07,1383.8399658203125
2020-10-08,1388.4300537109375
2020-10-09,1390.3699951171875
2020-10-12,1390.739990234375
2020-10-13,1390.8499755859375
2020-10-14,1390.3900146484375
2020-10-15,1390.3499755859375
2020-10-16,1388.93994140625
2020-10-19,1376.1600341796875
2020-10-20,1380.1500244140625
2020-10-21,1379.47998046875
2020-10-22,1384.8599853515625
2020-10-23,1389.0699462890625
2020-10-26,1369.4300537109375
2020-10-27,1367.8399658203125
2020-10-28,1327.47998046875
2020-10-29,1343.510009765625
2020-10-30,1319.1800537109375
2020-11-02,1345.81005859375
2020-11-03,1365.27001953125
2020-11-04,1390.449951171875
2020-11-05,1407.6700439453125
2020-11-06,1411.449951171875
2020-11-09,1421.4300537109375
2020-11-10,1419.699951171875
2020-11-11,1426.5400390625
2020-11-12,1421.469970703125
2020-11-13,1429.199951171875
2020-11-16,1432.6400146484375
2020-11-17,1433.3900146484375
2020-11-18,1433.47998046875
2020-11-19,1435.0999755859375
2020-11-20,1429.260009765625
2020-11-23,1435.989990234375
2020-11-24,1445.5899658203125
2020-11-25,1446.050048828125
2020-11-27,1447.300048828125
2020-11-30,1446.6199951171875
2020-12-01,1452.3399658203125
2020-12-02,1454.27001953125
2020-12-03,1453.1800537109375
2020-12-04,1457.3199462890625
2020-12-07,1459.0400390625
2020-12-08,1460.7099609375
2020-12-09,1460.0799560546875
2020-12-10,1459.6700439453125
2020-12-11,1460.0999755859375
2020-12-14,1460.4000244140625
2020-12-15,1462.47998046875
2020-12-16,1463.8800048828125
2020-12-17,1463.449951171875
2020-12-18,1455.5
2020-12-21,1450.6500244140625
2020-12-22,1453.3399658203125
2020-12-23,1455.8599853515625
2020-12-24,1460.6199951171875
2020-12-28,1467.75
2020-12-29,1465.239990234375
2020-12-30,1467.77001953125
2020-12-31,1472.2900390625
2021-01-04,1462.3699951171875
2021-01-05,1469.6199951171875
2021-01-06,1471.93994140625
2021-01-07,1481.699951171875
2021-01-08,1483.3499755859375
2021-01-11,1482.93994140625
2021-01-12,1484.9599609375
2021-01-13,1485.6700439453125
2021-01-14,1484.780029296875
2021-01-15,1483.0699462890625
2021-01-19,1491.25
2021-01-20,1498.93994140625
2021-01-21,1499.5999755859375
2021-01-22,1499.52001953125
2021-01-25,1500.8499755859375
2021-01-26,1500.1800537109375
2021-01-27,1475.760009765625
2021-01-28,1487.5899658203125
2021-01-29,1473.9100341796875
2021-02-01,1490.510009765625
2021-02-02,1501.72998046875
2021-02-03,1504.3900146484375
2021-02-04,1511.77001953125
2021-02-05,1513.0799560546875
2021-02-08,1516.530029296875
2021-02-09,1515.300048828125
2021-02-10,1515.5400390625
2021-02-11,1516.8499755859375
2021-02-12,1518.0999755859375
2021-02-16,1519.27001953125
2021-02-17,1518.56005859375
2021-02-18,1519.0
2021-02-19,1514.0400390625
2021-02-22,1507.280029296875
2021-02-23,1509.699951171875
2021-02-24,1520.6500244140625
2021-02-25,1489.8499755859375
2021-02-26,1489.199951171875
2021-03-01,1517.8399658203125
2021-03-02,1509.7900390625
2021-03-03,1495.3699951171875
2021-03-04,1479.050048828125
2021-03-05,1504.43994140625
2021-03-08,1498.0699462890625
2021-03-09,1515.239990234375
2021-03-10,1523.77001953125
2021-03-11,1533.800048828125
2021-03-12,1536.8800048828125
2021-03-15,1542.760009765625
2021-03-16,1542.0799560546875
2021-03-17,1544.739990234375
2021-03-18,1538.4100341796875
2021-03-19,1542.3199462890625
2021-03-22,1549.7099609375
2021-03-23,1543.56005859375
2021-03-24,1539.25
2021-03-25,1544.97998046875
2021-03-26,1556.199951171875
2021-03-29,1554.6800537109375
2021-03-30,1555.2900390625
2021-03-31,1556.7099609375
2021-04-01,1564.260009765625
2021-04-05,1568.239990234375
2021-04-06,1567.260009765625
2021-04-07,1568.280029296875
2021-04-08,1568.4100341796875
2021-04-09,1570.06005859375
2021-04-12,1569.5
2021-04-13,1569.300048828125
2021-04-14,1568.9300537109375
2021-04-15,1570.469970703125
2021-04-16,1566.6199951171875
2021-04-19,1561.3900146484375
2021-04-20,1555.68994140625
2021-04-21,1564.719970703125
2021-04-22,1556.1400146484375
2021-04-23,1567.050048828125
2021-04-26,1569.0999755859375
2021-04-27,1569.8499755859375
2021-04-28,1569.5999755859375
2021-04-29,1574.739990234375
2021-04-30,1569.3900146484375
2021-05-03,1573.7099609375
2021-05-04,1568.27001953125
2021-05-05,1570.27001953125
2021-05-06,1577.510009765625
2021-05-07,1583.43994140625
2021-05-10,1576.030029296875
2021-05-11,1568.72998046875
2021-05-12,1542.739990234375
2021-05-13,1560.75
2021-05-14,1579.1600341796875
2021-05-17,1578.6099853515625
2021-05-18,1569.9300537109375
2021-05-19,1566.8699951171875
2021-05-20,1583.219970703125
2021-05-21,1583.7900390625
2021-05-24,1594.239990234375
2021-05-25,1592.8599853515625
2021-05-26,1596.280029296875
2021-05-27,1598.9300537109375
2021-05-28,1599.800048828125
2021-06-01,1600.31005859375
2021-06-02,1602.6199951171875
2021-06-03,1600.5899658203125
2021-06-04,1607.43994140625
2021-06-07,1608.5899658203125
2021-06-08,1608.4100341796875
2021-06-09,1606.9100341796875
2021-06-10,1611.68994140625
2021-06-11,1613.469970703125
2021-06-14,1613.510009765625
2021-06-15,1613.27001953125
2021-06-16,1612.2099609375
2021-06-17,1614.52001953125
2021-06-18,1610.0
2021-06-21,1623.2900390625
2021-06-22,1628.050048828125
2021-06-23,1627.8399658203125
2021-06-24,1631.0400390625
2021-06-25,1632.969970703125
2021-06-28,1634.47998046875
2021-06-29,1634.469970703125
2021-06-30,1635.77001953125
2021-07-01,1636.449951171875
2021-07-02,1638.3499755859375
2021-07-06,1638.1700439453125
2021-07-07,1638.4200439453125
2021-07-08,1635.8499755859375
2021-07-09,1640.280029296875
2021-07-12,1640.02001953125
2021-07-13,1639.3699951171875
2021-07-14,1639.5400390625
2021-07-15,1641.0
2021-07-16,1626.3299560546875
2021-07-19,1608.9100341796875
2021-07-20,1625.9300537109375
2021-07-21,1634.75
2021-07-22,1636.6800537109375
2021-07-23,1643.949951171875
2021-07-26,1645.530029296875
2021-07-27,1642.02001953125
2021-07-28,1643.719970703125
2021-07-29,1647.22998046875
2021-07-30,1643.9200439453125
2021-08-02,1643.699951171875
2021-08-03,1650.300048828125
2021-08-04,1648.949951171875
2021-08-05,1652.43994140625
2021-08-06,1655.1400146484375
2021-08-09,1655.6400146484375
2021-08-10,1656.0699462890625
2021-08-11,1657.8499755859375
2021-08-12,1659.1500244140625
2021-08-13,1659.530029296875
2021-08-16,1660.1199951171875
2021-08-17,1659.0899658203125
2021-08-18,1656.4100341796875
2021-08-19,1659.9000244140625
2021-08-20,1671.530029296875
2021-08-23,1679.4100341796875
2021-08-24,1680.4599609375
2021-08-25,1682.0400390625
2021-08-26,1677.9599609375
2021-08-27,1685.3199462890625
2021-08-30,1687.7900390625
2021-08-31,1686.969970703125
2021-09-01,1688.0699462890625
2021-09-02,1689.030029296875
2021-09-03,1689.6400146484375
2021-09-07,1689.3699951171875
2021-09-08,1689.8800048828125
2021-09-09,1688.3499755859375
2021-09-10,1683.31005859375
2021-09-13,1688.239990234375
2021-09-14,1687.06005859375
2021-09-15,1692.9599609375
2021-09-16,1693.949951171875
2021-09-17,1684.6400146484375
2021-09-20,1665.6800537109375
2021-09-21,1666.260009765625
2021-09-22,1679.3699951171875
2021-09-23,1692.5999755859375
2021-09-24,1695.1199951171875
2021-09-27,1694.1800537109375
2021-09-28,1669.6700439453125
2021-09-29,1673.280029296875
2021-09-30,1657.9300537109375
2021-10-01,1674.3299560546875
2021-10-04,1656.6199951171875
2021-10-05,1673.219970703125
2021-10-06,1679.1800537109375
2021-10-07,1691.300048828125
2021-10-08,1690.969970703125
2021-10-11,1681.9100341796875
2021-10-12,1678.47998046875
2021-10-13,1683.7900390625
2021-10-14,1710.97998046875
2021-10-15,1716.25
2021-10-18,1719.8299560546875
2021-10-19,1725.0999755859375
2021-10-20,1727.4000244140625
2021-10-21,1729.7900390625
2021-10-22,1728.989990234375
2021-10-25,1731.6400146484375
2021-10-26,1732.27001953125
2021-10-27,1728.7900390625
2021-10-28,1734.449951171875
2021-10-29,1735.300048828125
2021-11-01,1736.5400390625
2021-11-02,1737.800048828125
2021-11-03,1740.43994140625
2021-11-04,1741.0799560546875
2021-11-05,1741.800048828125
2021-11-08,1742.6700439453125
2021-11-09,1742.0799560546875
2021-11-10,1741.3199462890625
2021-11-11,1742.8800048828125
2021-11-12,1743.4300537109375
2021-11-15,1743.760009765625
2021-11-16,1743.510009765625
2021-11-17,1743.780029296875
2021-11-18,1744.010009765625
2021-11-19,1741.77001953125
2021-11-22,1738.02001953125
2021-11-23,1740.7900390625
2021-11-24,1744.22998046875
2021-11-26,1714.3499755859375
2021-11-29,1734.7099609375
2021-11-30,1709.3199462890625
2021-12-01,1691.47998046875
2021-12-02,1713.1199951171875
2021-12-03,1702.4100341796875
2021-12-06,1721.0999755859375
2021-12-07,1747.449951171875
2021-12-08,1753.3199462890625
2021-12-09,1745.9100341796875
2021-12-10,1758.1800537109375
2021-12-13,1749.4000244140625
2021-12-14,1740.3900146484375
2021-12-15,1762.8800048828125
2021-12-16,1754.699951171875
2021-12-17,1741.02001953125
2021-12-20,1729.3599853515625
2021-12-21,1747.9200439453125
2021-12-22,1759.56005859375
2021-12-23,1764.969970703125
2021-12-27,1772.5999755859375
2021-12-28,1772.469970703125
2021-12-29,1774.719970703125
2021-12-30,1773.52001953125
2021-12-31,1773.719970703125
2022-01-03,1778.5899658203125
2022-01-04,1778.6300048828125
2022-01-05,1767.1500244140625
2022-01-06,1768.300048828125
2022-01-07,1768.7900390625
2022-01-10,1768.3199462890625
2022-01-11,1775.5400390625
2022-01-12,1777.9000244140625
2022-01-13,1768.1800537109375
2022-01-14,1772.719970703125
2022-01-18,1752.31005859375
2022-01-19,1738.1400146484375
2022-01-20,1719.3499755859375
2022-01-21,1694.219970703125
2022-01-24,1698.0799560546875
2022-01-25,1684.8699951171875
2022-01-26,1684.719970703125
2022-01-27,1679.3599853515625
2022-01-28,1709.1400146484375
2022-01-31,1729.5799560546875
2022-02-01,1738.6199951171875
2022-02-02,1745.219970703125
2022-02-03,1723.81005859375
2022-02-04,1732.8800048828125
2022-02-07,1733.1700439453125
2022-02-08,1742.030029296875
2022-02-09,1750.5400390625
2022-02-10,1738.280029296875
2022-02-11,1721.3800048828125
2022-02-14,1720.300048828125
2022-02-15,1741.969970703125
2022-02-16,1746.510009765625
2022-02-17,1717.8900146484375
2022-02-18,1705.9100341796875
2022-02-22,1698.77001953125
2022-02-23,1679.280029296875
2022-02-24,1698.4000244140625
2022-02-25,1719.5699462890625
2022-02-28,1717.77001953125
2022-03-01,1700.050048828125
2022-03-02,1721.25
2022-03-03,1717.9599609375
2022-03-04,1711.9599609375
2022-03-07,1679.3299560546875
2022-03-08,1671.3399658203125
2022-03-09,1706.199951171875
2022-03-10,1704.6800537109375
2022-03-11,1687.52001953125
2022-03-14,1677.3900146484375
2022-03-15,1711.0799560546875
2022-03-16,1742.27001953125
2022-03-17,1752.760009765625
2022-03-18,1769.510009765625
2022-03-21,1770.5400390625
2022-03-22,1778.300048828125
2022-03-23,1772.300048828125
2022-03-24,1782.699951171875
2022-03-25,1786.199951171875
2022-03-28,1791.9100341796875
2022-03-29,1795.1400146484375
2022-03-30,1795.8299560546875
2022-03-31,1788.31005859375
2022-04-01,1795.4100341796875
2022-04-04,1798.22998046875
2022-04-05,1794.0699462890625
2022-04-06,1791.52001953125
2022-04-07,1793.7099609375
2022-04-08,1794.9200439453125
2022-04-11,1786.6600341796875
2022-04-12,1788.0699462890625
2022-04-13,1799.8900146484375
2022-04-14,1781.0
2022-04-18,1782.8399658203125
2022-04-19,1798.0699462890625
2022-04-20,1798.2099609375
2022-04-21,1785.1400146484375
2022-04-22,1750.6300048828125
2022-04-25,1760.030029296875
2022-04-26,1719.199951171875
2022-04-27,1723.5
2022-04-28,1757.97998046875
2022-04-29,1703.8699951171875
2022-05-02,1713.489990234375
2022-05-03,1722.4000244140625
2022-05-04,1767.989990234375
2022-05-05,1712.239990234375
2022-05-06,1703.6300048828125
2022-05-09,1649.97998046875
2022-05-10,1654.260009765625
2022-05-11,1627.2099609375
2022-05-12,1625.68994140625
2022-05-13,1664.72998046875
2022-05-16,1658.260009765625
2022-05-17,1691.800048828125
2022-05-18,1623.8599853515625
2022-05-19,1614.56005859375
2022-05-20,1604.5699462890625
2022-05-23,1618.739990234375
2022-05-24,1612.8599853515625
2022-05-25,1620.8599853515625
2022-05-26,1633.1600341796875
2022-05-27,1642.1400146484375
2022-05-31,1693.18994140625
2022-06-01,1642.31005859375
2022-06-02,1646.8299560546875
2022-06-03,1644.760009765625
2022-06-06,1647.25
2022-06-07,1649.4100341796875
2022-06-08,1648.93994140625
2022-06-09,1643.8399658203125
2022-06-10,1629.219970703125
2022-06-13,1586.6700439453125
2022-06-14,1584.0999755859375
2022-06-15,1607.1600341796875
2022-06-16,1559.31005859375
2022-06-17,1563.530029296875
2022-06-21,1580.550048828125
2022-06-22,1582.1199951171875
2022-06-23,1587.2900390625
2022-06-24,1596.8499755859375
2022-06-27,1600.010009765625
2022-06-28,1594.5799560546875
2022-06-29,1595.93994140625
2022-06-30,1592.9599609375
2022-07-01,1599.81005859375
2022-07-05,1601.5400390625
2022-07-06,1603.3800048828125
2022-07-07,1607.6800537109375
2022-07-08,1609.0400390625
2022-07-11,1608.7099609375
2022-07-12,1606.199951171875
2022-07-13,1609.6600341796875
2022-07-14,1609.9000244140625
2022-07-15,1617.0699462890625
2022-07-18,1610.8399658203125
2022-07-19,1630.1800537109375
2022-07-20,1633.8699951171875
2022-07-21,1640.5799560546875
2022-07-22,1637.699951171875
2022-07-25,1640.4000244140625
2022-07-26,1633.1300048828125
2022-07-27,1647.7099609375
2022-07-28,1652.1300048828125
2022-07-29,1655.0
2022-08-01,1655.81005859375
2022-08-02,1653.800048828125
2022-08-03,1658.0799560546875
2022-08-04,1659.3699951171875
2022-08-05,1659.6600341796875
2022-08-08,1659.77001953125
2022-08-09,1659.4100341796875
2022-08-10,1662.280029296875
2022-08-11,1660.449951171875
2022-08-12,1662.6400146484375
2022-08-15,1662.199951171875
2022-08-16,1661.800048828125
2022-08-17,1662.739990234375
2022-08-18,1662.4100341796875
2022-08-19,1653.0999755859375
2022-08-22,1631.449951171875
2022-08-23,1630.27001953125
2022-08-24,1635.0999755859375
2022-08-25,1650.239990234375
2022-08-26,1610.469970703125
2022-08-29,1602.22998046875
2022-08-30,1586.800048828125
2022-08-31,1575.5699462890625
2022-09-01,1580.760009765625
2022-09-02,1564.489990234375
2022-09-06,1558.3199462890625
2022-09-07,1586.6500244140625
2022-09-08,1597.52001953125
2022-09-09,1621.6500244140625
2022-09-12,1637.280029296875
2022-09-13,1568.550048828125
2022-09-14,1574.5699462890625
2022-09-15,1556.9200439453125
2022-09-16,1542.72998046875
2022-09-19,1547.800048828125
2022-09-20,1539.5699462890625
2022-09-21,1526.43994140625
2022-09-22,1521.5999755859375
2022-09-23,1503.530029296875
2022-09-26,1491.280029296875
2022-09-27,1490.1199951171875
2022-09-28,1513.8900146484375
2022-09-29,1490.3599853515625
2022-09-30,1472.0899658203125
2022-10-03,1506.4300537109375
2022-10-04,1539.5400390625
2022-10-05,1538.739990234375
2022-10-06,1528.6500244140625
2022-10-07,1495.9100341796875
2022-10-10,1486.25
2022-10-11,1477.0400390625
2022-10-12,1472.81005859375
2022-10-13,1509.1300048828125
2022-10-14,1476.6099853515625
2022-10-17,1515.3399658203125
2022-10-18,1532.3299560546875
2022-10-19,1523.1600341796875
2022-10-20,1511.4100341796875
2022-10-21,1536.469970703125
2022-10-24,1544.9599609375
2022-10-25,1554.1600341796875
2022-10-26,1553.239990234375
2022-10-27,1551.0799560546875
2022-10-28,1562.6500244140625
2022-10-31,1562.3599853515625
2022-11-01,1562.219970703125
2022-11-02,1553.6800537109375
2022-11-03,1549.6500244140625
2022-11-04,1558.6199951171875
2022-11-07,1565.0699462890625
2022-11-08,1567.469970703125
2022-11-09,1560.0899658203125
2022-11-10,1576.18994140625
2022-11-11,1575.300048828125
2022-11-14,1575.469970703125
2022-11-15,1576.4300537109375
2022-11-16,1575.7900390625
2022-11-17,1576.31005859375
2022-11-18,1567.1199951171875
2022-11-21,1567.0400390625
2022-11-22,1578.3800048828125
2022-11-23,1583.449951171875
2022-11-25,1584.300048828125
2022-11-28,1574.6500244140625
2022-11-29,1574.4000244140625
2022-11-30,1592.6800537109375
2022-12-01,1594.010009765625
2022-12-02,1595.449951171875
2022-12-05,1587.0
2022-12-06,1575.739990234375
2022-12-07,1575.0699462890625
2022-12-08,1582.43994140625
2022-12-09,1577.6199951171875
2022-12-12,1586.4599609375
2022-12-13,1597.530029296875
2022-12-14,1602.199951171875
2022-12-15,1582.780029296875
2022-12-16,1563.219970703125
2022-12-19,1558.3599853515625
2022-12-20,1560.6099853515625
2022-12-21,1572.9200439453125
2022-12-22,1561.4300537109375
2022-12-23,1568.1199951171875
2022-12-27,1566.469970703125
2022-12-28,1556.199951171875
2022-12-29,1572.93994140625
2022-12-30,1572.1300048828125
2023-01-03,1570.6400146484375
2023-01-04,1578.6199951171875
2023-01-05,1569.7900390625
2023-01-06,1589.239990234375
2023-01-09,1589.6500244140625
2023-01-10,1594.75
2023-01-11,1599.550048828125
2023-01-12,1604.9100341796875
2023-01-13,1606.25
2023-01-17,1606.5799560546875
2023-01-18,1606.5699462890625
2023-01-19,1607.25
2023-01-20,1621.6099853515625
2023-01-23,1628.760009765625
2023-01-24,1629.0699462890625
2023-01-25,1629.699951171875
2023-01-26,1634.4599609375
2023-01-27,1637.1300048828125
2023-01-30,1631.489990234375
2023-01-31,1637.8800048828125
2023-02-01,1641.7900390625
2023-02-02,1644.6600341796875
2023-02-03,1644.9300537109375
2023-02-06,1644.43994140625
2023-02-07,1646.77001953125
2023-02-08,1645.949951171875
2023-02-09,1644.27001953125
2023-02-10,1646.7900390625
2023-02-13,1648.4200439453125
2023-02-14,1649.5699462890625
2023-02-15,1650.0
2023-02-16,1649.8199462890625
2023-02-17,1650.97998046875
2023-02-21,1634.0
2023-02-22,1635.1099853515625
2023-02-23,1641.9300537109375
2023-02-24,1631.8399658203125
2023-02-27,1637.1199951171875
2023-02-28,1635.300048828125
2023-03-01,1629.6300048828125
2023-03-02,1640.1099853515625
2023-03-03,1657.8900146484375
2023-03-06,1659.7099609375
2023-03-07,1644.5699462890625
2023-03-08,1647.6400146484375
2023-03-09,1622.3599853515625
2023-03-10,1601.4200439453125
2023-03-13,1599.0
2023-03-14,1626.780029296875
2023-03-15,1615.1199951171875
2023-03-16,1643.780029296875
2023-03-17,1625.3499755859375
2023-03-20,1634.280029296875
2023-03-21,1644.47998046875
2023-03-22,1635.52001953125
2023-03-23,1639.3499755859375
2023-03-24,1643.0
2023-03-27,1647.25
2023-03-28,1648.719970703125
2023-03-29,1656.6600341796875
2023-03-30,1660.22998046875
2023-03-31,1665.68994140625
2023-04-03,1667.719970703125
2023-04-04,1667.300048828125
2023-04-05,1668.4100341796875
2023-04-06,1669.949951171875
2023-04-10,1670.469970703125
2023-04-11,1671.0400390625
2023-04-12,1671.27001953125
2023-04-13,1673.6199951171875
2023-04-14,1673.800048828125
2023-04-17,1674.22998046875
2023-04-18,1674.97998046875
2023-04-19,1675.25
2023-04-20,1676.9000244140625
2023-04-21,1674.1300048828125
2023-04-24,1675.989990234375
2023-04-25,1661.1700439453125
2023-04-26,1659.4300537109375
2023-04-27,1678.0400390625
2023-04-28,1684.8599853515625
2023-05-01,1686.8499755859375
2023-05-02,1677.93994140625
2023-05-03,1672.6800537109375
2023-05-04,1665.8399658203125
2023-05-05,1685.5400390625
2023-05-08,1688.31005859375
2023-05-09,1685.1600341796875
2023-05-10,1691.5
2023-05-11,1692.0999755859375
2023-05-12,1692.780029296875
2023-05-15,1696.72998046875
2023-05-16,1693.1300048828125
2023-05-17,1701.699951171875
2023-05-18,1703.3699951171875
2023-05-19,1696.949951171875
2023-05-22,1697.719970703125
2023-05-23,1687.1400146484375
2023-05-24,1678.760009765625
2023-05-25,1689.81005859375
2023-05-26,1702.6700439453125
2023-05-30,1704.81005859375
2023-05-31,1700.97998046875
2023-06-01,1712.219970703125
2023-06-02,1721.280029296875
2023-06-05,1721.1099853515625
2023-06-06,1723.25
2023-06-07,1722.8199462890625
2023-06-08,1725.6500244140625
2023-06-09,1725.6300048828125
2023-06-12,1727.219970703125
2023-06-13,1728.280029296875
2023-06-14,1729.93994140625
2023-06-15,1730.300048828125
2023-06-16,1719.010009765625
2023-06-20,1716.030029296875
2023-06-21,1712.72998046875
2023-06-22,1718.949951171875
2023-06-23,1710.1300048828125
2023-06-26,1705.010009765625
2023-06-27,1719.3800048828125
2023-06-28,1719.1300048828125
2023-06-29,1725.010009765625
2023-06-30,1736.7099609375
2023-07-03,1737.8699951171875
2023-07-05,1736.989990234375
2023-07-06,1730.8299560546875
2023-07-07,1729.6700439453125
2023-07-10,1732.93994140625
2023-07-11,1739.18994140625
2023-07-12,1745.06005859375
2023-07-13,1749.0899658203125
2023-07-14,1749.7900390625
2023-07-17,1752.06005859375
2023-07-18,1751.5999755859375
2023-07-19,1752.06005859375
2023-07-20,1752.8699951171875
2023-07-21,1749.010009765625
2023-07-24,1752.6099853515625
2023-07-25,1755.02001953125
2023-07-26,1756.1300048828125
2023-07-27,1751.8499755859375
2023-07-28,1760.719970703125
2023-07-31,1761.5799560546875
2023-08-01,1760.949951171875
2023-08-02,1749.27001953125
2023-08-03,1747.760009765625
2023-08-04,1742.449951171875
2023-08-07,1755.06005859375
2023-08-08,1750.81005859375
2023-08-09,1741.68994140625
2023-08-10,1743.4300537109375
2023-08-11,1743.0799560546875
2023-08-14,1752.949951171875
2023-08-15,1734.5799560546875
2023-08-16,1721.8499755859375
2023-08-17,1708.93994140625
2023-08-18,1708.219970703125
2023-08-21,1714.800048828125
2023-08-22,1714.239990234375
2023-08-23,1721.5899658203125
2023-08-24,1714.6400146484375
2023-08-25,1721.27001953125
2023-08-28,1726.260009765625
2023-08-29,1731.2099609375
2023-08-30,1732.5799560546875
2023-08-31,1733.7099609375
2023-09-01,1735.4599609375
2023-09-05,1735.56005859375
2023-09-06,1734.9300537109375
2023-09-07,1735.699951171875
2023-09-08,1736.9200439453125
2023-09-11,1738.469970703125
2023-09-12,1738.030029296875
2023-09-13,1739.3399658203125
2023-09-14,1740.1300048828125
2023-09-15,1727.4300537109375
2023-09-18,1728.4000244140625
2023-09-19,1727.0899658203125
2023-09-20,1718.1700439453125
2023-09-21,1697.949951171875
2023-09-22,1695.760009765625
2023-09-25,1701.8399658203125
2023-09-26,1680.43994140625
2023-09-27,1681.22998046875
2023-09-28,1690.969970703125
2023-09-29,1687.3800048828125
2023-10-02,1688.1099853515625
2023-10-03,1666.1300048828125
2023-10-04,1679.52001953125
2023-10-05,1677.8499755859375
2023-10-06,1696.9100341796875
2023-10-09,1707.22998046875
2023-10-10,1715.75
2023-10-11,1723.2900390625
2023-10-12,1714.3699951171875
2023-10-13,1706.260009765625
2023-10-16,1724.06005859375
2023-10-17,1724.219970703125
2023-10-18,1701.4100341796875
2023-10-19,1687.1500244140625
2023-10-20,1670.5899658203125
2023-10-23,1671.530029296875
2023-10-24,1679.1199951171875
2023-10-25,1666.8299560546875
2023-10-26,1655.4000244140625
2023-10-27,1650.6500244140625
2023-10-30,1666.780029296875
2023-10-31,1675.9000244140625
2023-11-01,1687.219970703125
2023-11-02,1700.1099853515625
2023-11-03,1704.56005859375
2023-11-06,1705.9000244140625
2023-11-07,1707.1600341796875
2023-11-08,1707.9100341796875
2023-11-09,1708.0400390625
2023-11-10,1709.8800048828125
2023-11-13,1710.699951171875
2023-11-14,1710.8499755859375
2023-11-15,1710.5699462890625
2023-11-16,1712.6099853515625
2023-11-17,1709.9000244140625
2023-11-20,1715.199951171875
2023-11-21,1715.3199462890625
2023-11-22,1719.5
2023-11-24,1721.31005859375
2023-11-27,1720.989990234375
2023-11-28,1722.06005859375
2023-11-29,1721.3599853515625
2023-11-30,1724.4000244140625
2023-12-01,1727.77001953125
2023-12-04,1726.3499755859375
2023-12-05,1726.2900390625
2023-12-06,1725.5699462890625
2023-12-07,1730.280029296875
2023-12-08,1732.199951171875
2023-12-11,1733.47998046875
2023-12-12,1734.52001953125
2023-12-13,1734.1600341796875
2023-12-14,1734.4300537109375
2023-12-15,1746.1700439453125
2023-12-18,1748.3900146484375
2023-12-19,1752.1800537109375
2023-12-20,1741.2099609375
2023-12-21,1749.7900390625
2023-12-22,1751.18994140625
2023-12-26,1755.4300537109375
2023-12-27,1756.72998046875
2023-12-28,1758.739990234375
2023-12-29,1758.0
2024-01-02,1756.9100341796875
2024-01-03,1751.5
2024-01-04,1749.199951171875
2024-01-05,1753.02001953125
2024-01-08,1765.06005859375
2024-01-09,1765.77001953125
2024-01-10,1768.72998046875
2024-01-11,1770.780029296875
2024-01-12,1771.75
2024-01-16,1771.8900146484375
2024-01-17,1771.1500244140625
2024-01-18,1774.6099853515625
2024-01-19,1782.7099609375
2024-01-22,1785.030029296875
2024-01-23,1787.949951171875
2024-01-24,1788.1800537109375
2024-01-25,1790.449951171875
2024-01-26,1791.969970703125
2024-01-29,1794.3699951171875
2024-01-30,1795.0999755859375
2024-01-31,1789.06005859375
2024-02-01,1795.3199462890625
2024-02-02,1798.469970703125
2024-02-05,1800.18994140625
2024-02-06,1800.489990234375
2024-02-07,1801.1700439453125
2024-02-08,1801.800048828125
2024-02-09,1802.9000244140625
2024-02-12,1802.0699462890625
2024-02-13,1802.5999755859375
2024-02-14,1804.7900390625
2024-02-15,1804.3199462890625
2024-02-16,1801.3599853515625
2024-02-20,1795.75
2024-02-21,1798.219970703125
2024-02-22,1815.219970703125
2024-02-23,1816.52001953125
2024-02-26,1816.06005859375
2024-02-27,1817.719970703125
2024-02-28,1817.0
2024-02-29,1823.5999755859375
2024-03-01,1824.0899658203125
2024-03-04,1824.1500244140625
2024-03-05,1820.72998046875
2024-03-06,1823.199951171875
2024-03-07,1827.43994140625
2024-03-08,1826.5400390625
2024-03-11,1826.8900146484375
2024-03-12,1830.0999755859375
2024-03-13,1829.8299560546875
2024-03-14,1829.31005859375
2024-03-15,1836.969970703125
2024-03-18,1842.97998046875
2024-03-19,1848.199951171875
2024-03-20,1854.699951171875
2024-03-21,1857.4000244140625
2024-03-22,1858.02001953125
2024-03-25,1857.5899658203125
2024-03-26,1855.760009765625
2024-03-27,1860.6800537109375
2024-03-28,1863.77001953125
2024-04-01,1864.0
2024-04-02,1859.3499755859375
2024-04-03,1860.8199462890625
2024-04-04,1852.0799560546875
2024-04-05,1861.260009765625
2024-04-08,1862.6099853515625
2024-04-09,1864.199951171875
2024-04-10,1860.4100341796875
2024-04-11,1867.1300048828125
2024-04-12,1856.3499755859375
2024-04-15,1843.6700439453125
2024-04-16,1842.3699951171875
2024-04-17,1833.3800048828125
2024-04-18,1829.6800537109375
2024-04-19,1817.050048828125
2024-04-22,1828.4100341796875
2024-04-23,1838.3499755859375
2024-04-24,1838.97998046875
2024-04-25,1836.81005859375
2024-04-26,1845.5799560546875
2024-04-29,1847.800048828125
2024-04-30,1838.510009765625
2024-05-01,1838.31005859375
2024-05-02,1845.3800048828125
2024-05-03,1853.3800048828125
2024-05-06,1856.300048828125
2024-05-07,1857.5
2024-05-08,1858.030029296875
2024-05-09,1858.6800537109375
2024-05-10,1860.050048828125
2024-05-13,1859.8199462890625
2024-05-14,1860.8900146484375
2024-05-15,1860.1700439453125
2024-05-16,1861.56005859375
2024-05-17,1857.550048828125
2024-05-20,1858.3900146484375
2024-05-21,1861.18994140625
2024-05-22,1859.6099853515625
2024-05-23,1854.5
2024-05-24,1862.4000244140625
2024-05-28,1862.22998046875
2024-05-29,1854.6600341796875
2024-05-30,1849.27001953125
2024-05-31,1858.5699462890625
2024-06-03,1860.6400146484375
2024-06-04,1862.8299560546875
2024-06-05,1872.0899658203125
2024-06-06,1873.280029296875
2024-06-07,1874.8599853515625
2024-06-10,1876.4100341796875
2024-06-11,1878.800048828125
2024-06-12,1883.7900390625
2024-06-13,1885.6500244140625
2024-06-14,1884.72998046875
2024-06-17,1885.050048828125
2024-06-18,1886.1600341796875
2024-06-20,1886.31005859375
2024-06-21,1886.949951171875
2024-06-24,1885.030029296875
2024-06-25,1889.8299560546875
2024-06-26,1892.0400390625
2024-06-27,1893.5899658203125
2024-06-28,1891.449951171875
2024-07-01,1896.81005859375
2024-07-02,1901.4300537109375
2024-07-03,1905.9300537109375
2024-07-05,1908.5899658203125
2024-07-08,1909.989990234375
2024-07-09,1910.219970703125
2024-07-10,1912.6700439453125
2024-07-11,1911.949951171875
2024-07-12,1912.5799560546875
2024-07-15,1913.449951171875
2024-07-16,1915.0899658203125
2024-07-17,1915.1199951171875
2024-07-18,1914.719970703125
2024-07-19,1902.31005859375
2024-07-22,1914.3199462890625
2024-07-23,1914.3800048828125
2024-07-24,1887.77001953125
2024-07-25,1882.0699462890625
2024-07-26,1898.2900390625
2024-07-29,1899.760009765625
2024-07-30,1893.81005859375
2024-07-31,1912.9000244140625
2024-08-01,1897.3399658203125
2024-08-02,1869.6700439453125
2024-08-05,1818.06005859375
2024-08-06,1837.199951171875
2024-08-07,1823.4000244140625
2024-08-08,1865.3800048828125
2024-08-09,1874.489990234375
2024-08-12,1875.02001953125
2024-08-13,1905.550048828125
2024-08-14,1913.75
2024-08-15,1938.1400146484375
2024-08-16,1948.300048828125
2024-08-19,1956.5699462890625
2024-08-20,1953.8599853515625
2024-08-21,1957.1700439453125
2024-08-22,1949.56005859375
2024-08-23,1960.6400146484375
2024-08-26,1959.3299560546875
2024-08-27,1961.8900146484375
2024-08-28,1957.18994140625
2024-08-29,1959.6099853515625
2024-08-30,1968.6600341796875
2024-09-03,1951.6500244140625
2024-09-04,1951.300048828125
2024-09-05,1949.5400390625
2024-09-06,1927.8299560546875
2024-09-09,1946.760009765625
2024-09-10,1952.5699462890625
2024-09-11,1965.72998046875
2024-09-12,1971.8599853515625
2024-09-13,1976.8900146484375
2024-09-16,1977.6500244140625
2024-09-17,1978.0999755859375
2024-09-18,1980.3299560546875
2024-09-19,1982.3699951171875
2024-09-20,1984.199951171875
2024-09-23,1988.25
2024-09-24,1989.6600341796875
2024-09-25,1990.050048828125
2024-09-26,1993.3299560546875
2024-09-27,1992.219970703125
2024-09-30,1996.260009765625
2024-10-01,1988.260009765625
2024-10-02,1989.7900390625
2024-10-03,1988.7900390625
2024-10-04,1999.47998046875
2024-10-07,1991.3299560546875
2024-10-08,2000.6400146484375
2024-10-09,2006.1800537109375
2024-10-10,2007.02001953125
2024-10-11,2011.1800537109375
2024-10-14,2011.6800537109375
2024-10-15,2012.1800537109375
2024-10-16,2013.8699951171875
2024-10-17,2013.6800537109375
2024-10-18,2015.0799560546875
2024-10-21,2013.760009765625
2024-10-22,2014.050048828125
2024-10-23,2004.550048828125
2024-10-24,2007.5999755859375
2024-10-25,2007.4599609375
2024-10-28,2011.0
2024-10-29,2013.0999755859375
2024-10-30,2009.489990234375
2024-10-31,1986.2900390625
2024-11-01,1993.93994140625
2024-11-04,1990.969970703125
2024-11-05,2009.1400146484375
2024-11-06,2040.3699951171875
2024-11-07,2044.8699951171875
2024-11-08,2046.469970703125
2024-11-11,2047.3299560546875
2024-11-12,2048.610107421875
2024-11-13,2048.639892578125
2024-11-14,2049.60009765625
2024-11-15,2038.1199951171875
2024-11-18,2043.489990234375
2024-11-19,2046.719970703125
2024-11-20,2045.81005859375
2024-11-21,2050.989990234375
2024-11-22,2057.080078125
2024-11-25,2060.340087890625
2024-11-26,2064.47998046875
2024-11-27,2063.639892578125
2024-11-29,2065.800048828125
2024-12-02,2068.97998046875
2024-12-03,2070.330078125
2024-12-04,2072.0
2024-12-05,2071.590087890625
2024-12-06,2074.860107421875
2024-12-09,2073.10009765625
2024-12-10,2073.030029296875
2024-12-11,2076.06005859375
2024-12-12,2076.06005859375
2024-12-13,2078.010009765625
2024-12-16,2077.6298828125
2024-12-17,2078.7900390625
2024-12-18,2064.669921875
2024-12-19,2070.35009765625
2024-12-20,2106.179931640625
2024-12-23,2117.1201171875
2024-12-24,2128.22998046875
2024-12-26,2128.080078125
2024-12-27,2121.719970703125
2024-12-30,2114.77001953125
2024-12-31,2111.739990234375
2025-01-02,2110.159912109375
2025-01-03,2126.449951171875
2025-01-06,2131.260009765625
2025-01-07,2122.260009765625
2025-01-08,2126.169921875
2025-01-10,2108.31005859375
2025-01-13,2112.43994140625
2025-01-14,2114.419921875
2025-01-15,2141.219970703125
2025-01-16,2142.9599609375
2025-01-17,2142.929931640625
2025-01-21,2153.280029296875
2025-01-22,2159.1201171875
2025-01-23,2162.409912109375
2025-01-24,2162.719970703125
2025-01-27,2147.639892578125
2025-01-28,2158.929931640625
2025-01-29,2155.510009765625
2025-01-30,2161.6298828125
2025-01-31,2158.179931640625
2025-02-03,2149.14990234375
2025-02-04,2159.889892578125
2025-02-05,2165.3798828125
2025-02-06,2169.570068359375
2025-02-07,2163.0400390625
2025-02-10,2171.449951171875
2025-02-11,2172.010009765625
2025-02-12,2172.570068359375
2025-02-13,2178.7099609375
2025-02-14,2181.43994140625
2025-02-18,2182.610107421875
2025-02-19,2182.929931640625
2025-02-20,2182.929931640625
2025-02-21,2156.580078125
2025-02-24,2149.7900390625
2025-02-25,2143.639892578125
2025-02-26,2143.889892578125
2025-02-27,2116.969970703125
2025-02-28,2146.179931640625
2025-03-03,2114.56005859375
2025-03-04,2091.9599609375
2025-03-05,2113.9599609375
2025-03-06,2078.5400390625
2025-03-07,2090.93994140625
2025-03-10,2035.5
2025-03-11,2020.18994140625
2025-03-12,2030.1099853515625
2025-03-13,2002.0899658203125
2025-03-14,2045.010009765625
2025-03-17,2058.360107421875
2025-03-18,2036.510009765625
2025-03-19,2058.530029296875
2025-03-20,2054.2900390625
2025-03-21,2051.580078125
2025-03-24,2067.5
2025-03-25,2069.06005859375
2025-03-26,2062.06005859375
2025-03-27,2059.570068359375
2025-03-28,2039.1500244140625
2025-03-31,2046.43994140625
2025-04-01,2051.780029296875
2025-04-02,2059.2099609375
2025-04-03,1990.8900146484375
2025-04-04,1878.3399658203125
2025-04-07,1873.8699951171875
2025-04-08,1845.3699951171875
2025-04-09,2011.780029296875
2025-04-10,1949.56005859375
2025-04-11,1984.989990234375
2025-04-14,2003.0400390625
2025-04-15,2000.27001953125
2025-04-16,1955.4599609375
2025-04-17,1963.3599853515625
2025-04-21,1938.18994140625
2025-04-22,1967.0
2025-04-23,1984.18994140625
2025-04-24,1996.4599609375
2025-04-25,2004.4000244140625
2025-04-28,2006.6400146484375
2025-04-29,2010.550048828125
2025-04-30,2013.1500244140625
2025-05-01,2014.75
2025-05-02,2019.3599853515625
2025-05-05,2018.6099853515625
2025-05-06,2019.4000244140625
2025-05-07,2021.5
2025-05-08,2020.8900146484375
2025-05-09,2023.5400390625
2025-05-12,2023.6600341796875
2025-05-13,2025.3900146484375
2025-05-14,2026.1199951171875
2025-05-15,2025.1099853515625
2025-05-16,2027.449951171875
2025-05-19,2027.9599609375
2025-05-20,2025.5699462890625
2025-05-21,2008.530029296875
2025-05-22,2009.030029296875
2025-05-23,2000.22998046875
2025-05-27,2028.4200439453125
2025-05-28,2023.6800537109375
2025-05-29,2028.8599853515625
2025-05-30,2031.3299560546875
2025-06-02,2035.7099609375
2025-06-03,2042.010009765625
2025-06-04,2044.1300048828125
2025-06-05,2039.9100341796875
2025-06-06,2051.199951171875
2025-06-09,2053.860107421875
2025-06-10,2056.43994140625
2025-06-11,2055.300048828125
2025-06-12,2057.760009765625
2025-06-13,2051.989990234375
2025-06-16,2060.719970703125
2025-06-17,2056.989990234375
2025-06-18,2061.8701171875
2025-06-20,2052.7099609375
2025-06-23,2063.1201171875
2025-06-24,2072.570068359375
2025-06-25,2073.510009765625
2025-06-26,2077.590087890625
2025-06-27,2080.919921875
2025-06-30,2085.27001953125
2025-07-01,2084.02001953125
2025-07-02,2087.8701171875
2025-07-03,2089.72998046875
2025-07-07,2088.7900390625
2025-07-08,2091.0400390625
2025-07-09,2091.3798828125
2025-07-10,2092.1298828125
2025-07-11,2093.47998046875
2025-07-14,2092.610107421875
2025-07-15,2094.010009765625
2025-07-16,2095.25
2025-07-17,2094.75
2025-07-18,2085.77001953125
2025-07-21,2087.85009765625
2025-07-22,2090.2099609375
2025-07-23,2097.10009765625
2025-07-24,2098.3701171875
2025-07-25,2102.570068359375
2025-07-28,2105.159912109375
2025-07-29,2101.93994140625
2025-07-30,2102.530029296875
2025-07-31,2100.2900390625
2025-08-01,2084.070068359375
2025-08-04,2103.489990234375
2025-08-05,2100.159912109375
2025-08-06,2107.8798828125
2025-08-07,2108.010009765625
2025-08-08,2114.800048828125
2025-08-11,2114.2099609375
2025-08-12,2119.2900390625
2025-08-13,2119.81005859375
2025-08-14,2120.5
2025-08-15,2109.4599609375
2025-08-18,2111.64990234375
2025-08-19,2105.929931640625
2025-08-20,2103.760009765625
2025-08-21,2098.219970703125
2025-08-22,2118.1201171875
2025-08-25,2115.7099609375
2025-08-26,2120.090087890625
2025-08-27,2122.31005859375
2025-08-28,2125.9599609375
2025-08-29,2120.72998046875
2025-09-02,2114.760009765625
2025-09-03,2122.110107421875
2025-09-04,2130.929931640625
2025-09-05,2130.550048828125
2025-09-08,2132.93994140625
2025-09-09,2136.06005859375
2025-09-10,2138.2099609375
2025-09-11,2143.06005859375
2025-09-12,2144.080078125
2025-09-15,2144.6201171875
2025-09-16,2144.85009765625
2025-09-17,2146.949951171875
2025-09-18,2147.6298828125
2025-09-19,2147.669921875
2025-09-22,2151.1201171875
2025-09-23,2146.43994140625
2025-09-24,2146.340087890625
2025-09-25,2141.81005859375
2025-09-26,2150.929931640625
2025-09-29,2154.419921875
2025-09-30,2158.919921875
2025-10-01,2161.81005859375
2025-10-02,2162.159912109375
2025-10-03,2164.39990234375
2025-10-06,2168.320068359375
2025-10-07,2166.18994140625
2025-10-08,2171.14990234375
2025-10-09,2170.659912109375
2025-10-10,2139.85009765625
2025-10-13,2166.77001953125
2025-10-14,2165.570068359375
2025-10-15,2171.27001953125
2025-10-16,2168.699951171875
2025-10-17,2184.780029296875
2025-10-20,2198.360107421875
2025-10-21,2200.070068359375
2025-10-22,2195.85009765625
2025-10-23,2201.93994140625
2025-10-24,2208.14990234375
2025-10-27,2214.389892578125
2025-10-28,2214.659912109375
2025-10-29,2214.489990234375
2025-10-30,2212.06005859375
2025-10-31,2214.300048828125
2025-11-03,2217.530029296875
2025-11-04,2211.1201171875
2025-11-05,2215.27001953125
2025-11-06,2208.35009765625
2025-11-07,2212.35009765625
2025-11-10,2222.929931640625
2025-11-11,2224.469970703125
2025-11-12,2225.260009765625
2025-11-13,2218.570068359375
2025-11-14,2219.56005859375
2025-11-17,2216.14990234375
2025-11-18,2210.469970703125
2025-11-19,2217.840087890625
2025-11-20,2202.64990234375
2025-11-21,2227.699951171875
2025-11-24,2245.340087890625
2025-11-25,2253.739990234375
2025-11-26,2258.469970703125
2025-11-28,2262.6201171875
2025-12-01,2260.25
2025-12-02,2264.169921875
2025-12-03,2264.97998046875
2025-12-04,2266.739990234375
2025-12-05,2269.64990234375
2025-12-08,2268.31005859375
2025-12-09,2269.280029296875
2025-12-10,2271.2099609375
2025-12-11,2271.840087890625
2025-12-12,2272.5400390625
2025-12-15,2273.300048828125
2025-12-16,2275.030029296875
2025-12-17,2273.52001953125
2025-12-18,2275.219970703125
2025-12-19,2288.449951171875
2025-12-22,2297.56005859375
2025-12-23,2302.0
2025-12-24,2304.260009765625
2025-12-26,2305.64990234375
2025-12-29,2304.989990234375
2025-12-30,2304.8798828125
2025-12-31,2299.93994140625
2026-01-02,2304.679931640625
2026-01-05,2310.280029296875
2026-01-06,2314.659912109375
2026-01-07,2313.39990234375
2026-01-08,2315.18994140625
2026-01-09,2318.8798828125
2026-01-12,2319.760009765625
2026-01-13,2320.699951171875
2026-01-14,2319.590087890625
2026-01-15,2320.3701171875
2026-01-16,2317.3701171875
2026-01-20,2287.8701171875
2026-01-21,2308.18994140625
2026-01-22,2317.6298828125
2026-01-23,2319.429931640625
2026-01-26,2325.919921875
2026-01-27,2330.2099609375
2026-01-28,2330.360107421875
2026-01-29,2330.97998046875
2026-01-30,2325.419921875
2026-02-02,2334.739990234375
2026-02-03,2325.56005859375
2026-02-04,2317.2900390625
2026-02-05,2298.02001953125
2026-02-06,2333.0400390625
2026-02-09,2340.909912109375
2026-02-10,2338.050048828125
2026-02-11,2340.18994140625
2026-02-12,2316.0400390625
2026-02-13,2320.0
2026-02-17,2324.489990234375
2026-02-18,2337.830078125
2026-02-19,2332.669921875
2026-02-20,2345.18994140625
2026-02-23,2332.219970703125
2026-02-24,2345.239990234375
2026-02-25,2356.550048828125
2026-02-26,2352.27001953125
2026-02-27,2347.47998046875
2026-03-02,2348.780029296875
2026-03-03,2334.820068359375
2026-03-04,2349.570068359375
2026-03-05,2341.7099609375
2026-03-06,2317.3798828125
2026-03-09,2336.669921875
2026-03-10,2334.260009765625
2026-03-11,2335.840087890625
2026-03-12,2305.449951171875
2026-03-13,2294.06005859375
2026-03-16,2318.31005859375
2026-03-17,2324.27001953125
2026-03-18,2292.719970703125
2026-03-19,2286.56005859375
2026-03-20,2256.929931640625
2026-03-23,2274.3798828125
2026-03-24,2270.820068359375
2026-03-25,2279.219970703125
2026-03-26,2258.6201171875
2026-03-27,2235.39990234375
2026-03-30,2233.719970703125
2026-03-31,2278.800048828125
2026-04-01,2288.429931640625
2026-04-02,2293.199951171875
2026-04-06,2300.639892578125
2026-04-07,2298.510009765625
2026-04-08,2319.7900390625
2026-04-09,2324.8701171875
2026-04-10,2324.889892578125
2026-04-13,2327.739990234375
2026-04-14,2327.1201171875
2026-04-15,2328.10009765625
2026-04-16,2328.7099609375
2026-04-17,2343.97998046875
2026-04-20,2340.5400390625
2026-04-21,2331.97998046875
2026-04-22,2347.719970703125
2026-04-23,2343.3798828125
2026-04-24,2352.669921875
2026-04-27,2355.909912109375
2026-04-28,2353.06005859375
2026-04-29,2352.4599609375
2026-04-30,2365.8701171875
2026-05-01,2369.659912109375
2026-05-04,2367.169921875
2026-05-05,2374.949951171875
2026-05-06,2381.580078125
2026-05-07,2380.169921875
2026-05-08,2384.050048828125
2026-05-11,2383.530029296875
2026-05-12,2383.739990234375
2026-05-13,2384.89990234375
2026-05-14,2386.31005859375
2026-05-15,2379.9599609375
2026-05-18,2382.60009765625
2026-05-19,2375.22998046875
2026-05-20,2389.260009765625
2026-05-21,2393.860107421875
2026-05-22,2398.449951171875
2026-05-26,2405.219970703125
2026-05-27,2407.39990234375
2026-05-28,2413.1298828125
2026-05-29,2415.280029296875
2026-06-01,2418.5
2026-06-02,2420.199951171875
2026-06-03,2416.050048828125
2026-06-04,2421.10009765625
2026-06-05,2393.929931640625
2026-06-08,2403.1201171875
2026-06-09,2399.320068359375
2026-06-10,2372.110107421875
2026-06-11,2404.14990234375
2026-06-12,2415.739990234375
2026-06-15,2429.110107421875
2026-06-16,2429.550048828125
2026-06-17,2424.81005859375
2026-06-18,2431.469970703125
2026-06-22,2429.409912109375
2026-06-23,2408.199951171875
2026-06-24,2407.389892578125
2026-06-25,2408.469970703125
2026-06-26,2414.330078125
2026-06-29,2432.2099609375
2026-06-30,2446.889892578125
2026-07-01,2444.550048828125
2026-07-02,2448.6201171875
2026-07-06,2458.199951171875
2026-07-07,2455.06005859375
2026-07-08,2453.159912109375
2026-07-09,2463.510009765625
2026-07-10,2468.449951171875
2026-07-13,2461.929931640625
2026-07-14,2468.679931640625
2026-07-15,2472.949951171875
2026-07-16,2472.77001953125
2026-07-17,2465.919921875
