Date,close
1996-08-02,309.5899963378906
1996-08-05,309.57000732421875
1996-08-06,309.989990234375
1996-08-07,310.1700134277344
1996-08-08,310.3500061035156
1996-08-09,310.42999267578125
1996-08-12,310.67999267578125
1996-08-13,310.6600036621094
1996-08-14,310.8599853515625
1996-08-15,310.92999267578125
1996-08-16,310.9599914550781
1996-08-19,311.29998779296875
1996-08-20,311.489990234375
1996-08-21,311.7200012207031
1996-08-22,312.8399963378906
1996-08-23,312.25
1996-08-26,311.5799865722656
1996-08-27,312.2799987792969
1996-08-28,312.1499938964844
1996-08-29,310.260009765625
1996-08-30,308.3900146484375
1996-09-03,309.760009765625
1996-09-04,310.04998779296875
1996-09-05,307.4100036621094
1996-09-06,311.0299987792969
1996-09-09,313.54998779296875
1996-09-10,313.8599853515625
1996-09-11,314.67999267578125
1996-09-12,315.44000244140625
1996-09-13,316.55999755859375
1996-09-16,316.79998779296875
1996-09-17,316.8399963378906
1996-09-18,316.95001220703125
1996-09-19,317.0799865722656
1996-09-20,317.32000732421875
1996-09-23,317.45001220703125
1996-09-24,317.55999755859375
1996-09-25,317.510009765625
1996-09-26,317.739990234375
1996-09-27,317.8999938964844
1996-09-30,318.0899963378906
1996-10-01,318.54998779296875
1996-10-02,319.2799987792969
1996-10-03,319.2900085449219
1996-10-04,320.5199890136719
1996-10-07,320.80999755859375
1996-10-08,320.6700134277344
1996-10-09,320.6300048828125
1996-10-10,320.67999267578125
1996-10-11,321.30999755859375
1996-10-14,321.5199890136719
1996-10-15,321.5400085449219
1996-10-16,321.6700134277344
1996-10-17,321.7799987792969
1996-10-18,322.5299987792969
1996-10-21,322.4100036621094
1996-10-22,321.82000732421875
1996-10-23,322.1199951171875
1996-10-24,321.07000732421875
1996-10-25,320.7699890136719
1996-10-28,320.32000732421875
1996-10-29,321.3599853515625
1996-10-30,321.2300109863281
1996-10-31,322.5199890136719
1996-11-01,322.2799987792969
1996-11-04,323.5199890136719
1996-11-05,324.75
1996-11-06,326.1000061035156
1996-11-07,326.1600036621094
1996-11-08,326.5899963378906
1996-11-11,326.8399963378906
1996-11-12,326.92999267578125
1996-11-13,327.04998779296875
1996-11-14,327.1300048828125
1996-11-15,326.2900085449219
1996-11-18,326.2799987792969
1996-11-19,327.4800109863281
1996-11-20,327.4200134277344
1996-11-21,327.5199890136719
1996-11-22,328.80999755859375
1996-11-25,329.55999755859375
1996-11-26,329.3900146484375
1996-11-27,329.57000732421875
1996-11-29,329.8900146484375
1996-12-02,330.2799987792969
1996-12-03,328.8699951171875
1996-12-04,329.45001220703125
1996-12-05,329.19000244140625
1996-12-06,328.3599853515625
1996-12-09,330.9200134277344
1996-12-10,330.6600036621094
1996-12-11,329.5199890136719
1996-12-12,326.1700134277344
1996-12-13,326.8599853515625
1996-12-16,323.5400085449219
1996-12-17,326.7099914550781
1996-12-18,328.7200012207031
1996-12-19,332.9200134277344
1996-12-20,333.07000732421875
1996-12-23,333.1199951171875
1996-12-24,334.0199890136719
1996-12-26,334.9700012207031
1996-12-27,335.0199890136719
1996-12-30,334.92999267578125
1996-12-31,332.92999267578125
1997-01-02,332.4599914550781
1997-01-03,335.3500061035156
1997-01-06,335.2099914550781
1997-01-07,336.4800109863281
1997-01-08,335.5899963378906
1997-01-09,336.6600036621094
1997-01-10,337.7300109863281
1997-01-13,338.25
1997-01-14,338.8900146484375
1997-01-15,339.0400085449219
1997-01-16,339.20001220703125
1997-01-17,339.7699890136719
1997-01-20,340.30999755859375
1997-01-21,341.6000061035156
1997-01-22,342.2900085449219
1997-01-23,340.57000732421875
1997-01-24,339.6000061035156
1997-01-27,338.5400085449219
1997-01-28,338.55999755859375
1997-01-29,340.5199890136719
1997-01-30,342.6300048828125
1997-02-04,343.94000244140625
1997-02-05,341.989990234375
1997-02-06,343.1600036621094
1997-02-07,344.8699951171875
1997-02-10,344.4599914550781
1997-02-11,345.2099914550781
1997-02-12,346.07000732421875
1997-02-13,346.4100036621094
1997-02-14,346.5799865722656
1997-02-18,346.8599853515625
1997-02-19,346.9800109863281
1997-02-20,347.1000061035156
1997-02-21,346.7200012207031
1997-02-24,348.9100036621094
1997-02-25,349.32000732421875
1997-02-26,348.17999267578125
1997-02-27,346.1499938964844
1997-02-28,345.3699951171875
1997-03-03,346.760009765625
1997-03-04,346.0400085449219
1997-03-05,349.239990234375
1997-03-06,348.3500061035156
1997-03-07,350.1499938964844
1997-03-10,352.17999267578125
1997-03-11,352.05999755859375
1997-03-12,351.19000244140625
1997-03-13,348.0299987792969
1997-03-14,349.8500061035156
1997-03-17,351.0
1997-03-18,349.3299865722656
1997-03-19,347.989990234375
1997-03-20,346.2099914550781
1997-03-21,348.5400085449219
1997-03-24,350.1600036621094
1997-03-25,350.3800048828125
1997-03-26,350.8800048828125
1997-03-27,346.6700134277344
1997-03-31,341.8699951171875
1997-04-01,343.2900085449219
1997-04-02,339.19000244140625
1997-04-03,339.4700012207031
1997-04-04,342.9800109863281
1997-04-07,345.2300109863281
1997-04-08,347.1499938964844
1997-04-09,344.5899963378906
1997-04-10,343.6700134277344
1997-04-11,334.3500061035156
1997-04-14,337.6199951171875
1997-04-15,342.8399963378906
1997-04-16,347.0899963378906
1997-04-17,345.7200012207031
1997-04-18,347.05999755859375
1997-04-21,345.9800109863281
1997-04-22,348.760009765625
1997-04-23,348.4599914550781
1997-04-24,348.2799987792969
1997-04-25,347.2799987792969
1997-04-28,348.94000244140625
1997-04-29,351.42999267578125
1997-04-30,351.7200012207031
1997-05-01,351.7900085449219
1997-05-02,352.6600036621094
1997-05-05,352.9800109863281
1997-05-06,352.9700012207031
1997-05-07,352.989990234375
1997-05-08,353.20001220703125
1997-05-09,353.32000732421875
1997-05-12,353.5400085449219
1997-05-13,353.6000061035156
1997-05-14,353.6700134277344
1997-05-15,353.7200012207031
1997-05-16,351.54998779296875
1997-05-19,352.7900085449219
1997-05-20,355.07000732421875
1997-05-21,354.8500061035156
1997-05-22,354.6300048828125
1997-05-23,356.9100036621094
1997-05-27,357.2699890136719
1997-05-28,357.2699890136719
1997-05-29,356.8599853515625
1997-05-30,357.75
1997-06-02,357.739990234375
1997-06-03,357.5799865722656
1997-06-04,357.0299987792969
1997-06-05,357.5400085449219
1997-06-06,360.20001220703125
1997-06-09,360.760009765625
1997-06-10,361.2200012207031
1997-06-11,361.510009765625
1997-06-12,361.8599853515625
1997-06-13,362.04998779296875
1997-06-16,362.2699890136719
1997-06-17,362.3500061035156
1997-06-18,362.4599914550781
1997-06-19,362.510009765625
1997-06-20,362.3900146484375
1997-06-23,357.20001220703125
1997-06-24,362.6300048828125
1997-06-25,361.0199890136719
1997-06-26,359.989990234375
1997-06-27,361.3900146484375
1997-06-30,360.7200012207031
1997-07-01,362.7300109863281
1997-07-02,365.5199890136719
1997-07-03,367.7699890136719
1997-07-07,367.6499938964844
1997-07-08,368.45001220703125
1997-07-09,367.17999267578125
1997-07-10,368.19000244140625
1997-07-11,368.9200134277344
1997-07-14,369.42999267578125
1997-07-15,369.8699951171875
1997-07-16,370.0199890136719
1997-07-17,370.0899963378906
1997-07-18,369.1000061035156
1997-07-21,369.1499938964844
1997-07-22,373.55999755859375
1997-07-23,373.9800109863281
1997-07-24,374.760009765625
1997-07-25,374.80999755859375
1997-07-28,374.8699951171875
1997-07-29,375.5400085449219
1997-07-30,376.6600036621094
1997-07-31,376.95001220703125
1997-08-01,376.4800109863281
1997-08-04,377.6000061035156
1997-08-05,378.1199951171875
1997-08-06,378.510009765625
1997-08-07,378.510009765625
1997-08-08,377.2699890136719
1997-08-11,378.3599853515625
1997-08-12,377.69000244140625
1997-08-13,377.79998779296875
1997-08-14,379.1199951171875
1997-08-15,375.4599914550781
1997-08-18,379.20001220703125
1997-08-19,381.8699951171875
1997-08-20,384.3299865722656
1997-08-21,381.6700134277344
1997-08-22,381.3999938964844
1997-08-25,381.7799987792969
1997-08-26,380.0799865722656
1997-08-27,381.1000061035156
1997-08-28,378.9100036621094
1997-08-29,378.3800048828125
1997-09-02,384.8999938964844
1997-09-03,384.739990234375
1997-09-04,385.3900146484375
1997-09-05,385.82000732421875
1997-09-08,387.04998779296875
1997-09-09,387.8599853515625
1997-09-10,385.6400146484375
1997-09-11,384.54998779296875
1997-09-12,387.6000061035156
1997-09-15,387.6600036621094
1997-09-16,390.25
1997-09-17,390.4800109863281
1997-09-18,390.6400146484375
1997-09-19,391.5899963378906
1997-09-22,393.2200012207031
1997-09-23,393.010009765625
1997-09-24,391.739990234375
1997-09-25,390.6300048828125
1997-09-26,392.489990234375
1997-09-29,394.5199890136719
1997-09-30,393.30999755859375
1997-10-01,395.1600036621094
1997-10-02,395.9100036621094
1997-10-03,397.0299987792969
1997-10-06,398.17999267578125
1997-10-07,399.2699890136719
1997-10-08,398.8800048828125
1997-10-09,398.989990234375
1997-10-10,398.989990234375
1997-10-13,399.70001220703125
1997-10-14,400.1000061035156
1997-10-15,400.17999267578125
1997-10-16,400.3500061035156
1997-10-17,399.739990234375
1997-10-20,402.55999755859375
1997-10-21,405.30999755859375
1997-10-22,405.0199890136719
1997-10-23,401.42999267578125
1997-10-24,400.07000732421875
1997-10-27,376.8500061035156
1997-10-28,393.7200012207031
1997-10-29,394.1600036621094
1997-10-30,388.7799987792969
1997-10-31,392.70001220703125
1997-11-03,400.44000244140625
1997-11-04,400.7200012207031
1997-11-05,400.9200134277344
1997-11-06,401.0799865722656
1997-11-07,397.3599853515625
1997-11-10,396.55999755859375
1997-11-11,397.9800109863281
1997-11-12,392.42999267578125
1997-11-13,396.8999938964844
1997-11-14,402.1499938964844
1997-11-17,407.5299987792969
1997-11-19,408.95001220703125
1997-11-20,411.2300109863281
1997-11-21,411.5199890136719
1997-11-24,407.8500061035156
1997-11-25,409.55999755859375
1997-11-26,410.5
1997-11-28,411.010009765625
1997-12-01,416.2799987792969
1997-12-02,415.95001220703125
1997-12-03,417.7200012207031
1997-12-04,417.260009765625
1997-12-05,419.04998779296875
1997-12-08,419.45001220703125
1997-12-09,419.4599914550781
1997-12-10,418.6600036621094
1997-12-11,415.1499938964844
1997-12-12,415.57000732421875
1997-12-15,419.0199890136719
1997-12-16,420.1199951171875
1997-12-17,420.29998779296875
1997-12-18,419.3699951171875
1997-12-19,418.2799987792969
1997-12-22,420.1600036621094
1997-12-23,417.4599914550781
1997-12-24,416.94000244140625
1997-12-26,418.6499938964844
1997-12-29,422.6000061035156
1997-12-30,424.9700012207031
1997-12-31,425.0899963378906
1998-01-02,425.8699951171875
1998-01-05,426.3999938964844
1998-01-06,425.8599853515625
1998-01-07,426.0899963378906
1998-01-08,425.8399963378906
1998-01-09,420.9700012207031
1998-01-12,425.2099914550781
1998-01-13,427.7799987792969
1998-01-14,428.3900146484375
1998-01-15,428.510009765625
1998-01-16,428.1700134277344
1998-01-20,431.6499938964844
1998-01-21,430.510009765625
1998-01-22,429.32000732421875
1998-01-23,428.75
1998-01-26,429.2200012207031
1998-01-27,432.0899963378906
1998-01-28,433.2099914550781
1998-01-29,434.3900146484375
1998-01-30,434.3699951171875
1998-02-02,436.5
1998-02-03,437.1600036621094
1998-02-04,437.3999938964844
1998-02-05,437.2300109863281
1998-02-06,437.9100036621094
1998-02-09,438.1700134277344
1998-02-10,438.6000061035156
1998-02-11,438.7799987792969
1998-02-12,438.92999267578125
1998-02-13,438.9599914550781
1998-02-17,439.3399963378906
1998-02-18,439.4800109863281
1998-02-19,439.5799865722656
1998-02-20,440.5899963378906
1998-02-23,441.6499938964844
1998-02-24,440.8399963378906
1998-02-25,442.82000732421875
1998-02-26,443.70001220703125
1998-02-27,443.989990234375
1998-03-02,444.0899963378906
1998-03-03,444.7900085449219
1998-03-04,444.4700012207031
1998-03-05,442.94000244140625
1998-03-06,445.739990234375
1998-03-09,445.8800048828125
1998-03-10,446.8999938964844
1998-03-11,447.2900085449219
1998-03-12,447.489990234375
1998-03-13,447.45001220703125
1998-03-16,447.9800109863281
1998-03-17,448.1099853515625
1998-03-18,448.30999755859375
1998-03-19,448.4200134277344
1998-03-20,449.3800048828125
1998-03-23,448.8999938964844
1998-03-24,450.2699890136719
1998-03-25,449.1300048828125
1998-03-26,449.29998779296875
1998-03-27,448.5299987792969
1998-03-30,448.4100036621094
1998-03-31,450.0199890136719
1998-04-01,451.5199890136719
1998-04-02,453.2699890136719
1998-04-03,453.79998779296875
1998-04-06,454.1499938964844
1998-04-07,453.3299865722656
1998-04-08,453.0299987792969
1998-04-09,454.92999267578125
1998-04-13,455.5
1998-04-14,456.3500061035156
1998-04-15,456.7799987792969
1998-04-16,456.8699951171875
1998-04-17,458.9700012207031
1998-04-20,460.010009765625
1998-04-21,460.8900146484375
1998-04-22,461.8800048828125
1998-04-23,460.2300109863281
1998-04-24,457.95001220703125
1998-04-27,452.25
1998-04-28,453.739990234375
1998-04-29,456.20001220703125
1998-04-30,460.7200012207031
1998-05-01,463.2099914550781
1998-05-04,463.6199951171875
1998-05-05,462.4800109863281
1998-05-06,460.2799987792969
1998-05-07,458.0799865722656
1998-05-08,462.8800048828125
1998-05-11,463.510009765625
1998-05-12,465.4200134277344
1998-05-13,466.6300048828125
1998-05-14,467.42999267578125
1998-05-15,465.5199890136719
1998-05-18,465.45001220703125
1998-05-19,466.75
1998-05-20,468.80999755859375
1998-05-21,468.4200134277344
1998-05-22,468.19000244140625
1998-05-26,463.95001220703125
1998-05-27,464.2900085449219
1998-05-28,466.07000732421875
1998-05-29,464.6400146484375
1998-06-01,464.94000244140625
1998-06-02,465.8699951171875
1998-06-03,462.2300109863281
1998-06-04,467.2900085449219
1998-06-05,472.4599914550781
1998-06-08,473.1700134277344
1998-06-09,473.9100036621094
1998-06-10,472.79998779296875
1998-06-11,467.8500061035156
1998-06-12,470.0299987792969
1998-06-15,462.1300048828125
1998-06-16,466.6000061035156
1998-06-17,474.5
1998-06-18,475.2099914550781
1998-06-19,474.32000732421875
1998-06-22,475.82000732421875
1998-06-23,478.7799987792969
1998-06-24,480.3699951171875
1998-06-25,480.239990234375
1998-06-26,480.9700012207031
1998-06-29,481.8900146484375
1998-06-30,481.7099914550781
1998-07-01,483.19000244140625
1998-07-02,483.3800048828125
1998-07-06,484.1099853515625
1998-07-07,484.1499938964844
1998-07-08,484.6000061035156
1998-07-09,484.6300048828125
1998-07-10,484.82000732421875
1998-07-13,485.1199951171875
1998-07-14,485.2799987792969
1998-07-15,485.3999938964844
1998-07-16,485.4700012207031
1998-07-17,485.2900085449219
1998-07-20,485.2300109863281
1998-07-21,480.7900085449219
1998-07-22,480.8599853515625
1998-07-23,474.010009765625
1998-07-24,474.2900085449219
1998-07-27,476.5199890136719
1998-07-28,471.5299987792969
1998-07-29,469.55999755859375
1998-07-30,475.8599853515625
1998-07-31,467.3399963378906
1998-08-03,465.6000061035156
1998-08-04,448.95001220703125
1998-08-05,452.42999267578125
1998-08-06,456.42999267578125
1998-08-07,456.3399963378906
1998-08-10,454.29998779296875
1998-08-11,447.6600036621094
1998-08-12,454.3299865722656
1998-08-13,450.67999267578125
1998-08-14,445.1400146484375
1998-08-17,454.1000061035156
1998-08-18,461.55999755859375
1998-08-19,460.5299987792969
1998-08-20,457.510009765625
1998-08-21,455.3800048828125
1998-08-24,457.44000244140625
1998-08-25,458.739990234375
1998-08-26,457.9200134277344
1998-08-27,447.8999938964844
1998-08-28,444.8900146484375
1998-08-31,419.3500061035156
1998-09-01,435.29998779296875
1998-09-02,433.3299865722656
1998-09-03,430.1499938964844
1998-09-04,427.19000244140625
1998-09-08,446.69000244140625
1998-09-09,441.1400146484375
1998-09-10,429.989990234375
1998-09-11,442.760009765625
1998-09-14,451.6300048828125
1998-09-15,456.0899963378906
1998-09-16,459.1300048828125
1998-09-17,447.55999755859375
1998-09-18,447.9700012207031
1998-09-21,449.42999267578125
1998-09-22,451.9599914550781
1998-09-23,457.6400146484375
1998-09-24,455.1700134277344
1998-09-25,455.6300048828125
1998-09-28,456.57000732421875
1998-09-29,457.3800048828125
1998-09-30,451.6600036621094
1998-10-01,444.7300109863281
1998-10-02,450.260009765625
1998-10-05,447.04998779296875
1998-10-06,447.05999755859375
1998-10-07,442.9200134277344
1998-10-08,439.29998779296875
1998-10-09,449.8900146484375
1998-10-12,455.69000244140625
1998-10-13,456.29998779296875
1998-10-14,459.4200134277344
1998-10-15,464.69000244140625
1998-10-16,462.7900085449219
1998-10-19,466.2799987792969
1998-10-20,466.9700012207031
1998-10-21,468.1499938964844
1998-10-22,470.5799865722656
1998-10-23,469.04998779296875
1998-10-26,471.1199951171875
1998-10-27,470.0199890136719
1998-10-28,470.8500061035156
1998-10-29,475.19000244140625
1998-10-30,476.8500061035156
1998-11-02,478.80999755859375
1998-11-03,478.760009765625
1998-11-04,479.3299865722656
1998-11-05,480.5400085449219
1998-11-06,480.9700012207031
1998-11-09,480.7900085449219
1998-11-10,481.0899963378906
1998-11-11,481.1499938964844
1998-11-12,481.29998779296875
1998-11-13,481.8900146484375
1998-11-16,482.55999755859375
1998-11-17,482.82000732421875
1998-11-18,482.9700012207031
1998-11-19,483.0799865722656
1998-11-20,483.8699951171875
1998-11-23,487.7799987792969
1998-11-24,487.0400085449219
1998-11-25,488.0400085449219
1998-11-27,489.05999755859375
1998-11-30,484.8699951171875
1998-12-01,487.3800048828125
1998-12-02,486.8599853515625
1998-12-03,482.1199951171875
1998-12-04,488.4700012207031
1998-12-07,490.79998779296875
1998-12-08,490.30999755859375
1998-12-09,490.9200134277344
1998-12-10,488.7699890136719
1998-12-11,488.9700012207031
1998-12-14,483.3699951171875
1998-12-15,490.6700134277344
1998-12-16,491.260009765625
1998-12-17,494.0
1998-12-18,496.69000244140625
1998-12-21,499.7300109863281
1998-12-22,500.6600036621094
1998-12-23,503.30999755859375
1998-12-24,503.1499938964844
1998-12-28,503.3699951171875
1998-12-29,504.489990234375
1998-12-30,504.05999755859375
1998-12-31,503.9100036621094
1999-01-04,504.4800109863281
1999-01-05,505.6199951171875
1999-01-06,506.3299865722656
1999-01-07,506.3500061035156
1999-01-08,506.510009765625
1999-01-11,506.5299987792969
1999-01-12,506.5899963378906
1999-01-13,506.6199951171875
1999-01-14,506.7699890136719
1999-01-15,508.8699951171875
1999-01-19,511.79998779296875
1999-01-20,512.8200073242188
1999-01-21,509.1400146484375
1999-01-22,507.6199951171875
1999-01-25,510.67999267578125
1999-01-26,514.489990234375
1999-01-27,513.0499877929688
1999-01-28,516.6500244140625
1999-01-29,518.6199951171875
1999-02-01,518.8300170898438
1999-02-02,518.0700073242188
1999-02-03,519.3900146484375
1999-02-04,516.5900268554688
1999-02-05,515.8499755859375
1999-02-08,517.5399780273438
1999-02-09,513.510009765625
1999-02-10,516.1699829101562
1999-02-11,521.77001953125
1999-02-12,519.2899780273438
1999-02-16,522.2000122070312
1999-02-17,520.5999755859375
1999-02-18,524.22998046875
1999-02-19,525.1300048828125
1999-02-22,531.9400024414062
1999-02-23,531.5700073242188
1999-02-24,529.219970703125
1999-02-25,528.4400024414062
1999-02-26,527.4099731445312
1999-03-01,527.989990234375
1999-03-02,526.52001953125
1999-03-03,527.3099975585938
1999-03-04,531.6500244140625
1999-03-05,536.280029296875
1999-03-08,537.3599853515625
1999-03-09,537.530029296875
1999-03-10,538.2000122070312
1999-03-11,539.010009765625
1999-03-12,539.0499877929688
1999-03-15,539.6400146484375
1999-03-16,539.8300170898438
1999-03-17,539.9199829101562
1999-03-18,540.0399780273438
1999-03-19,536.1300048828125
1999-03-22,536.3900146484375
1999-03-23,526.52001953125
1999-03-24,528.3699951171875
1999-03-25,535.8599853515625
1999-03-26,534.8200073242188
1999-03-29,541.760009765625
1999-03-30,540.6199951171875
1999-03-31,536.3200073242188
1999-04-01,539.7000122070312
1999-04-05,547.0700073242188
1999-04-06,546.25
1999-04-07,548.3200073242188
1999-04-08,550.5900268554688
1999-04-09,551.1900024414062
1999-04-12,552.2899780273438
1999-04-13,552.0900268554688
1999-04-14,550.6400146484375
1999-04-15,552.760009765625
1999-04-16,553.3599853515625
1999-04-19,547.4600219726562
1999-04-20,551.1799926757812
1999-04-21,556.489990234375
1999-04-22,559.5599975585938
1999-04-23,559.2999877929688
1999-04-26,560.5999755859375
1999-04-27,561.0499877929688
1999-04-28,559.8699951171875
1999-04-29,559.3400268554688
1999-04-30,558.239990234375
1999-05-03,561.7999877929688
1999-05-04,559.6400146484375
1999-05-05,561.6699829101562
1999-05-06,559.719970703125
1999-05-07,562.030029296875
1999-05-10,562.0800170898438
1999-05-11,563.8400268554688
1999-05-12,564.4000244140625
1999-05-13,565.1199951171875
1999-05-14,563.6099853515625
1999-05-17,564.9400024414062
1999-05-18,565.3699951171875
1999-05-19,566.5800170898438
1999-05-20,566.8800048828125
1999-05-21,565.9600219726562
1999-05-24,560.3400268554688
1999-05-25,554.3499755859375
1999-05-26,560.5900268554688
1999-05-27,554.3300170898438
1999-05-28,561.6599731445312
1999-06-01,560.4199829101562
1999-06-02,561.1500244140625
1999-06-03,562.7000122070312
1999-06-04,571.280029296875
1999-06-07,573.5999755859375
1999-06-08,570.4299926757812
1999-06-09,570.8300170898438
1999-06-10,566.7000122070312
1999-06-11,563.280029296875
1999-06-14,564.3200073242188
1999-06-15,567.6099853515625
1999-06-16,577.2899780273438
1999-06-17,580.3099975585938
1999-06-18,581.77001953125
1999-06-21,583.4400024414062
1999-06-22,582.0599975585938
1999-06-23,581.8599853515625
1999-06-24,578.239990234375
1999-06-25,579.5700073242188
1999-06-28,582.9000244140625
1999-06-29,585.6599731445312
1999-06-30,588.2999877929688
1999-07-01,589.52001953125
1999-07-02,590.3200073242188
1999-07-06,590.6699829101562
1999-07-07,591.1099853515625
1999-07-08,591.27001953125
1999-07-09,591.7100219726562
1999-07-12,592.010009765625
1999-07-13,592.0999755859375
1999-07-14,592.2999877929688
1999-07-15,592.469970703125
1999-07-16,594.1199951171875
1999-07-19,592.5700073242188
1999-07-20,584.72998046875
1999-07-21,585.4500122070312
1999-07-22,580.25
1999-07-23,579.25
1999-07-26,576.3499755859375
1999-07-27,582.4600219726562
1999-07-28,583.6599731445312
1999-07-29,575.5499877929688
1999-07-30,570.4000244140625
1999-08-02,570.6300048828125
1999-08-03,568.1699829101562
1999-08-04,560.97998046875
1999-08-05,564.5
1999-08-06,559.1400146484375
1999-08-09,558.719970703125
1999-08-10,551.7899780273438
1999-08-11,560.47998046875
1999-08-12,558.9400024414062
1999-08-13,572.1099853515625
1999-08-16,573.7899780273438
1999-08-17,579.4099731445312
1999-08-18,574.1500244140625
1999-08-19,570.780029296875
1999-08-20,573.27001953125
1999-08-23,578.02001953125
1999-08-24,578.4299926757812
1999-08-25,581.0999755859375
1999-08-26,579.4400024414062
1999-08-27,578.0599975585938
1999-08-30,573.4299926757812
1999-08-31,573.6199951171875
1999-09-01,576.760009765625
1999-09-02,573.8300170898438
1999-09-03,582.0700073242188
1999-09-07,581.5499877929688
1999-09-08,580.7999877929688
1999-09-09,582.1400146484375
1999-09-10,583.8200073242188
1999-09-13,583.719970703125
1999-09-14,582.969970703125
1999-09-15,579.6300048828125
1999-09-16,581.52001953125
1999-09-17,585.7000122070312
1999-09-20,586.469970703125
1999-09-21,580.25
1999-09-22,581.6300048828125
1999-09-23,572.4400024414062
1999-09-24,572.469970703125
1999-09-27,575.5800170898438
1999-09-28,575.3800048828125
1999-09-29,570.7100219726562
1999-09-30,576.6599731445312
1999-10-01,577.1400146484375
1999-10-04,584.5800170898438
1999-10-05,584.739990234375
1999-10-06,591.0900268554688
1999-10-07,589.5900268554688
1999-10-08,594.8599853515625
1999-10-11,596.0
1999-10-12,591.1599731445312
1999-10-13,579.8300170898438
1999-10-14,579.739990234375
1999-10-15,569.52001953125
1999-10-18,572.7000122070312
1999-10-19,574.719970703125
1999-10-20,580.8099975585938
1999-10-21,580.47998046875
1999-10-22,583.8499755859375
1999-10-25,582.8499755859375
1999-10-26,581.510009765625
1999-10-27,583.5900268554688
1999-10-28,587.7899780273438
1999-10-29,588.22998046875
1999-11-01,588.6900024414062
1999-11-02,588.239990234375
1999-11-03,588.8499755859375
1999-11-04,589.1599731445312
1999-11-05,589.7100219726562
1999-11-08,590.2899780273438
1999-11-09,590.25
1999-11-10,590.5700073242188
1999-11-11,590.760009765625
1999-11-12,590.989990234375
1999-11-15,591.25
1999-11-16,591.3599853515625
1999-11-17,591.489990234375
1999-11-18,591.5800170898438
1999-11-19,592.0999755859375
1999-11-22,592.4099731445312
1999-11-23,589.4600219726562
1999-11-24,592.0999755859375
1999-11-26,590.5700073242188
1999-11-29,590.239990234375
1999-11-30,586.489990234375
1999-12-01,589.4500122070312
1999-12-02,592.0399780273438
1999-12-03,597.5599975585938
1999-12-06,596.9099731445312
1999-12-07,595.8300170898438
1999-12-08,593.6699829101562
1999-12-09,595.0399780273438
1999-12-10,598.2899780273438
1999-12-13,598.9500122070312
1999-12-14,596.2100219726562
1999-12-15,599.3900146484375
1999-12-16,601.8200073242188
1999-12-17,601.719970703125
1999-12-20,599.8099975585938
1999-12-21,603.47998046875
1999-12-22,604.4000244140625
1999-12-23,608.1199951171875
1999-12-27,607.9000244140625
1999-12-28,608.6900024414062
1999-12-29,609.1599731445312
1999-12-30,608.760009765625
1999-12-31,609.7999877929688
2000-01-03,609.5999755859375
2000-01-04,598.7899780273438
2000-01-05,600.1300048828125
2000-01-06,600.8099975585938
2000-01-07,610.1099853515625
2000-01-10,613.239990234375
2000-01-11,611.27001953125
2000-01-12,610.760009765625
2000-01-13,613.989990234375
2000-01-14,616.280029296875
2000-01-18,616.3800048828125
2000-01-19,617.0700073242188
2000-01-20,617.6300048828125
2000-01-21,617.510009765625
2000-01-24,608.5
2000-01-25,611.6799926757812
2000-01-26,610.9400024414062
2000-01-27,609.9299926757812
2000-01-28,597.3699951171875
2000-01-31,608.1799926757812
2000-02-01,613.3499755859375
2000-02-02,613.719970703125
2000-02-03,618.6699829101562
2000-02-04,619.4199829101562
2000-02-07,619.6300048828125
2000-02-08,623.5800170898438
2000-02-09,617.7100219726562
2000-02-10,618.989990234375
2000-02-11,610.9299926757812
2000-02-14,613.3499755859375
2000-02-15,618.7999877929688
2000-02-16,612.47998046875
2000-02-17,611.9099731445312
2000-02-18,604.260009765625
2000-02-22,606.3599853515625
2000-02-23,610.1099853515625
2000-02-24,607.1300048828125
2000-02-25,603.0599975585938
2000-02-28,607.5700073242188
2000-02-29,613.1500244140625
2000-03-01,616.8400268554688
2000-03-02,618.3699951171875
2000-03-03,623.3200073242188
2000-03-06,621.1599731445312
2000-03-07,613.2100219726562
2000-03-08,616.8400268554688
2000-03-09,623.510009765625
2000-03-10,623.719970703125
2000-03-13,622.7000122070312
2000-03-14,617.719970703125
2000-03-15,624.8900146484375
2000-03-16,627.6400146484375
2000-03-17,626.5800170898438
2000-03-20,625.6699829101562
2000-03-21,631.5499877929688
2000-03-22,632.2000122070312
2000-03-23,634.3699951171875
2000-03-24,634.280029296875
2000-03-27,634.1599731445312
2000-03-28,633.3800048828125
2000-03-29,634.1099853515625
2000-03-30,631.280029296875
2000-03-31,633.97998046875
2000-04-03,635.5499877929688
2000-04-04,633.8300170898438
2000-04-05,631.8800048828125
2000-04-06,634.530029296875
2000-04-07,637.3900146484375
2000-04-10,636.8599853515625
2000-04-11,636.6900024414062
2000-04-12,632.530029296875
2000-04-13,627.8099975585938
2000-04-14,595.719970703125
2000-04-17,618.260009765625
2000-04-18,632.9600219726562
2000-04-19,631.72998046875
2000-04-20,633.219970703125
2000-04-24,633.1599731445312
2000-04-25,640.8499755859375
2000-04-26,638.4400024414062
2000-04-27,639.4000244140625
2000-04-28,638.5
2000-05-01,641.6900024414062
2000-05-02,637.969970703125
2000-05-03,630.8200073242188
2000-05-04,630.9199829101562
2000-05-05,637.760009765625
2000-05-08,637.6300048828125
2000-05-09,635.1400146484375
2000-05-10,627.3099975585938
2000-05-11,635.6199951171875
2000-05-12,640.1799926757812
2000-05-15,646.6400146484375
2000-05-16,648.9600219726562
2000-05-17,648.8400268554688
2000-05-18,649.739990234375
2000-05-19,646.47998046875
2000-05-22,645.7899780273438
2000-05-23,640.4099731445312
2000-05-24,647.510009765625
2000-05-25,644.5599975585938
2000-05-26,644.1900024414062
2000-05-30,654.6300048828125
2000-05-31,654.2100219726562
2000-06-01,658.5800170898438
2000-06-02,660.760009765625
2000-06-05,660.9000244140625
2000-06-06,660.8300170898438
2000-06-07,661.760009765625
2000-06-08,661.6300048828125
2000-06-09,662.030029296875
2000-06-12,662.3200073242188
2000-06-13,663.27001953125
2000-06-14,663.530029296875
2000-06-15,663.719970703125
2000-06-16,662.72998046875
2000-06-19,665.8599853515625
2000-06-20,664.969970703125
2000-06-21,665.6699829101562
2000-06-22,661.219970703125
2000-06-23,658.989990234375
2000-06-26,662.5800170898438
2000-06-27,662.8900146484375
2000-06-28,664.5499877929688
2000-06-29,662.8800048828125
2000-06-30,665.6400146484375
2000-07-03,669.530029296875
2000-07-05,664.8900146484375
2000-07-06,667.4000244140625
2000-07-07,672.0900268554688
2000-07-10,672.5
2000-07-11,673.3699951171875
2000-07-12,674.760009765625
2000-07-13,675.1599731445312
2000-07-14,676.030029296875
2000-07-17,676.7000122070312
2000-07-18,676.780029296875
2000-07-19,676.8300170898438
2000-07-20,677.3599853515625
2000-07-21,677.1900024414062
2000-07-24,674.25
2000-07-25,676.6400146484375
2000-07-26,673.1300048828125
2000-07-27,671.1900024414062
2000-07-28,660.9000244140625
2000-07-31,664.5
2000-08-01,667.8300170898438
2000-08-02,669.4600219726562
2000-08-03,673.5999755859375
2000-08-04,677.3300170898438
2000-08-07,682.6300048828125
2000-08-08,684.3200073242188
2000-08-09,682.72998046875
2000-08-10,679.510009765625
2000-08-11,683.25
2000-08-14,689.25
2000-08-15,688.8300170898438
2000-08-16,688.2999877929688
2000-08-17,691.6500244140625
2000-08-18,690.8400268554688
2000-08-21,692.8599853515625
2000-08-22,693.0900268554688
2000-08-23,694.4000244140625
2000-08-24,695.4600219726562
2000-08-25,695.760009765625
2000-08-28,697.7100219726562
2000-08-29,697.2999877929688
2000-08-30,695.9400024414062
2000-08-31,698.9000244140625
2000-09-01,699.260009765625
2000-09-05,697.9600219726562
2000-09-06,695.719970703125
2000-09-07,698.6199951171875
2000-09-08,698.1500244140625
2000-09-11,698.6199951171875
2000-09-12,697.8599853515625
2000-09-13,699.4500122070312
2000-09-14,700.1699829101562
2000-09-15,697.8699951171875
2000-09-18,693.5800170898438
2000-09-19,697.25
2000-09-20,695.4199829101562
2000-09-21,695.3499755859375
2000-09-22,695.2899780273438
2000-09-25,693.760009765625
2000-09-26,690.7000122070312
2000-09-27,690.760009765625
2000-09-28,700.6099853515625
2000-09-29,695.1599731445312
2000-10-02,695.4000244140625
2000-10-03,691.6099853515625
2000-10-04,695.7100219726562
2000-10-05,696.8099975585938
2000-10-06,686.6500244140625
2000-10-09,684.8099975585938
2000-10-10,678.02001953125
2000-10-11,667.010009765625
2000-10-12,650.6199951171875
2000-10-13,671.1699829101562
2000-10-16,673.1300048828125
2000-10-17,660.77001953125
2000-10-18,656.72998046875
2000-10-19,679.239990234375
2000-10-20,675.0
2000-10-23,676.1099853515625
2000-10-24,677.0999755859375
2000-10-25,669.5700073242188
2000-10-26,667.739990234375
2000-10-27,674.1300048828125
2000-10-30,678.6199951171875
2000-10-31,683.3200073242188
2000-11-01,682.6199951171875
2000-11-02,683.9600219726562
2000-11-03,684.1099853515625
2000-11-06,685.3699951171875
2000-11-07,685.5800170898438
2000-11-08,683.6900024414062
2000-11-09,682.6099853515625
2000-11-10,676.1099853515625
2000-11-13,673.8599853515625
2000-11-14,684.1400146484375
2000-11-15,687.6500244140625
2000-11-16,686.47998046875
2000-11-17,688.75
2000-11-20,682.1699829101562
2000-11-21,683.8499755859375
2000-11-22,676.5
2000-11-24,684.7899780273438
2000-11-27,687.6900024414062
2000-11-28,682.9400024414062
2000-11-29,685.5999755859375
2000-11-30,674.75
2000-12-01,678.0499877929688
2000-12-04,683.1599731445312
2000-12-05,698.0700073242188
2000-12-06,693.0
2000-12-07,691.1799926757812
2000-12-08,699.7999877929688
2000-12-11,701.0700073242188
2000-12-12,699.6400146484375
2000-12-13,700.989990234375
2000-12-14,694.8900146484375
2000-12-15,682.6099853515625
2000-12-18,684.2899780273438
2000-12-19,682.1400146484375
2000-12-20,668.469970703125
2000-12-21,673.7899780273438
2000-12-22,683.4500122070312
2000-12-26,686.2999877929688
2000-12-27,688.8900146484375
2000-12-28,691.1099853515625
2000-12-29,689.4400024414062
2001-01-02,680.1099853515625
2001-01-03,695.6599731445312
2001-01-04,693.8800048828125
2001-01-05,687.1699829101562
2001-01-08,687.8699951171875
2001-01-09,690.5599975585938
2001-01-10,694.8800048828125
2001-01-11,697.9099731445312
2001-01-16,701.1500244140625
2001-01-17,702.5599975585938
2001-01-18,703.27001953125
2001-01-19,703.6500244140625
2001-01-22,705.2000122070312
2001-01-23,709.0599975585938
2001-01-24,709.7899780273438
2001-01-25,709.4400024414062
2001-01-26,709.1900024414062
2001-01-29,711.4000244140625
2001-01-30,712.6599731445312
2001-01-31,712.9199829101562
2001-02-01,714.0499877929688
2001-02-02,711.6199951171875
2001-02-05,713.6699829101562
2001-02-06,714.0599975585938
2001-02-07,713.02001953125
2001-02-08,712.4400024414062
2001-02-09,708.3300170898438
2001-02-12,713.9099731445312
2001-02-13,711.6699829101562
2001-02-14,712.9000244140625
2001-02-15,717.0999755859375
2001-02-16,704.4400024414062
2001-02-20,698.7000122070312
2001-02-21,689.739990234375
2001-02-22,688.8400268554688
2001-02-23,686.1599731445312
2001-02-26,696.9000244140625
2001-02-27,693.280029296875
2001-02-28,684.3800048828125
2001-03-01,685.75
2001-03-02,682.7999877929688
2001-03-05,687.8099975585938
2001-03-06,694.8599853515625
2001-03-07,698.7899780273438
2001-03-08,699.9400024414062
2001-03-09,683.5999755859375
2001-03-12,653.510009765625
2001-03-13,665.4400024414062
2001-03-14,647.489990234375
2001-03-15,651.8599853515625
2001-03-16,640.3200073242188
2001-03-19,646.3800048828125
2001-03-20,639.4099731445312
2001-03-21,633.6099853515625
2001-03-22,631.0399780273438
2001-03-23,640.489990234375
2001-03-26,646.1400146484375
2001-03-27,653.2000122070312
2001-03-28,646.75
2001-03-29,645.9199829101562
2001-03-30,648.989990234375
2001-04-02,644.75
2001-04-03,631.0800170898438
2001-04-04,630.25
2001-04-05,649.530029296875
2001-04-06,642.0999755859375
2001-04-09,646.77001953125
2001-04-10,656.1699829101562
2001-04-11,657.27001953125
2001-04-12,661.239990234375
2001-04-16,662.0900268554688
2001-04-17,663.6300048828125
2001-04-18,664.3800048828125
2001-04-19,664.75
2001-04-20,663.7999877929688
2001-04-23,659.0599975585938
2001-04-24,656.0999755859375
2001-04-25,661.9299926757812
2001-04-26,664.0999755859375
2001-04-27,668.8499755859375
2001-04-30,668.7100219726562
2001-05-01,671.989990234375
2001-05-02,672.5800170898438
2001-05-03,670.0599975585938
2001-05-04,673.4500122070312
2001-05-07,673.7000122070312
2001-05-08,674.3800048828125
2001-05-09,674.219970703125
2001-05-10,674.8599853515625
2001-05-11,674.1799926757812
2001-05-14,675.4500122070312
2001-05-15,676.7899780273438
2001-05-16,678.780029296875
2001-05-17,679.0800170898438
2001-05-18,679.1199951171875
2001-05-21,683.969970703125
2001-05-22,683.3900146484375
2001-05-23,679.9199829101562
2001-05-24,681.7999877929688
2001-05-25,679.1099853515625
2001-05-29,676.6099853515625
2001-05-30,669.3400268554688
2001-05-31,672.5399780273438
2001-06-01,675.7899780273438
2001-06-04,678.6400146484375
2001-06-05,685.0399780273438
2001-06-06,681.1500244140625
2001-06-07,683.780029296875
2001-06-08,679.8800048828125
2001-06-11,675.6099853515625
2001-06-12,676.9199829101562
2001-06-13,670.0800170898438
2001-06-14,657.7899780273438
2001-06-15,650.8499755859375
2001-06-18,650.4600219726562
2001-06-19,652.25
2001-06-20,654.780029296875
2001-06-21,658.489990234375
2001-06-22,656.4099731445312
2001-06-25,656.280029296875
2001-06-26,655.6199951171875
2001-06-27,655.489990234375
2001-06-28,658.780029296875
2001-06-29,659.8400268554688
2001-07-02,661.760009765625
2001-07-03,662.0499877929688
2001-07-05,659.9000244140625
2001-07-06,652.6900024414062
2001-07-09,655.9199829101562
2001-07-10,650.8499755859375
2001-07-11,650.1900024414062
2001-07-12,660.1400146484375
2001-07-13,662.6699829101562
2001-07-16,660.7899780273438
2001-07-17,663.489990234375
2001-07-18,663.1699829101562
2001-07-19,665.72998046875
2001-07-20,665.5900268554688
2001-07-23,660.8900146484375
2001-07-24,654.3099975585938
2001-07-25,661.1699829101562
2001-07-26,665.989990234375
2001-07-27,667.1099853515625
2001-07-30,667.4199829101562
2001-07-31,669.75
2001-08-01,671.5700073242188
2001-08-02,672.5399780273438
2001-08-03,672.4400024414062
2001-08-06,669.75
2001-08-07,671.52001953125
2001-08-08,665.219970703125
2001-08-09,665.9600219726562
2001-08-10,669.3400268554688
2001-08-13,670.9000244140625
2001-08-14,669.75
2001-08-15,666.1699829101562
2001-08-16,668.469970703125
2001-08-17,661.77001953125
2001-08-20,665.510009765625
2001-08-21,662.1400146484375
2001-08-22,665.3400268554688
2001-08-23,664.9299926757812
2001-08-24,670.8900146484375
2001-08-27,670.5499877929688
2001-08-28,666.6199951171875
2001-08-29,662.780029296875
2001-08-30,654.8699951171875
2001-08-31,657.6300048828125
2001-09-04,656.9400024414062
2001-09-05,657.3800048828125
2001-09-06,646.27001953125
2001-09-07,635.3599853515625
2001-09-10,639.47998046875
2001-09-17,609.22998046875
2001-09-18,605.8300170898438
2001-09-19,594.8099975585938
2001-09-20,577.510009765625
2001-09-21,553.010009765625
2001-09-24,563.5999755859375
2001-09-25,565.989990234375
2001-09-26,565.9199829101562
2001-09-27,568.260009765625
2001-09-28,571.2899780273438
2001-10-01,571.9199829101562
2001-10-02,573.1199951171875
2001-10-03,574.010009765625
2001-10-04,573.8200073242188
2001-10-05,573.6599731445312
2001-10-08,573.760009765625
2001-10-09,573.9299926757812
2001-10-10,575.530029296875
2001-10-11,575.969970703125
2001-10-12,575.7999877929688
2001-10-15,576.3599853515625
2001-10-16,576.6599731445312
2001-10-17,576.5700073242188
2001-10-18,576.8499755859375
2001-10-19,579.4299926757812
2001-10-22,584.5700073242188
2001-10-23,584.1500244140625
2001-10-24,585.1900024414062
2001-10-25,588.0
2001-10-26,589.5800170898438
2001-10-29,585.7899780273438
2001-10-30,581.25
2001-10-31,581.6500244140625
2001-11-01,587.3300170898438
2001-11-02,589.3300170898438
2001-11-05,592.3400268554688
2001-11-06,594.510009765625
2001-11-07,594.5
2001-11-08,595.2899780273438
2001-11-09,595.9500122070312
2001-11-12,595.8099975585938
2001-11-13,596.9199829101562
2001-11-14,596.8900146484375
2001-11-15,597.1599731445312
2001-11-16,596.6199951171875
2001-11-19,600.1699829101562
2001-11-20,599.280029296875
2001-11-21,598.0800170898438
2001-11-23,602.3699951171875
2001-11-26,603.9500122070312
2001-11-27,602.3400268554688
2001-11-28,596.6900024414062
2001-11-29,600.7100219726562
2001-11-30,601.4400024414062
2001-12-03,598.739990234375
2001-12-04,604.0800170898438
2001-12-05,608.77001953125
2001-12-06,608.5900268554688
2001-12-07,607.6799926757812
2001-12-10,604.1400146484375
2001-12-11,604.010009765625
2001-12-12,604.8200073242188
2001-12-13,598.7999877929688
2001-12-14,601.5800170898438
2001-12-17,606.739990234375
2001-12-18,610.1599731445312
2001-12-19,612.1599731445312
2001-12-20,611.5700073242188
2001-12-21,613.4299926757812
2001-12-24,614.4299926757812
2001-12-26,616.260009765625
2001-12-27,617.8800048828125
2001-12-28,618.7899780273438
2001-12-31,616.1500244140625
2002-01-02,618.3499755859375
2002-01-03,621.0
2002-01-04,622.4000244140625
2002-01-07,621.9500122070312
2002-01-08,621.8499755859375
2002-01-09,621.25
2002-01-10,622.02001953125
2002-01-11,620.5999755859375
2002-01-14,620.0399780273438
2002-01-15,622.9600219726562
2002-01-16,618.6300048828125
2002-01-17,623.6300048828125
2002-01-18,617.530029296875
2002-01-22,615.8699951171875
2002-01-23,619.6500244140625
2002-01-24,620.9500122070312
2002-01-25,621.47998046875
2002-01-28,622.4500122070312
2002-01-29,610.9600219726562
2002-01-30,616.469970703125
2002-01-31,622.3599853515625
2002-02-01,621.0999755859375
2002-02-04,609.6400146484375
2002-02-05,607.8300170898438
2002-02-06,605.4000244140625
2002-02-07,603.47998046875
2002-02-08,612.4099731445312
2002-02-11,620.8800048828125
2002-02-12,619.1500244140625
2002-02-13,624.6699829101562
2002-02-14,624.47998046875
2002-02-15,621.989990234375
2002-02-19,615.47998046875
2002-02-20,621.6799926757812
2002-02-21,615.4500122070312
2002-02-22,619.3300170898438
2002-02-25,626.5800170898438
2002-02-26,626.6599731445312
2002-02-27,627.72998046875
2002-02-28,627.0700073242188
2002-03-01,632.7899780273438
2002-03-04,635.4400024414062
2002-03-05,635.3200073242188
2002-03-06,636.4000244140625
2002-03-07,636.52001953125
2002-03-08,637.1199951171875
2002-03-11,637.4500122070312
2002-03-12,637.5499877929688
2002-03-13,637.6400146484375
2002-03-14,637.780029296875
2002-03-15,638.7100219726562
2002-03-18,638.5499877929688
2002-03-19,640.4299926757812
2002-03-20,636.2000122070312
2002-03-21,637.1799926757812
2002-03-22,636.2000122070312
2002-03-25,630.739990234375
2002-03-26,633.5800170898438
2002-03-27,636.1900024414062
2002-03-28,637.22998046875
2002-04-01,637.1900024414062
2002-04-02,634.0700073242188
2002-04-03,628.7100219726562
2002-04-04,629.5900268554688
2002-04-05,628.5499877929688
2002-04-08,630.219970703125
2002-04-09,626.77001953125
2002-04-10,633.5399780273438
2002-04-11,619.75
2002-04-12,622.8699951171875
2002-04-15,619.3699951171875
2002-04-16,633.219970703125
2002-04-17,632.739990234375
2002-04-18,631.260009765625
2002-04-19,634.3699951171875
2002-04-22,629.739990234375
2002-04-23,627.1099853515625
2002-04-24,624.1199951171875
2002-04-25,623.52001953125
2002-04-26,616.6300048828125
2002-04-29,611.4199829101562
2002-04-30,617.7899780273438
2002-05-01,622.8400268554688
2002-05-02,622.22998046875
2002-05-03,617.25
2002-05-06,605.9299926757812
2002-05-07,603.9400024414062
2002-05-08,625.0700073242188
2002-05-09,617.3200073242188
2002-05-10,607.9500122070312
2002-05-13,618.6500244140625
2002-05-14,631.1900024414062
2002-05-15,628.6300048828125
2002-05-16,632.97998046875
2002-05-17,636.1799926757812
2002-05-20,632.6900024414062
2002-05-21,629.219970703125
2002-05-22,631.2999877929688
2002-05-23,635.1500244140625
2002-05-24,631.8300170898438
2002-05-28,629.22998046875
2002-05-29,626.6500244140625
2002-05-30,625.9099731445312
2002-05-31,627.4000244140625
2002-06-03,613.760009765625
2002-06-04,613.9400024414062
2002-06-05,619.6300048828125
2002-06-06,608.989990234375
2002-06-07,608.489990234375
2002-06-10,610.0700073242188
2002-06-11,600.489990234375
2002-06-12,604.3800048828125
2002-06-13,598.2999877929688
2002-06-14,597.1400146484375
2002-06-17,614.260009765625
2002-06-18,614.6400146484375
2002-06-19,604.4199829101562
2002-06-20,596.5
2002-06-21,584.469970703125
2002-06-24,586.6500244140625
2002-06-25,581.219970703125
2002-06-26,580.4600219726562
2002-06-27,587.3400268554688
2002-06-28,587.7899780273438
2002-07-01,580.6599731445312
2002-07-02,570.9299926757812
2002-07-03,574.1699829101562
2002-07-05,590.1199951171875
2002-07-08,586.0800170898438
2002-07-09,575.260009765625
2002-07-10,556.7899780273438
2002-07-11,561.97998046875
2002-07-12,558.1900024414062
2002-07-15,555.7899780273438
2002-07-16,546.4199829101562
2002-07-17,549.8400268554688
2002-07-18,533.5
2002-07-19,517.219970703125
2002-07-22,507.5799865722656
2002-07-23,497.80999755859375
2002-07-24,517.3499755859375
2002-07-25,516.489990234375
2002-07-26,523.510009765625
2002-07-29,534.4199829101562
2002-07-30,534.989990234375
2002-07-31,535.8099975585938
2002-08-01,531.1900024414062
2002-08-02,526.77001953125
2002-08-05,517.9500122070312
2002-08-06,527.4500122070312
2002-08-07,532.969970703125
2002-08-08,537.0999755859375
2002-08-09,538.1500244140625
2002-08-12,538.489990234375
2002-08-13,538.3499755859375
2002-08-14,539.97998046875
2002-08-15,540.219970703125
2002-08-16,539.9600219726562
2002-08-19,545.1500244140625
2002-08-20,542.5900268554688
2002-08-21,545.6900024414062
2002-08-22,548.5399780273438
2002-08-23,544.3499755859375
2002-08-26,546.2899780273438
2002-08-27,543.6900024414062
2002-08-28,538.6599731445312
2002-08-29,538.77001953125
2002-08-30,539.3099975585938
2002-09-03,522.8099975585938
2002-09-04,530.6599731445312
2002-09-05,525.5399780273438
2002-09-06,532.8200073242188
2002-09-09,537.47998046875
2002-09-10,541.239990234375
2002-09-11,541.3800048828125
2002-09-12,532.0999755859375
2002-09-13,534.5
2002-09-16,535.5399780273438
2002-09-17,526.0999755859375
2002-09-18,523.5399780273438
2002-09-19,507.6499938964844
2002-09-20,511.0199890136719
2002-09-23,509.04998779296875
2002-09-24,504.989990234375
2002-09-25,512.3400268554688
2002-09-26,517.8499755859375
2002-09-27,510.4100036621094
2002-09-30,506.1499938964844
2002-10-01,518.219970703125
2002-10-02,512.0
2002-10-03,509.3800048828125
2002-10-04,503.05999755859375
2002-10-07,496.3699951171875
2002-10-08,503.2799987792969
2002-10-09,492.5299987792969
2002-10-10,507.3999938964844
2002-10-11,520.3699951171875
2002-10-14,523.5
2002-10-15,528.2000122070312
2002-10-16,527.3699951171875
2002-10-17,528.8200073242188
2002-10-18,529.3200073242188
2002-10-21,533.739990234375
2002-10-22,531.97998046875
2002-10-23,533.969970703125
2002-10-24,530.9000244140625
2002-10-25,536.3699951171875
2002-10-28,535.780029296875
2002-10-29,533.7100219726562
2002-10-30,536.4299926757812
2002-10-31,535.9500122070312
2002-11-01,540.2899780273438
2002-11-04,541.3900146484375
2002-11-05,542.510009765625
2002-11-06,543.75
2002-11-07,542.280029296875
2002-11-08,542.27001953125
2002-11-11,539.3099975585938
2002-11-12,542.239990234375
2002-11-13,543.4500122070312
2002-11-14,546.8200073242188
2002-11-15,549.6599731445312
2002-11-18,547.8200073242188
2002-11-19,547.8400268554688
2002-11-20,552.9199829101562
2002-11-21,556.6099853515625
2002-11-22,556.8099975585938
2002-11-25,557.3099975585938
2002-11-26,554.0700073242188
2002-11-27,557.030029296875
2002-11-29,557.1400146484375
2002-12-02,557.9199829101562
2002-12-03,556.0700073242188
2002-12-04,555.77001953125
2002-12-05,553.6099853515625
2002-12-06,555.5900268554688
2002-12-09,551.6300048828125
2002-12-10,555.9500122070312
2002-12-11,557.3599853515625
2002-12-12,557.3200073242188
2002-12-13,554.4299926757812
2002-12-16,560.8699951171875
2002-12-17,560.260009765625
2002-12-18,558.5999755859375
2002-12-19,558.27001953125
2002-12-20,563.8200073242188
2002-12-23,565.7100219726562
2002-12-24,564.8499755859375
2002-12-26,564.0700073242188
2002-12-27,559.5599975585938
2002-12-30,561.9199829101562
2002-12-31,563.3099975585938
2003-01-02,571.469970703125
2003-01-03,572.02001953125
2003-01-06,574.6900024414062
2003-01-07,574.52001953125
2003-01-08,573.489990234375
2003-01-09,575.510009765625
2003-01-10,575.6599731445312
2003-01-13,575.8499755859375
2003-01-14,576.260009765625
2003-01-15,576.2899780273438
2003-01-16,576.3800048828125
2003-01-17,575.6599731445312
2003-01-21,570.8900146484375
2003-01-22,567.22998046875
2003-01-23,571.3599853515625
2003-01-24,559.3599853515625
2003-01-27,551.5800170898438
2003-01-28,558.260009765625
2003-01-29,562.2899780273438
2003-01-30,552.3400268554688
2003-01-31,558.4099731445312
2003-02-03,561.5700073242188
2003-02-04,554.969970703125
2003-02-05,552.1599731445312
2003-02-06,549.8699951171875
2003-02-07,544.3599853515625
2003-02-10,549.3300170898438
2003-02-11,544.9000244140625
2003-02-12,538.4000244140625
2003-02-13,537.9600219726562
2003-02-14,549.6300048828125
2003-02-18,560.4500122070312
2003-02-19,556.6500244140625
2003-02-20,550.8099975585938
2003-02-21,556.6900024414062
2003-02-24,552.3900146484375
2003-02-25,554.4000244140625
2003-02-26,551.219970703125
2003-02-27,555.5999755859375
2003-02-28,557.6799926757812
2003-03-03,556.5999755859375
2003-03-04,552.4299926757812
2003-03-05,555.9199829101562
2003-03-06,553.6400146484375
2003-03-07,556.4400024414062
2003-03-10,548.2100219726562
2003-03-11,545.2100219726562
2003-03-12,547.5999755859375
2003-03-13,560.5999755859375
2003-03-14,561.7899780273438
2003-03-17,567.6199951171875
2003-03-18,569.1500244140625
2003-03-19,569.72998046875
2003-03-20,570.25
2003-03-21,573.8400268554688
2003-03-24,564.3499755859375
2003-03-25,569.5800170898438
2003-03-26,568.530029296875
2003-03-27,568.47998046875
2003-03-28,567.030029296875
2003-03-31,560.4099731445312
2003-04-01,566.3699951171875
2003-04-02,574.9400024414062
2003-04-03,573.9299926757812
2003-04-04,574.6500244140625
2003-04-07,576.510009765625
2003-04-08,577.5599975585938
2003-04-09,572.9400024414062
2003-04-10,576.7000122070312
2003-04-11,577.0499877929688
2003-04-14,583.989990234375
2003-04-15,586.3099975585938
2003-04-16,585.9000244140625
2003-04-17,589.969970703125
2003-04-21,590.489990234375
2003-04-22,594.97998046875
2003-04-23,596.1599731445312
2003-04-24,595.5999755859375
2003-04-25,593.7100219726562
2003-04-28,597.0399780273438
2003-04-29,597.469970703125
2003-04-30,597.219970703125
2003-05-01,597.5800170898438
2003-05-02,599.030029296875
2003-05-05,599.22998046875
2003-05-06,599.6500244140625
2003-05-07,599.72998046875
2003-05-08,599.4500122070312
2003-05-09,600.2100219726562
2003-05-12,600.4500122070312
2003-05-13,600.5399780273438
2003-05-14,600.5999755859375
2003-05-15,600.7000122070312
2003-05-16,601.719970703125
2003-05-19,593.1500244140625
2003-05-20,592.5800170898438
2003-05-21,594.52001953125
2003-05-22,598.6900024414062
2003-05-23,599.52001953125
2003-05-27,605.27001953125
2003-05-28,605.8499755859375
2003-05-29,604.8900146484375
2003-05-30,608.5
2003-06-02,608.969970703125
2003-06-03,609.8099975585938
2003-06-04,611.3300170898438
2003-06-05,611.77001953125
2003-06-06,611.8499755859375
2003-06-09,611.3800048828125
2003-06-10,612.739990234375
2003-06-11,613.3499755859375
2003-06-12,613.4400024414062
2003-06-13,613.530029296875
2003-06-16,613.9400024414062
2003-06-17,613.9600219726562
2003-06-18,614.02001953125
2003-06-19,614.0599975585938
2003-06-20,612.6199951171875
2003-06-23,607.9600219726562
2003-06-24,608.760009765625
2003-06-25,606.1099853515625
2003-06-26,611.1799926757812
2003-06-27,607.4299926757812
2003-06-30,607.2999877929688
2003-07-01,610.9600219726562
2003-07-02,614.9000244140625
2003-07-03,611.969970703125
2003-07-07,619.0399780273438
2003-07-08,620.3200073242188
2003-07-09,620.02001953125
2003-07-10,616.27001953125
2003-07-11,620.1799926757812
2003-07-14,622.0900268554688
2003-07-15,622.260009765625
2003-07-16,621.1199951171875
2003-07-17,616.77001953125
2003-07-18,623.280029296875
2003-07-21,620.1400146484375
2003-07-22,623.030029296875
2003-07-23,623.7899780273438
2003-07-24,622.22998046875
2003-07-25,627.4099731445312
2003-07-28,627.0800170898438
2003-07-29,625.6699829101562
2003-07-30,625.4000244140625
2003-07-31,626.1300048828125
2003-08-01,623.2100219726562
2003-08-04,624.4600219726562
2003-08-05,618.3099975585938
2003-08-06,620.260009765625
2003-08-07,624.219970703125
2003-08-08,626.3099975585938
2003-08-11,627.9099731445312
2003-08-12,631.1300048828125
2003-08-13,630.530029296875
2003-08-14,632.8099975585938
2003-08-15,632.3699951171875
2003-08-18,636.010009765625
2003-08-19,637.010009765625
2003-08-20,636.7000122070312
2003-08-21,637.5999755859375
2003-08-22,634.969970703125
2003-08-25,635.25
2003-08-26,636.5
2003-08-27,637.0800170898438
2003-08-28,639.25
2003-08-29,640.4400024414062
2003-09-02,642.989990234375
2003-09-03,643.4600219726562
2003-09-04,644.030029296875
2003-09-05,644.1500244140625
2003-09-08,645.239990234375
2003-09-09,644.8699951171875
2003-09-10,643.8400268554688
2003-09-11,645.030029296875
2003-09-12,645.6400146484375
2003-09-15,645.719970703125
2003-09-16,646.4099731445312
2003-09-17,646.4600219726562
2003-09-18,646.5700073242188
2003-09-19,646.47998046875
2003-09-22,642.1300048828125
2003-09-23,644.3800048828125
2003-09-24,636.7999877929688
2003-09-25,634.4000244140625
2003-09-26,631.6099853515625
2003-09-29,636.5399780273438
2003-09-30,631.6099853515625
2003-10-01,642.0900268554688
2003-10-02,643.7999877929688
2003-10-03,647.9299926757812
2003-10-06,650.1500244140625
2003-10-07,651.3400268554688
2003-10-08,650.8200073242188
2003-10-09,652.6500244140625
2003-10-10,653.239990234375
2003-10-13,655.2999877929688
2003-10-14,656.0499877929688
2003-10-15,656.5
2003-10-16,656.8499755859375
2003-10-17,655.22998046875
2003-10-20,657.5700073242188
2003-10-21,659.030029296875
2003-10-22,653.6699829101562
2003-10-23,655.22998046875
2003-10-24,654.0599975585938
2003-10-27,655.0800170898438
2003-10-28,660.760009765625
2003-10-29,661.6799926757812
2003-10-30,661.5700073242188
2003-10-31,662.8099975585938
2003-11-03,664.760009765625
2003-11-04,664.0999755859375
2003-11-05,663.7999877929688
2003-11-06,665.2999877929688
2003-11-07,664.8599853515625
2003-11-10,663.8800048828125
2003-11-11,664.1599731445312
2003-11-12,667.2999877929688
2003-11-13,667.6099853515625
2003-11-14,666.6599731445312
2003-11-17,665.4199829101562
2003-11-18,662.6699829101562
2003-11-19,667.4199829101562
2003-11-20,664.1199951171875
2003-11-21,669.239990234375
2003-11-24,674.780029296875
2003-11-25,675.7899780273438
2003-11-26,676.5
2003-11-28,676.9299926757812
2003-12-01,678.27001953125
2003-12-02,678.2899780273438
2003-12-03,678.3400268554688
2003-12-04,678.9199829101562
2003-12-05,678.3800048828125
2003-12-08,679.489990234375
2003-12-09,678.969970703125
2003-12-10,679.1599731445312
2003-12-11,680.22998046875
2003-12-12,680.4199829101562
2003-12-15,680.2999877929688
2003-12-16,680.72998046875
2003-12-17,680.9199829101562
2003-12-18,680.97998046875
2003-12-19,679.6699829101562
2003-12-22,681.1500244140625
2003-12-23,682.5599975585938
2003-12-24,682.1400146484375
2003-12-26,682.6199951171875
2003-12-29,686.1300048828125
2003-12-30,686.1099853515625
2003-12-31,685.969970703125
2004-01-02,686.010009765625
2004-01-05,688.6900024414062
2004-01-06,689.469970703125
2004-01-07,690.010009765625
2004-01-08,690.2999877929688
2004-01-09,690.0599975585938
2004-01-12,690.6699829101562
2004-01-13,690.6599731445312
2004-01-14,691.010009765625
2004-01-15,691.1699829101562
2004-01-16,692.1300048828125
2004-01-20,692.7899780273438
2004-01-21,695.260009765625
2004-01-22,694.3800048828125
2004-01-23,693.719970703125
2004-01-26,697.219970703125
2004-01-27,695.219970703125
2004-01-28,690.97998046875
2004-01-29,692.52001953125
2004-01-30,692.2899780273438
2004-02-02,693.8300170898438
2004-02-03,694.0999755859375
2004-02-04,691.9099731445312
2004-02-05,692.9500122070312
2004-02-06,697.5399780273438
2004-02-09,697.5
2004-02-10,699.0399780273438
2004-02-11,700.5599975585938
2004-02-12,700.5800170898438
2004-02-13,700.2999877929688
2004-02-17,701.4199829101562
2004-02-18,701.6199951171875
2004-02-19,701.719970703125
2004-02-20,702.7999877929688
2004-02-23,702.3200073242188
2004-02-24,702.3400268554688
2004-02-25,704.3900146484375
2004-02-26,705.3099975585938
2004-02-27,705.9299926757812
2004-03-01,708.3599853515625
2004-03-02,707.3400268554688
2004-03-03,708.0499877929688
2004-03-04,708.9099731445312
2004-03-05,709.6799926757812
2004-03-08,708.0499877929688
2004-03-09,706.1900024414062
2004-03-10,699.47998046875
2004-03-11,690.02001953125
2004-03-12,699.3300170898438
2004-03-15,690.1900024414062
2004-03-17,703.0499877929688
2004-03-18,702.0700073242188
2004-03-19,696.969970703125
2004-03-22,690.4299926757812
2004-03-23,691.5
2004-03-24,690.1500244140625
2004-03-25,698.9600219726562
2004-03-26,699.6099853515625
2004-03-29,704.6400146484375
2004-03-30,706.030029296875
2004-03-31,705.9500122070312
2004-04-01,707.5
2004-04-02,709.9000244140625
2004-04-05,711.5499877929688
2004-04-06,711.5999755859375
2004-04-07,711.1099853515625
2004-04-08,710.9299926757812
2004-04-12,712.469970703125
2004-04-13,710.5499877929688
2004-04-14,711.969970703125
2004-04-15,712.969970703125
2004-04-16,713.5
2004-04-19,714.8099975585938
2004-04-20,709.3400268554688
2004-04-21,711.8599853515625
2004-04-22,717.280029296875
2004-04-23,717.8699951171875
2004-04-26,716.510009765625
2004-04-27,717.8800048828125
2004-04-28,712.280029296875
2004-04-29,709.4400024414062
2004-04-30,706.760009765625
2004-05-03,711.5999755859375
2004-05-04,712.7100219726562
2004-05-05,714.1400146484375
2004-05-06,710.6599731445312
2004-05-07,703.22998046875
2004-05-10,696.6699829101562
2004-05-11,702.3400268554688
2004-05-12,703.9600219726562
2004-05-13,703.2100219726562
2004-05-14,703.0399780273438
2004-05-17,695.7000122070312
2004-05-18,700.9299926757812
2004-05-19,699.4000244140625
2004-05-20,699.9000244140625
2004-05-21,701.3400268554688
2004-05-24,703.4000244140625
2004-05-25,709.0999755859375
2004-05-26,709.5800170898438
2004-05-27,711.1699829101562
2004-05-28,711.2899780273438
2004-06-01,711.530029296875
2004-06-02,712.4400024414062
2004-06-03,711.1199951171875
2004-06-04,712.7100219726562
2004-06-07,714.8099975585938
2004-06-08,715.010009765625
2004-06-09,714.719970703125
2004-06-10,715.2100219726562
2004-06-14,715.0499877929688
2004-06-15,715.5900268554688
2004-06-16,715.6799926757812
2004-06-17,715.8599853515625
2004-06-18,714.4000244140625
2004-06-21,713.5599975585938
2004-06-22,715.8800048828125
2004-06-23,718.52001953125
2004-06-24,717.3599853515625
2004-06-25,716.969970703125
2004-06-28,715.719970703125
2004-06-29,717.2100219726562
2004-06-30,719.2999877929688
2004-07-01,715.6799926757812
2004-07-02,714.2999877929688
2004-07-06,710.9299926757812
2004-07-07,712.6099853515625
2004-07-08,707.6500244140625
2004-07-09,710.25
2004-07-12,711.5
2004-07-13,712.1599731445312
2004-07-14,709.9400024414062
2004-07-15,706.8900146484375
2004-07-16,710.6599731445312
2004-07-19,711.219970703125
2004-07-20,713.8300170898438
2004-07-21,708.5399780273438
2004-07-22,709.9299926757812
2004-07-23,705.5599975585938
2004-07-26,705.489990234375
2004-07-27,710.3599853515625
2004-07-28,711.239990234375
2004-07-29,713.6799926757812
2004-07-30,714.5599975585938
2004-08-02,716.6799926757812
2004-08-03,714.1799926757812
2004-08-04,714.0700073242188
2004-08-05,705.6300048828125
2004-08-06,696.27001953125
2004-08-09,697.4500122070312
2004-08-10,705.6699829101562
2004-08-11,704.510009765625
2004-08-12,696.7899780273438
2004-08-13,698.25
2004-08-16,707.6900024414062
2004-08-17,709.02001953125
2004-08-18,717.4400024414062
2004-08-19,715.030029296875
2004-08-20,716.5499877929688
2004-08-23,716.8699951171875
2004-08-24,717.3599853515625
2004-08-25,719.7899780273438
2004-08-26,720.219970703125
2004-08-27,720.780029296875
2004-08-30,719.4400024414062
2004-08-31,720.6699829101562
2004-09-01,721.4299926757812
2004-09-02,723.530029296875
2004-09-03,723.52001953125
2004-09-07,724.7100219726562
2004-09-08,724.7999877929688
2004-09-09,725.0499877929688
2004-09-10,725.6099853515625
2004-09-13,725.77001953125
2004-09-14,725.97998046875
2004-09-15,725.989990234375
2004-09-16,726.1699829101562
2004-09-17,725.8400268554688
2004-09-20,724.6199951171875
2004-09-21,727.1099853515625
2004-09-22,721.47998046875
2004-09-23,719.8099975585938
2004-09-24,721.4099731445312
2004-09-27,718.489990234375
2004-09-28,722.3800048828125
2004-09-29,724.1099853515625
2004-09-30,724.3400268554688
2004-10-01,730.4099731445312
2004-10-04,731.3499755859375
2004-10-05,731.5399780273438
2004-10-06,733.1400146484375
2004-10-07,730.9199829101562
2004-10-08,729.6400146484375
2004-10-11,731.3599853515625
2004-10-12,730.969970703125
2004-10-13,727.1699829101562
2004-10-14,721.219970703125
2004-10-15,723.77001953125
2004-10-18,725.9000244140625
2004-10-19,723.1900024414062
2004-10-20,723.5599975585938
2004-10-21,724.719970703125
2004-10-22,721.1799926757812
2004-10-25,720.47998046875
2004-10-26,725.5700073242188
2004-10-27,729.7999877929688
2004-10-28,730.489990234375
2004-10-29,730.52001953125
2004-11-01,731.0800170898438
2004-11-02,731.1699829101562
2004-11-03,734.0399780273438
2004-11-04,735.0
2004-11-05,735.1099853515625
2004-11-08,735.489990234375
2004-11-09,735.6799926757812
2004-11-10,735.760009765625
2004-11-11,735.7899780273438
2004-11-12,735.75
2004-11-15,735.97998046875
2004-11-16,735.8699951171875
2004-11-17,736.1199951171875
2004-11-18,736.1699829101562
2004-11-19,735.3900146484375
2004-11-22,737.9400024414062
2004-11-23,738.3300170898438
2004-11-24,739.719970703125
2004-11-26,739.9000244140625
2004-11-29,739.7100219726562
2004-11-30,739.1199951171875
2004-12-01,742.5399780273438
2004-12-02,742.6500244140625
2004-12-03,743.1099853515625
2004-12-06,743.52001953125
2004-12-07,741.5900268554688
2004-12-08,743.1300048828125
2004-12-09,744.3900146484375
2004-12-10,744.6900024414062
2004-12-13,745.469970703125
2004-12-14,745.77001953125
2004-12-15,745.8900146484375
2004-12-16,746.02001953125
2004-12-17,744.780029296875
2004-12-20,745.3900146484375
2004-12-21,748.8200073242188
2004-12-22,750.030029296875
2004-12-23,750.6099853515625
2004-12-27,749.780029296875
2004-12-28,751.3099975585938
2004-12-29,751.4199829101562
2004-12-30,751.489990234375
2004-12-31,751.0
2005-01-03,749.0700073242188
2005-01-04,745.7000122070312
2005-01-05,744.2899780273438
2005-01-06,746.3599853515625
2005-01-07,746.1500244140625
2005-01-10,748.1500244140625
2005-01-11,746.010009765625
2005-01-12,748.4600219726562
2005-01-13,743.6300048828125
2005-01-14,747.9099731445312
2005-01-18,753.0900268554688
2005-01-19,748.8300170898438
2005-01-20,744.0599975585938
2005-01-21,741.1599731445312
2005-01-24,740.1699829101562
2005-01-25,742.6799926757812
2005-01-26,745.1699829101562
2005-01-27,745.530029296875
2005-01-28,744.4500122070312
2005-01-31,748.2100219726562
2005-02-01,750.4099731445312
2005-02-02,751.4500122070312
2005-02-03,751.1400146484375
2005-02-04,753.02001953125
2005-02-07,753.1599731445312
2005-02-08,753.5
2005-02-09,752.719970703125
2005-02-10,753.5900268554688
2005-02-11,754.1099853515625
2005-02-14,754.5
2005-02-15,754.5800170898438
2005-02-16,754.6199951171875
2005-02-17,754.6699829101562
2005-02-18,755.239990234375
2005-02-22,748.7000122070312
2005-02-23,751.9400024414062
2005-02-24,755.6300048828125
2005-02-25,758.4500122070312
2005-02-28,756.8300170898438
2005-03-01,758.5700073242188
2005-03-02,758.6900024414062
2005-03-03,758.8699951171875
2005-03-04,761.4400024414062
2005-03-07,762.0499877929688
2005-03-08,761.8200073242188
2005-03-09,760.0599975585938
2005-03-10,760.8800048828125
2005-03-11,759.5
2005-03-14,761.760009765625
2005-03-15,759.9099731445312
2005-03-16,756.010009765625
2005-03-17,757.9199829101562
2005-03-18,758.3900146484375
2005-03-21,757.4199829101562
2005-03-22,753.8599853515625
2005-03-23,754.0800170898438
2005-03-24,754.97998046875
2005-03-28,756.6300048828125
2005-03-29,752.4299926757812
2005-03-30,758.9500122070312
2005-03-31,758.8400268554688
2005-04-01,756.4600219726562
2005-04-04,758.5700073242188
2005-04-05,760.9299926757812
2005-04-06,761.9299926757812
2005-04-07,764.1300048828125
2005-04-08,762.2999877929688
2005-04-11,763.3099975585938
2005-04-12,765.6500244140625
2005-04-13,761.7899780273438
2005-04-14,755.47998046875
2005-04-15,744.6699829101562
2005-04-18,747.280029296875
2005-04-19,750.8699951171875
2005-04-20,744.25
2005-04-21,753.8900146484375
2005-04-22,751.27001953125
2005-04-25,755.5599975585938
2005-04-26,752.6400146484375
2005-04-27,754.4500122070312
2005-04-28,748.1900024414062
2005-04-29,754.260009765625
2005-05-02,757.0999755859375
2005-05-03,757.4199829101562
2005-05-04,761.2000122070312
2005-05-05,761.0599975585938
2005-05-06,761.1099853515625
2005-05-09,763.3900146484375
2005-05-10,760.5399780273438
2005-05-11,762.5800170898438
2005-05-12,759.1599731445312
2005-05-13,758.0900268554688
2005-05-16,763.1799926757812
2005-05-17,765.3300170898438
2005-05-18,766.030029296875
2005-05-19,766.27001953125
2005-05-20,766.5700073242188
2005-05-23,768.5499877929688
2005-05-24,769.1099853515625
2005-05-25,768.510009765625
2005-05-26,770.510009765625
2005-05-27,770.760009765625
2005-05-31,769.7000122070312
2005-06-01,772.219970703125
2005-06-02,773.0
2005-06-03,772.0399780273438
2005-06-06,773.1099853515625
2005-06-07,773.010009765625
2005-06-08,772.9400024414062
2005-06-09,774.260009765625
2005-06-10,774.4199829101562
2005-06-13,775.280029296875
2005-06-14,775.6699829101562
2005-06-15,776.02001953125
2005-06-16,776.1599731445312
2005-06-17,776.239990234375
2005-06-20,776.8499755859375
2005-06-21,776.3599853515625
2005-06-22,776.8099975585938
2005-06-23,771.7999877929688
2005-06-24,767.5599975585938
2005-06-27,767.75
2005-06-28,773.5599975585938
2005-06-29,772.9099731445312
2005-06-30,768.3200073242188
2005-07-01,771.0999755859375
2005-07-05,776.260009765625
2005-07-06,771.3400268554688
2005-07-07,772.9500122070312
2005-07-08,780.1900024414062
2005-07-11,782.77001953125
2005-07-12,783.9500122070312
2005-07-13,784.6199951171875
2005-07-14,785.2000122070312
2005-07-15,786.2899780273438
2005-07-18,785.239990234375
2005-07-19,787.6500244140625
2005-07-20,789.0499877929688
2005-07-21,786.9600219726562
2005-07-22,788.8800048828125
2005-07-25,788.4199829101562
2005-07-26,789.3900146484375
2005-07-27,790.6900024414062
2005-07-28,791.7999877929688
2005-07-29,790.0399780273438
2005-08-01,790.260009765625
2005-08-02,792.1099853515625
2005-08-03,792.5
2005-08-04,791.22998046875
2005-08-05,789.8200073242188
2005-08-08,789.5499877929688
2005-08-09,792.0599975585938
2005-08-10,791.9299926757812
2005-08-11,793.4600219726562
2005-08-12,793.02001953125
2005-08-15,794.1300048828125
2005-08-16,791.3900146484375
2005-08-17,792.8900146484375
2005-08-18,793.25
2005-08-19,793.9400024414062
2005-08-22,795.4000244140625
2005-08-23,794.4500122070312
2005-08-24,791.75
2005-08-25,792.7899780273438
2005-08-26,790.8200073242188
2005-08-29,794.4500122070312
2005-08-30,793.1699829101562
2005-08-31,797.3400268554688
2005-09-01,798.2100219726562
2005-09-02,797.1699829101562
2005-09-06,801.8699951171875
2005-09-07,802.8699951171875
2005-09-08,802.6500244140625
2005-09-09,804.25
2005-09-12,804.5900268554688
2005-09-13,804.1900024414062
2005-09-14,804.4299926757812
2005-09-15,804.989990234375
2005-09-16,806.7100219726562
2005-09-19,805.0800170898438
2005-09-20,802.739990234375
2005-09-21,797.5
2005-09-22,800.0399780273438
2005-09-23,800.97998046875
2005-09-26,801.6099853515625
2005-09-27,801.9600219726562
2005-09-28,803.0
2005-09-29,807.1900024414062
2005-09-30,807.469970703125
2005-10-03,807.77001953125
2005-10-04,802.739990234375
2005-10-05,793.02001953125
2005-10-06,790.1699829101562
2005-10-07,793.4400024414062
2005-10-10,788.3900146484375
2005-10-11,786.9400024414062
2005-10-12,782.2999877929688
2005-10-13,781.719970703125
2005-10-14,788.4400024414062
2005-10-17,790.6699829101562
2005-10-18,782.969970703125
2005-10-19,794.239990234375
2005-10-20,781.6699829101562
2005-10-21,786.1199951171875
2005-10-24,791.719970703125
2005-10-25,791.969970703125
2005-10-26,791.1599731445312
2005-10-27,787.8699951171875
2005-10-28,792.6699829101562
2005-10-31,794.3300170898438
2005-11-01,794.1300048828125
2005-11-02,795.8800048828125
2005-11-03,796.6199951171875
2005-11-04,796.8300170898438
2005-11-07,797.3800048828125
2005-11-08,797.4600219726562
2005-11-09,797.739990234375
2005-11-10,798.0999755859375
2005-11-11,798.25
2005-11-14,798.5800170898438
2005-11-15,798.7100219726562
2005-11-16,798.7999877929688
2005-11-17,798.9600219726562
2005-11-18,800.3499755859375
2005-11-21,802.3099975585938
2005-11-22,803.4400024414062
2005-11-23,804.0800170898438
2005-11-25,804.6099853515625
2005-11-28,803.6099853515625
2005-11-29,804.02001953125
2005-11-30,802.9000244140625
2005-12-01,805.6599731445312
2005-12-02,805.8800048828125
2005-12-05,805.8699951171875
2005-12-06,806.3300170898438
2005-12-07,805.7000122070312
2005-12-08,805.989990234375
2005-12-09,806.989990234375
2005-12-12,807.6500244140625
2005-12-13,808.1099853515625
2005-12-14,808.3599853515625
2005-12-15,808.530029296875
2005-12-16,806.6799926757812
2005-12-19,804.4000244140625
2005-12-20,804.75
2005-12-21,806.0700073242188
2005-12-22,808.1500244140625
2005-12-23,808.9500122070312
2005-12-27,805.0499877929688
2005-12-28,805.6599731445312
2005-12-29,804.7100219726562
2005-12-30,801.4199829101562
2006-01-03,810.739990234375
2006-01-04,812.02001953125
2006-01-05,812.1400146484375
2006-01-06,815.3300170898438
2006-01-09,816.27001953125
2006-01-10,816.6300048828125
2006-01-11,817.219970703125
2006-01-12,816.8900146484375
2006-01-13,817.5
2006-01-17,817.5999755859375
2006-01-18,817.489990234375
2006-01-19,818.5
2006-01-20,813.22998046875
2006-01-23,814.8699951171875
2006-01-24,816.5599975585938
2006-01-25,816.3800048828125
2006-01-26,819.8300170898438
2006-01-27,822.6900024414062
2006-01-30,823.4500122070312
2006-01-31,822.3599853515625
2006-02-01,823.2000122070312
2006-02-02,820.1699829101562
2006-02-03,818.3099975585938
2006-02-06,819.6799926757812
2006-02-07,815.1500244140625
2006-02-08,820.9099731445312
2006-02-09,820.7999877929688
2006-02-10,822.5499877929688
2006-02-13,821.489990234375
2006-02-14,826.9500122070312
2006-02-15,828.6400146484375
2006-02-16,829.9500122070312
2006-02-17,830.1500244140625
2006-02-21,829.9500122070312
2006-02-22,832.739990234375
2006-02-23,832.1199951171875
2006-02-24,833.0399780273438
2006-02-27,834.72998046875
2006-02-28,831.0999755859375
2006-03-01,834.5399780273438
2006-03-02,834.4500122070312
2006-03-03,834.0
2006-03-06,831.6300048828125
2006-03-07,830.8099975585938
2006-03-08,832.8200073242188
2006-03-09,830.4000244140625
2006-03-10,834.8599853515625
2006-03-13,836.77001953125
2006-03-14,839.989990234375
2006-03-15,840.739990234375
2006-03-16,841.0599975585938
2006-03-17,840.9500122070312
2006-03-20,841.7899780273438
2006-03-21,839.6699829101562
2006-03-22,842.3300170898438
2006-03-23,841.6199951171875
2006-03-24,842.1500244140625
2006-03-27,842.4600219726562
2006-03-28,839.760009765625
2006-03-29,843.75
2006-03-30,842.6500244140625
2006-03-31,841.0499877929688
2006-04-03,842.8400268554688
2006-04-04,845.5999755859375
2006-04-05,847.239990234375
2006-04-06,846.5599975585938
2006-04-07,842.4500122070312
2006-04-10,843.8099975585938
2006-04-11,839.2000122070312
2006-04-12,840.9400024414062
2006-04-13,841.7000122070312
2006-04-17,840.6199951171875
2006-04-18,850.7999877929688
2006-04-19,852.22998046875
2006-04-20,853.4400024414062
2006-04-21,852.6500244140625
2006-04-24,852.469970703125
2006-04-25,851.0
2006-04-26,852.5499877929688
2006-04-27,854.0800170898438
2006-04-28,854.6500244140625
2006-05-01,853.0599975585938
2006-05-02,855.77001953125
2006-05-03,854.75
2006-05-04,856.4400024414062
2006-05-05,859.719970703125
2006-05-08,860.0399780273438
2006-05-09,860.3699951171875
2006-05-10,860.47998046875
2006-05-11,856.760009765625
2006-05-12,849.6099853515625
2006-05-15,852.5399780273438
2006-05-16,851.52001953125
2006-05-17,837.3200073242188
2006-05-18,832.0800170898438
2006-05-19,834.75
2006-05-22,834.4400024414062
2006-05-23,833.3400268554688
2006-05-24,833.989990234375
2006-05-25,839.1500244140625
2006-05-26,841.3900146484375
2006-05-30,835.5
2006-05-31,839.47998046875
2006-06-01,843.5700073242188
2006-06-02,844.4199829101562
2006-06-05,840.1400146484375
2006-06-06,840.219970703125
2006-06-07,838.6799926757812
2006-06-08,839.6300048828125
2006-06-09,838.0599975585938
2006-06-12,830.7100219726562
2006-06-13,823.6199951171875
2006-06-14,829.0499877929688
2006-06-15,845.2000122070312
2006-06-16,844.2100219726562
2006-06-19,841.260009765625
2006-06-20,842.5499877929688
2006-06-21,846.530029296875
2006-06-22,844.9500122070312
2006-06-23,845.22998046875
2006-06-26,847.6799926757812
2006-06-27,844.1599731445312
2006-06-28,846.489990234375
2006-06-29,853.9199829101562
2006-06-30,853.8300170898438
2006-07-03,855.6900024414062
2006-07-05,854.8800048828125
2006-07-06,855.780029296875
2006-07-07,855.030029296875
2006-07-10,856.1300048828125
2006-07-11,857.489990234375
2006-07-12,855.0399780273438
2006-07-13,849.1500244140625
2006-07-14,849.260009765625
2006-07-17,849.2899780273438
2006-07-18,850.6400146484375
2006-07-19,859.030029296875
2006-07-20,859.1799926757812
2006-07-21,858.0900268554688
2006-07-24,865.719970703125
2006-07-25,867.5599975585938
2006-07-26,867.9199829101562
2006-07-27,866.9099731445312
2006-07-28,869.8099975585938
2006-07-31,870.0800170898438
2006-08-01,869.97998046875
2006-08-02,871.4400024414062
2006-08-03,871.6900024414062
2006-08-04,872.4099731445312
2006-08-07,872.5399780273438
2006-08-08,872.6900024414062
2006-08-09,872.5900268554688
2006-08-10,873.75
2006-08-11,873.8800048828125
2006-08-14,874.8599853515625
2006-08-15,875.6599731445312
2006-08-16,875.760009765625
2006-08-17,876.1400146484375
2006-08-18,878.1199951171875
2006-08-21,877.77001953125
2006-08-22,878.5499877929688
2006-08-23,876.8200073242188
2006-08-24,878.1099853515625
2006-08-25,878.3300170898438
2006-08-28,881.0999755859375
2006-08-29,881.9099731445312
2006-08-30,882.0999755859375
2006-08-31,882.22998046875
2006-09-01,884.030029296875
2006-09-05,885.3800048828125
2006-09-06,883.0399780273438
2006-09-07,882.1300048828125
2006-09-08,884.5900268554688
2006-09-11,885.469970703125
2006-09-12,887.77001953125
2006-09-13,888.2899780273438
2006-09-14,888.530029296875
2006-09-15,888.0599975585938
2006-09-18,889.1199951171875
2006-09-19,888.4199829101562
2006-09-20,890.969970703125
2006-09-21,888.469970703125
2006-09-22,887.5700073242188
2006-09-25,892.1099853515625
2006-09-26,894.4600219726562
2006-09-27,894.6199951171875
2006-09-28,895.1900024414062
2006-09-29,895.0
2006-10-02,894.8699951171875
2006-10-03,896.02001953125
2006-10-04,898.1900024414062
2006-10-05,898.8599853515625
2006-10-06,899.1599731445312
2006-10-09,899.77001953125
2006-10-10,900.2100219726562
2006-10-11,900.2999877929688
2006-10-12,900.9199829101562
2006-10-13,901.2000122070312
2006-10-16,901.6900024414062
2006-10-17,901.780029296875
2006-10-18,901.97998046875
2006-10-19,902.1900024414062
2006-10-20,903.1900024414062
2006-10-23,905.1799926757812
2006-10-24,905.8400268554688
2006-10-25,906.739990234375
2006-10-26,907.9099731445312
2006-10-27,906.6900024414062
2006-10-30,907.239990234375
2006-10-31,907.4600219726562
2006-11-01,905.8800048828125
2006-11-02,906.1699829101562
2006-11-03,906.5
2006-11-06,909.9400024414062
2006-11-07,910.4500122070312
2006-11-08,911.1599731445312
2006-11-09,910.8699951171875
2006-11-10,911.530029296875
2006-11-13,912.3699951171875
2006-11-14,912.7100219726562
2006-11-15,912.8900146484375
2006-11-16,913.0700073242188
2006-11-17,914.27001953125
2006-11-20,915.1199951171875
2006-11-21,915.97998046875
2006-11-22,916.8699951171875
2006-11-24,915.7999877929688
2006-11-27,910.0499877929688
2006-11-28,912.760009765625
2006-11-29,917.260009765625
2006-11-30,917.8599853515625
2006-12-01,916.5599975585938
2006-12-04,920.1900024414062
2006-12-05,921.2100219726562
2006-12-06,921.3599853515625
2006-12-07,920.510009765625
2006-12-08,921.75
2006-12-11,923.02001953125
2006-12-12,923.2999877929688
2006-12-13,923.989990234375
2006-12-14,924.2999877929688
2006-12-15,922.7100219726562
2006-12-18,922.3800048828125
2006-12-19,923.8499755859375
2006-12-20,923.5599975585938
2006-12-21,921.8499755859375
2006-12-22,918.8699951171875
2006-12-26,922.6900024414062
2006-12-27,926.4299926757812
2006-12-28,925.3800048828125
2006-12-29,922.8800048828125
2007-01-03,923.5999755859375
2007-01-04,925.0999755859375
2007-01-05,921.3300170898438
2007-01-08,924.0499877929688
2007-01-09,923.719970703125
2007-01-10,925.2899780273438
2007-01-11,929.75
2007-01-12,932.7899780273438
2007-01-16,933.969970703125
2007-01-17,934.3300170898438
2007-01-18,933.7000122070312
2007-01-19,936.0800170898438
2007-01-22,934.5499877929688
2007-01-23,936.4000244140625
2007-01-24,939.6799926757812
2007-01-25,935.1400146484375
2007-01-26,935.1699829101562
2007-01-29,934.969970703125
2007-01-30,937.8499755859375
2007-01-31,941.030029296875
2007-02-01,942.6900024414062
2007-02-02,943.6500244140625
2007-02-05,944.0399780273438
2007-02-06,944.5999755859375
2007-02-07,945.22998046875
2007-02-08,945.4299926757812
2007-02-09,944.2999877929688
2007-02-12,944.030029296875
2007-02-13,946.6599731445312
2007-02-14,947.3200073242188
2007-02-15,947.6900024414062
2007-02-16,948.2000122070312
2007-02-20,950.0599975585938
2007-02-21,949.9299926757812
2007-02-22,949.9299926757812
2007-02-23,949.010009765625
2007-02-26,949.0499877929688
2007-02-27,921.5999755859375
2007-02-28,928.2899780273438
2007-03-01,926.27001953125
2007-03-02,916.0900268554688
2007-03-05,908.4199829101562
2007-03-06,922.0499877929688
2007-03-07,919.9400024414062
2007-03-08,926.8200073242188
2007-03-09,927.2899780273438
2007-03-12,930.3400268554688
2007-03-13,911.3200073242188
2007-03-14,917.6099853515625
2007-03-15,920.5900268554688
2007-03-16,920.6400146484375
2007-03-19,926.0800170898438
2007-03-20,929.219970703125
2007-03-21,933.280029296875
2007-03-22,933.1799926757812
2007-03-23,933.510009765625
2007-03-26,934.4199829101562
2007-03-27,933.739990234375
2007-03-28,931.469970703125
2007-03-29,932.27001953125
2007-03-30,932.75
2007-04-02,934.5599975585938
2007-04-03,936.3900146484375
2007-04-04,937.1300048828125
2007-04-05,937.739990234375
2007-04-09,938.489990234375
2007-04-10,938.9600219726562
2007-04-11,938.9199829101562
2007-04-12,939.4099731445312
2007-04-13,939.6599731445312
2007-04-16,940.1900024414062
2007-04-17,940.3900146484375
2007-04-18,940.5900268554688
2007-04-19,940.7899780273438
2007-04-20,941.75
2007-04-23,941.510009765625
2007-04-24,941.5399780273438
2007-04-25,944.47998046875
2007-04-26,945.1599731445312
2007-04-27,945.75
2007-04-30,942.9600219726562
2007-05-01,944.510009765625
2007-05-02,947.1300048828125
2007-05-03,948.489990234375
2007-05-04,949.3300170898438
2007-05-07,950.469970703125
2007-05-08,950.7100219726562
2007-05-09,951.6799926757812
2007-05-10,949.489990234375
2007-05-14,952.4099731445312
2007-05-15,952.8699951171875
2007-05-16,953.8800048828125
2007-05-17,954.219970703125
2007-05-18,955.4199829101562
2007-05-21,956.5399780273438
2007-05-22,956.760009765625
2007-05-23,956.5999755859375
2007-05-24,952.510009765625
2007-05-25,956.1500244140625
2007-05-29,957.7100219726562
2007-05-30,960.9400024414062
2007-05-31,961.0999755859375
2007-06-01,962.5599975585938
2007-06-04,963.5800170898438
2007-06-05,962.97998046875
2007-06-06,960.1599731445312
2007-06-07,949.9400024414062
2007-06-08,958.3099975585938
2007-06-11,960.1300048828125
2007-06-12,953.010009765625
2007-06-13,963.6900024414062
2007-06-14,966.9600219726562
2007-06-15,966.6300048828125
2007-06-18,966.469970703125
2007-06-19,966.2100219726562
2007-06-20,960.7000122070312
2007-06-21,965.0599975585938
2007-06-22,956.9099731445312
2007-06-25,955.0499877929688
2007-06-26,952.22998046875
2007-06-27,960.7000122070312
2007-06-28,960.4400024414062
2007-06-29,958.9000244140625
2007-07-02,967.6300048828125
2007-07-03,970.260009765625
2007-07-05,971.0999755859375
2007-07-06,973.510009765625
2007-07-09,974.8200073242188
2007-07-10,965.3900146484375
2007-07-11,970.0800170898438
2007-07-12,979.3499755859375
2007-07-13,981.1099853515625
2007-07-16,981.9500122070312
2007-07-17,982.8300170898438
2007-07-18,982.989990234375
2007-07-19,984.4199829101562
2007-07-20,983.2999877929688
2007-07-23,986.760009765625
2007-07-24,976.1599731445312
2007-07-25,979.2999877929688
2007-07-26,963.1199951171875
2007-07-27,947.8599853515625
2007-07-30,958.1699829101562
2007-07-31,946.1599731445312
2007-08-01,953.989990234375
2007-08-02,958.6300048828125
2007-08-03,932.8599853515625
2007-08-06,956.0900268554688
2007-08-07,961.6300048828125
2007-08-08,974.030029296875
2007-08-09,947.9400024414062
2007-08-10,947.8099975585938
2007-08-13,948.010009765625
2007-08-14,930.0700073242188
2007-08-15,917.4099731445312
2007-08-16,922.4400024414062
2007-08-17,949.4299926757812
2007-08-20,953.5
2007-08-21,955.5599975585938
2007-08-22,960.530029296875
2007-08-23,961.6300048828125
2007-08-24,965.4000244140625
2007-08-27,964.1900024414062
2007-08-28,955.469970703125
2007-08-29,963.5700073242188
2007-08-30,962.260009765625
2007-08-31,965.4199829101562
2007-09-04,970.6599731445312
2007-09-05,967.739990234375
2007-09-06,969.969970703125
2007-09-07,965.739990234375
2007-09-10,966.6599731445312
2007-09-11,971.5700073242188
2007-09-12,972.2899780273438
2007-09-13,973.6900024414062
2007-09-14,975.030029296875
2007-09-17,975.1900024414062
2007-09-18,977.8499755859375
2007-09-19,978.0700073242188
2007-09-20,978.219970703125
2007-09-21,978.219970703125
2007-09-24,976.4099731445312
2007-09-25,977.8900146484375
2007-09-26,981.02001953125
2007-09-27,983.0499877929688
2007-09-28,981.4199829101562
2007-10-01,987.3800048828125
2007-10-02,987.1599731445312
2007-10-03,986.719970703125
2007-10-04,987.7899780273438
2007-10-05,991.2999877929688
2007-10-08,991.6400146484375
2007-10-09,993.9000244140625
2007-10-10,993.739990234375
2007-10-11,992.3300170898438
2007-10-12,994.5599975585938
2007-10-15,993.9299926757812
2007-10-16,993.6199951171875
2007-10-17,995.219970703125
2007-10-18,996.530029296875
2007-10-19,988.27001953125
2007-10-22,992.9500122070312
2007-10-23,998.530029296875
2007-10-24,997.52001953125
2007-10-25,995.9500122070312
2007-10-26,1003.3699951171875
2007-10-29,1005.3300170898438
2007-10-30,1002.8800048828125
2007-10-31,1008.8300170898438
2007-11-01,996.0700073242188
2007-11-02,998.7000122070312
2007-11-05,997.0900268554688
2007-11-06,1005.760009765625
2007-11-07,985.239990234375
2007-11-08,986.6900024414062
2007-11-09,973.8599853515625
2007-11-12,965.9500122070312
2007-11-13,993.5599975585938
2007-11-14,993.5599975585938
2007-11-15,974.8599853515625
2007-11-16,983.9400024414062
2007-11-19,978.02001953125
2007-11-20,980.780029296875
2007-11-21,971.489990234375
2007-11-23,981.27001953125
2007-11-26,967.5399780273438
2007-11-27,978.97998046875
2007-11-28,992.8699951171875
2007-11-29,993.8099975585938
2007-11-30,998.1699829101562
2007-12-03,997.1199951171875
2007-12-04,995.5
2007-12-05,1001.5499877929688
2007-12-06,1005.5999755859375
2007-12-07,1005.6900024414062
2007-12-10,1007.9400024414062
2007-12-11,1002.7100219726562
2007-12-12,1005.8800048828125
2007-12-13,1007.1300048828125
2007-12-14,1004.5999755859375
2007-12-17,1000.8900146484375
2007-12-18,1005.75
2007-12-19,1007.4500122070312
2007-12-20,1010.8499755859375
2007-12-21,1014.8300170898438
2007-12-24,1018.1500244140625
2007-12-26,1019.4600219726562
2007-12-27,1013.77001953125
2007-12-28,1013.9000244140625
2007-12-31,1010.6099853515625
2008-01-02,1003.510009765625
2008-01-03,1004.3800048828125
2008-01-04,985.2899780273438
2008-01-07,989.9500122070312
2008-01-08,972.8599853515625
2008-01-09,986.2899780273438
2008-01-10,993.010009765625
2008-01-11,981.47998046875
2008-01-14,991.8900146484375
2008-01-15,967.22998046875
2008-01-16,961.3300170898438
2008-01-17,933.52001953125
2008-01-18,935.8200073242188
2008-01-22,929.5800170898438
2008-01-23,940.989990234375
2008-01-24,946.5900268554688
2008-01-25,939.3599853515625
2008-01-28,949.1300048828125
2008-01-29,951.25
2008-01-30,950.1799926757812
2008-01-31,956.2999877929688
2008-02-01,961.5399780273438
2008-02-04,960.6300048828125
2008-02-05,950.1400146484375
2008-02-06,947.5499877929688
2008-02-07,953.22998046875
2008-02-08,952.2999877929688
2008-02-11,957.9400024414062
2008-02-12,962.530029296875
2008-02-13,967.3800048828125
2008-02-14,967.25
2008-02-15,971.77001953125
2008-02-19,973.2999877929688
2008-02-20,978.2899780273438
2008-02-21,973.4299926757812
2008-02-22,978.8400268554688
2008-02-25,985.0800170898438
2008-02-26,988.3200073242188
2008-02-27,988.1199951171875
2008-02-28,985.6099853515625
2008-02-29,972.6799926757812
2008-03-03,974.6699829101562
2008-03-04,974.2100219726562
2008-03-05,978.6500244140625
2008-03-06,964.5599975585938
2008-03-07,959.989990234375
2008-03-10,949.25
2008-03-11,977.0599975585938
2008-03-12,972.0499877929688
2008-03-13,976.0
2008-03-14,957.2000122070312
2008-03-17,951.3099975585938
2008-03-18,987.5999755859375
2008-03-19,969.8200073242188
2008-03-20,979.77001953125
2008-03-24,987.3900146484375
2008-03-25,988.52001953125
2008-03-26,986.4000244140625
2008-03-27,983.47998046875
2008-03-28,981.239990234375
2008-03-31,984.8099975585938
2008-04-01,997.1400146484375
2008-04-02,997.280029296875
2008-04-03,997.9199829101562
2008-04-04,999.4000244140625
2008-04-07,1000.5499877929688
2008-04-08,1000.7000122070312
2008-04-09,999.9199829101562
2008-04-10,1001.3800048828125
2008-04-11,997.6300048828125
2008-04-14,998.6699829101562
2008-04-15,1001.3800048828125
2008-04-16,1003.8400268554688
2008-04-17,1004.02001953125
2008-04-18,1003.8499755859375
2008-04-21,1003.989990234375
2008-04-22,1000.1199951171875
2008-04-23,1002.510009765625
2008-04-24,1006.02001953125
2008-04-25,1009.5599975585938
2008-04-28,1010.22998046875
2008-04-29,1008.969970703125
2008-04-30,1007.0
2008-05-01,1015.5
2008-05-02,1017.8200073242188
2008-05-05,1017.530029296875
2008-05-06,1020.1799926757812
2008-05-07,1014.3699951171875
2008-05-08,1017.2100219726562
2008-05-09,1015.719970703125
2008-05-12,1021.3499755859375
2008-05-13,1022.0399780273438
2008-05-14,1023.2899780273438
2008-05-15,1024.280029296875
2008-05-16,1028.449951171875
2008-05-19,1029.6800537109375
2008-05-20,1025.8499755859375
2008-05-21,1016.5
2008-05-22,1018.8800048828125
2008-05-23,1009.9400024414062
2008-05-27,1015.7000122070312
2008-05-28,1019.22998046875
2008-05-29,1023.5800170898438
2008-05-30,1024.699951171875
2008-06-02,1018.1599731445312
2008-06-03,1013.9199829101562
2008-06-04,1014.0499877929688
2008-06-05,1028.75
2008-06-06,1003.3499755859375
2008-06-09,1006.0599975585938
2008-06-10,1003.52001953125
2008-06-11,987.5499877929688
2008-06-12,991.52001953125
2008-06-13,1005.9299926757812
2008-06-16,1006.3099975585938
2008-06-17,999.4400024414062
2008-06-18,990.5
2008-06-19,993.739990234375
2008-06-20,987.1799926757812
2008-06-23,989.47998046875
2008-06-24,988.719970703125
2008-06-25,993.52001953125
2008-06-26,974.3800048828125
2008-06-27,973.1300048828125
2008-06-30,973.9400024414062
2008-07-01,977.8900146484375
2008-07-02,962.739990234375
2008-07-03,965.6599731445312
2008-07-07,957.25
2008-07-08,974.0700073242188
2008-07-09,952.75
2008-07-10,959.6599731445312
2008-07-11,949.7899780273438
2008-07-14,940.7899780273438
2008-07-15,930.530029296875
2008-07-16,953.7999877929688
2008-07-17,964.6099853515625
2008-07-18,968.760009765625
2008-07-21,971.1599731445312
2008-07-22,978.77001953125
2008-07-23,979.5700073242188
2008-07-24,970.239990234375
2008-07-25,972.8200073242188
2008-07-28,963.7899780273438
2008-07-29,977.02001953125
2008-07-30,983.52001953125
2008-07-31,979.4099731445312
2008-08-01,978.1500244140625
2008-08-04,974.3800048828125
2008-08-05,986.739990234375
2008-08-06,989.0800170898438
2008-08-07,985.02001953125
2008-08-08,990.6900024414062
2008-08-11,992.1400146484375
2008-08-12,991.7899780273438
2008-08-13,992.0
2008-08-14,993.0399780273438
2008-08-15,993.0800170898438
2008-08-18,986.2100219726562
2008-08-19,980.5399780273438
2008-08-20,985.260009765625
2008-08-21,987.6599731445312
2008-08-22,995.239990234375
2008-08-25,983.5900268554688
2008-08-26,986.739990234375
2008-08-27,992.280029296875
2008-08-28,1000.0499877929688
2008-08-29,993.1599731445312
2008-09-02,991.1699829101562
2008-09-03,991.2999877929688
2008-09-04,966.4199829101562
2008-09-05,971.0999755859375
2008-09-08,988.1799926757812
2008-09-09,958.6799926757812
2008-09-10,964.0999755859375
2008-09-11,978.0700073242188
2008-09-12,979.0599975585938
2008-09-15,939.4600219726562
2008-09-16,951.510009765625
2008-09-17,907.1900024414062
2008-09-18,940.8699951171875
2008-09-19,1004.469970703125
2008-09-22,986.8300170898438
2008-09-23,976.5800170898438
2008-09-24,978.0499877929688
2008-09-25,992.5900268554688
2008-09-26,992.219970703125
2008-09-29,936.0999755859375
2008-09-30,967.469970703125
2008-10-01,962.6699829101562
2008-10-02,928.8900146484375
2008-10-03,920.8099975585938
2008-10-06,888.72998046875
2008-10-07,835.0999755859375
2008-10-08,824.6900024414062
2008-10-09,768.3800048828125
2008-10-10,758.0499877929688
2008-10-13,845.8699951171875
2008-10-14,836.7100219726562
2008-10-15,758.2999877929688
2008-10-16,792.3499755859375
2008-10-17,768.780029296875
2008-10-20,795.8400268554688
2008-10-21,786.9400024414062
2008-10-22,754.969970703125
2008-10-23,761.3099975585938
2008-10-24,737.9600219726562
2008-10-27,726.719970703125
2008-10-28,779.6900024414062
2008-10-29,768.7999877929688
2008-10-30,785.9299926757812
2008-10-31,796.7100219726562
2008-11-03,801.489990234375
2008-11-04,815.010009765625
2008-11-05,799.4099731445312
2008-11-06,773.780029296875
2008-11-07,791.8699951171875
2008-11-10,788.6900024414062
2008-11-11,777.5900268554688
2008-11-12,746.0999755859375
2008-11-13,788.4500122070312
2008-11-14,761.3699951171875
2008-11-17,745.3200073242188
2008-11-18,753.989990234375
2008-11-19,711.6699829101562
2008-11-20,663.8900146484375
2008-11-21,690.7999877929688
2008-11-24,706.5999755859375
2008-11-25,711.1400146484375
2008-11-26,717.5800170898438
2008-11-28,718.7000122070312
2008-12-01,703.9299926757812
2008-12-02,713.0
2008-12-03,717.97998046875
2008-12-04,714.27001953125
2008-12-05,720.9500122070312
2008-12-08,723.5599975585938
2008-12-09,723.7100219726562
2008-12-10,725.1699829101562
2008-12-11,725.1500244140625
2008-12-12,725.5700073242188
2008-12-15,725.9099731445312
2008-12-16,726.4500122070312
2008-12-17,726.719970703125
2008-12-18,726.719970703125
2008-12-19,722.1099853515625
2008-12-22,716.8200073242188
2008-12-23,712.760009765625
2008-12-24,716.27001953125
2008-12-26,720.4199829101562
2008-12-29,720.5900268554688
2008-12-30,732.6500244140625
2008-12-31,740.0999755859375
2009-01-02,750.0900268554688
2009-01-05,749.9199829101562
2009-01-06,753.0499877929688
2009-01-07,744.7999877929688
2009-01-08,747.969970703125
2009-01-09,742.3499755859375
2009-01-12,731.5999755859375
2009-01-13,734.4000244140625
2009-01-14,713.489990234375
2009-01-15,714.5499877929688
2009-01-16,730.489990234375
2009-01-20,705.989990234375
2009-01-21,729.6799926757812
2009-01-22,725.1300048828125
2009-01-23,728.0
2009-01-26,732.6799926757812
2009-01-27,738.9099731445312
2009-01-28,750.0499877929688
2009-01-29,739.27001953125
2009-01-30,730.3200073242188
2009-02-02,731.4099731445312
2009-02-03,739.9099731445312
2009-02-04,738.280029296875
2009-02-05,744.22998046875
2009-02-06,752.1400146484375
2009-02-09,754.780029296875
2009-02-10,737.9600219726562
2009-02-11,743.739990234375
2009-02-12,747.3699951171875
2009-02-13,742.780029296875
2009-02-17,715.8300170898438
2009-02-18,715.3800048828125
2009-02-19,708.3800048828125
2009-02-20,701.0700073242188
2009-02-23,688.1099853515625
2009-02-24,706.1400146484375
2009-02-25,704.1699829101562
2009-02-26,699.280029296875
2009-02-27,690.0599975585938
2009-03-02,665.9500122070312
2009-03-03,663.6500244140625
2009-03-04,678.0700073242188
2009-03-05,653.0
2009-03-06,653.9600219726562
2009-03-09,647.72998046875
2009-03-10,684.739990234375
2009-03-11,688.489990234375
2009-03-12,710.5999755859375
2009-03-13,715.1199951171875
2009-03-16,715.3300170898438
2009-03-17,728.5999755859375
2009-03-18,732.6199951171875
2009-03-19,733.8499755859375
2009-03-20,726.1300048828125
2009-03-24,745.9600219726562
2009-03-25,750.3300170898438
2009-03-26,756.02001953125
2009-03-27,752.1099853515625
2009-03-30,742.4600219726562
2009-03-31,747.7100219726562
2009-04-01,753.6500244140625
2009-04-02,759.5399780273438
2009-04-03,763.5700073242188
2009-04-06,764.1799926757812
2009-04-07,761.530029296875
2009-04-08,764.969970703125
2009-04-09,768.6500244140625
2009-04-13,768.8699951171875
2009-04-14,768.9299926757812
2009-04-15,769.4500122070312
2009-04-16,769.719970703125
2009-04-17,771.2899780273438
2009-04-20,752.510009765625
2009-04-21,763.1199951171875
2009-04-22,760.719970703125
2009-04-23,765.6300048828125
2009-04-24,771.9299926757812
2009-04-27,769.6300048828125
2009-04-28,769.219970703125
2009-04-29,778.4400024414062
2009-04-30,779.3699951171875
2009-05-01,781.8800048828125
2009-05-04,790.22998046875
2009-05-05,790.7000122070312
2009-05-06,793.3400268554688
2009-05-07,792.280029296875
2009-05-08,794.8800048828125
2009-05-11,794.3400268554688
2009-05-12,795.3200073242188
2009-05-13,793.9099731445312
2009-05-14,795.8400268554688
2009-05-15,792.0499877929688
2009-05-18,805.989990234375
2009-05-19,807.0999755859375
2009-05-20,805.8099975585938
2009-05-21,798.8900146484375
2009-05-22,798.6699829101562
2009-05-26,809.780029296875
2009-05-27,803.3300170898438
2009-05-28,809.0900268554688
2009-05-29,815.4000244140625
2009-06-01,819.72998046875
2009-06-02,820.4299926757812
2009-06-03,818.8099975585938
2009-06-04,821.1799926757812
2009-06-05,821.7899780273438
2009-06-08,822.72998046875
2009-06-09,824.010009765625
2009-06-10,824.1300048828125
2009-06-11,824.6199951171875
2009-06-12,825.02001953125
2009-06-15,823.7999877929688
2009-06-16,822.9000244140625
2009-06-17,824.2899780273438
2009-06-18,825.9199829101562
2009-06-19,824.9500122070312
2009-06-22,809.2999877929688
2009-06-23,810.9099731445312
2009-06-24,816.2000122070312
2009-06-25,827.9600219726562
2009-06-26,828.0999755859375
2009-06-29,833.5800170898438
2009-06-30,831.0999755859375
2009-07-01,832.989990234375
2009-07-02,818.3800048828125
2009-07-06,820.0499877929688
2009-07-07,806.0900268554688
2009-07-08,806.3200073242188
2009-07-09,808.3499755859375
2009-07-10,806.2899780273438
2009-07-13,824.9000244140625
2009-07-14,830.3699951171875
2009-07-15,846.27001953125
2009-07-16,849.1500244140625
2009-07-17,851.3099975585938
2009-07-20,856.3800048828125
2009-07-21,858.5800170898438
2009-07-22,859.2899780273438
2009-07-23,865.0
2009-07-24,866.5
2009-07-27,867.3499755859375
2009-07-28,866.8900146484375
2009-07-29,866.0499877929688
2009-07-30,868.489990234375
2009-07-31,868.8599853515625
2009-08-03,871.260009765625
2009-08-04,871.9000244140625
2009-08-05,872.22998046875
2009-08-06,871.7899780273438
2009-08-07,873.0999755859375
2009-08-10,873.4400024414062
2009-08-11,872.97998046875
2009-08-12,873.72998046875
2009-08-13,873.989990234375
2009-08-14,874.1300048828125
2009-08-17,873.1900024414062
2009-08-18,874.219970703125
2009-08-19,874.47998046875
2009-08-20,874.77001953125
2009-08-21,874.6199951171875
2009-08-24,875.8599853515625
2009-08-25,877.0900268554688
2009-08-26,877.8800048828125
2009-08-27,879.5999755859375
2009-08-28,880.0399780273438
2009-08-31,876.5499877929688
2009-09-01,864.3200073242188
2009-09-02,863.75
2009-09-03,869.97998046875
2009-09-04,878.7999877929688
2009-09-08,883.9400024414062
2009-09-09,887.760009765625
2009-09-10,890.8800048828125
2009-09-11,891.010009765625
2009-09-14,892.6699829101562
2009-09-15,893.530029296875
2009-09-16,893.9000244140625
2009-09-17,894.1300048828125
2009-09-18,894.969970703125
2009-09-21,895.4099731445312
2009-09-22,898.77001953125
2009-09-23,895.25
2009-09-24,889.8400268554688
2009-09-25,887.3499755859375
2009-09-28,897.3300170898438
2009-09-29,896.6500244140625
2009-09-30,894.5900268554688
2009-10-01,878.9000244140625
2009-10-02,876.6699829101562
2009-10-05,888.8900146484375
2009-10-06,898.1400146484375
2009-10-07,900.6400146484375
2009-10-08,905.1599731445312
2009-10-09,909.2899780273438
2009-10-12,911.0700073242188
2009-10-13,911.3699951171875
2009-10-14,915.030029296875
2009-10-15,915.8800048828125
2009-10-16,918.25
2009-10-19,922.6900024414062
2009-10-20,921.1300048828125
2009-10-21,917.27001953125
2009-10-22,923.0499877929688
2009-10-23,917.6699829101562
2009-10-26,911.5900268554688
2009-10-27,909.8200073242188
2009-10-28,896.9500122070312
2009-10-29,912.2100219726562
2009-10-30,892.9199829101562
2009-11-02,898.02001953125
2009-11-03,900.97998046875
2009-11-04,902.3699951171875
2009-11-05,916.0700073242188
2009-11-06,919.3300170898438
2009-11-09,930.0
2009-11-10,931.0900268554688
2009-11-11,933.3499755859375
2009-11-12,930.27001953125
2009-11-13,933.6599731445312
2009-11-16,937.3300170898438
2009-11-17,938.0499877929688
2009-11-18,938.4199829101562
2009-11-19,938.5999755859375
2009-11-20,941.510009765625
2009-11-23,947.9199829101562
2009-11-24,949.1599731445312
2009-11-25,950.530029296875
2009-11-27,941.72998046875
2009-11-30,945.5800170898438
2009-12-01,951.3300170898438
2009-12-02,952.4400024414062
2009-12-03,949.8699951171875
2009-12-04,952.6599731445312
2009-12-07,953.0999755859375
2009-12-08,949.8699951171875
2009-12-09,951.9500122070312
2009-12-10,954.5599975585938
2009-12-11,956.6400146484375
2009-12-14,958.3900146484375
2009-12-15,958.0599975585938
2009-12-16,959.0999755859375
2009-12-17,958.7000122070312
2009-12-18,964.0
2009-12-21,969.5999755859375
2009-12-22,971.7999877929688
2009-12-23,972.5999755859375
2009-12-24,974.4400024414062
2009-12-28,975.52001953125
2009-12-29,975.6500244140625
2009-12-30,975.7899780273438
2009-12-31,973.280029296875
2010-01-04,978.2100219726562
2010-01-05,979.3099975585938
2010-01-06,979.6400146484375
2010-01-07,979.9099731445312
2010-01-08,980.719970703125
2010-01-11,980.9199829101562
2010-01-12,980.739990234375
2010-01-13,980.989990234375
2010-01-14,981.260009765625
2010-01-15,981.6599731445312
2010-01-19,988.4600219726562
2010-01-20,983.9600219726562
2010-01-21,972.0900268554688
2010-01-22,954.3400268554688
2010-01-25,960.2100219726562
2010-01-26,957.260009765625
2010-01-27,961.5
2010-01-28,952.5800170898438
2010-01-29,943.6699829101562
2010-02-01,957.0800170898438
2010-02-02,968.2100219726562
2010-02-03,964.5399780273438
2010-02-04,935.77001953125
2010-02-05,939.030029296875
2010-02-08,930.8699951171875
2010-02-09,943.489990234375
2010-02-10,941.3800048828125
2010-02-11,951.0
2010-02-12,950.4199829101562
2010-02-16,965.739990234375
2010-02-17,970.510009765625
2010-02-18,976.3800048828125
2010-02-19,972.2000122070312
2010-02-22,973.2000122070312
2010-02-23,966.260009765625
2010-02-24,972.0399780273438
2010-02-25,972.489990234375
2010-02-26,973.47998046875
2010-03-01,978.9500122070312
2010-03-02,980.5700073242188
2010-03-03,981.2000122070312
2010-03-04,982.989990234375
2010-03-05,987.030029296875
2010-03-08,987.7100219726562
2010-03-09,988.3800048828125
2010-03-10,988.6500244140625
2010-03-11,989.239990234375
2010-03-12,989.3800048828125
2010-03-15,989.6500244140625
2010-03-16,989.7899780273438
2010-03-17,990.0399780273438
2010-03-18,990.1300048828125
2010-03-19,991.27001953125
2010-03-22,995.4099731445312
2010-03-23,998.6799926757812
2010-03-24,997.030029296875
2010-03-25,994.9400024414062
2010-03-26,996.4199829101562
2010-03-29,999.8200073242188
2010-03-30,1000.47998046875
2010-03-31,999.47998046875
2010-04-01,1002.1300048828125
2010-04-05,1005.22998046875
2010-04-06,1006.0999755859375
2010-04-07,1005.3699951171875
2010-04-08,1006.5399780273438
2010-04-09,1007.239990234375
2010-04-12,1007.6599731445312
2010-04-13,1007.9299926757812
2010-04-14,1008.280029296875
2010-04-15,1008.3200073242188
2010-04-16,1010.0
2010-04-19,1013.7100219726562
2010-04-20,1018.719970703125
2010-04-21,1017.9500122070312
2010-04-22,1019.3800048828125
2010-04-23,1021.4099731445312
2010-04-26,1020.1599731445312
2010-04-27,1005.0599975585938
2010-04-28,1011.7100219726562
2010-04-29,1019.27001953125
2010-04-30,1009.1699829101562
2010-05-03,1018.2000122070312
2010-05-04,1003.0599975585938
2010-05-05,998.7899780273438
2010-05-06,968.97998046875
2010-05-07,955.6900024414062
2010-05-10,995.780029296875
2010-05-11,993.3699951171875
2010-05-12,1006.010009765625
2010-05-13,996.1799926757812
2010-05-14,979.0999755859375
2010-05-17,980.1799926757812
2010-05-18,966.8099975585938
2010-05-19,961.5499877929688
2010-05-20,924.6199951171875
2010-05-21,907.5599975585938
2010-05-24,906.3900146484375
2010-05-25,910.0700073242188
2010-05-26,908.5
2010-05-27,923.1699829101562
2010-05-28,917.7000122070312
2010-06-01,910.5399780273438
2010-06-02,924.6400146484375
2010-06-03,926.6599731445312
2010-06-04,911.469970703125
2010-06-07,906.75
2010-06-08,914.8099975585938
2010-06-09,912.5800170898438
2010-06-10,927.6099853515625
2010-06-11,931.25
2010-06-14,932.3099975585938
2010-06-15,936.3900146484375
2010-06-16,936.8800048828125
2010-06-17,937.1199951171875
2010-06-18,941.25
2010-06-21,935.3900146484375
2010-06-22,926.260009765625
2010-06-23,924.9400024414062
2010-06-24,912.9000244140625
2010-06-25,917.6199951171875
2010-06-28,915.6599731445312
2010-06-29,890.0399780273438
2010-06-30,880.9099731445312
2010-07-01,879.0800170898438
2010-07-02,874.75
2010-07-06,879.9500122070312
2010-07-07,907.510009765625
2010-07-08,916.3900146484375
2010-07-09,923.0700073242188
2010-07-12,924.030029296875
2010-07-13,937.1500244140625
2010-07-14,937.9199829101562
2010-07-15,939.1699829101562
2010-07-16,932.4299926757812
2010-07-19,937.1199951171875
2010-07-20,943.6400146484375
2010-07-21,937.1300048828125
2010-07-22,947.469970703125
2010-07-23,951.510009765625
2010-07-26,955.5700073242188
2010-07-27,955.7100219726562
2010-07-28,953.9099731445312
2010-07-29,953.739990234375
2010-07-30,954.3699951171875
2010-08-02,960.989990234375
2010-08-03,960.1400146484375
2010-08-04,961.6699829101562
2010-08-05,961.6300048828125
2010-08-06,962.219970703125
2010-08-09,963.4400024414062
2010-08-10,962.8599853515625
2010-08-11,956.760009765625
2010-08-12,955.6400146484375
2010-08-13,955.280029296875
2010-08-16,957.989990234375
2010-08-17,963.5
2010-08-18,964.2899780273438
2010-08-19,962.27001953125
2010-08-20,966.6900024414062
2010-08-23,967.1199951171875
2010-08-24,959.5499877929688
2010-08-25,961.7000122070312
2010-08-26,957.97998046875
2010-08-27,969.0
2010-08-30,961.3900146484375
2010-08-31,961.5800170898438
2010-09-01,977.52001953125
2010-09-02,981.2899780273438
2010-09-03,985.9000244140625
2010-09-07,984.0999755859375
2010-09-08,985.9600219726562
2010-09-09,987.4099731445312
2010-09-10,988.4099731445312
2010-09-13,989.2100219726562
2010-09-14,989.260009765625
2010-09-15,989.4500122070312
2010-09-16,989.6400146484375
2010-09-17,990.1799926757812
2010-09-20,997.739990234375
2010-09-21,996.3099975585938
2010-09-22,994.8800048828125
2010-09-23,990.8300170898438
2010-09-24,1000.72998046875
2010-09-27,999.75
2010-09-28,1002.0499877929688
2010-09-29,1001.2899780273438
2010-09-30,1000.6599731445312
2010-10-01,1003.5
2010-10-04,1001.530029296875
2010-10-05,1008.010009765625
2010-10-06,1008.6500244140625
2010-10-07,1008.6699829101562
2010-10-08,1010.0
2010-10-11,1010.6500244140625
2010-10-12,1010.9199829101562
2010-10-13,1011.3099975585938
2010-10-14,1011.530029296875
2010-10-15,1012.780029296875
2010-10-18,1017.52001953125
2010-10-19,1009.4400024414062
2010-10-20,1015.5399780273438
2010-10-21,1016.9600219726562
2010-10-22,1018.72998046875
2010-10-25,1019.8099975585938
2010-10-26,1019.8499755859375
2010-10-27,1019.1500244140625
2010-10-28,1019.72998046875
2010-10-29,1020.0
2010-11-01,1020.280029296875
2010-11-02,1023.469970703125
2010-11-03,1026.8699951171875
2010-11-04,1031.47998046875
2010-11-05,1032.699951171875
2010-11-08,1033.1099853515625
2010-11-09,1032.010009765625
2010-11-10,1033.050048828125
2010-11-11,1033.010009765625
2010-11-12,1030.760009765625
2010-11-15,1032.22998046875
2010-11-16,1028.56005859375
2010-11-17,1031.0899658203125
2010-11-18,1034.280029296875
2010-11-19,1036.3800048828125
2010-11-22,1036.5699462890625
2010-11-23,1028.31005859375
2010-11-24,1036.5799560546875
2010-11-26,1029.199951171875
2010-11-29,1032.969970703125
2010-11-30,1028.510009765625
2010-12-01,1040.27001953125
2010-12-02,1045.31005859375
2010-12-03,1047.530029296875
2010-12-06,1048.1600341796875
2010-12-07,1048.510009765625
2010-12-08,1049.56005859375
2010-12-09,1050.469970703125
2010-12-10,1050.8699951171875
2010-12-13,1051.1700439453125
2010-12-14,1051.239990234375
2010-12-15,1051.3299560546875
2010-12-16,1051.550048828125
2010-12-17,1053.0799560546875
2010-12-20,1055.1199951171875
2010-12-21,1057.2900390625
2010-12-22,1059.489990234375
2010-12-23,1058.8499755859375
2010-12-27,1059.469970703125
2010-12-28,1060.2900390625
2010-12-29,1061.199951171875
2010-12-30,1060.72998046875
2010-12-31,1061.0400390625
2011-01-03,1064.6300048828125
2011-01-04,1065.030029296875
2011-01-05,1066.8399658203125
2011-01-06,1066.4599609375
2011-01-07,1066.550048828125
2011-01-10,1067.3800048828125
2011-01-11,1068.510009765625
2011-01-12,1069.550048828125
2011-01-13,1069.81005859375
2011-01-14,1070.030029296875
2011-01-18,1070.3299560546875
2011-01-19,1070.199951171875
2011-01-20,1070.47998046875
2011-01-21,1070.2099609375
2011-01-24,1074.25
2011-01-25,1074.8499755859375
2011-01-26,1078.1199951171875
2011-01-27,1079.1400146484375
2011-01-28,1068.2900390625
2011-01-31,1073.31005859375
2011-02-01,1081.699951171875
2011-02-02,1081.4100341796875
2011-02-03,1082.97998046875
2011-02-04,1084.6800537109375
2011-02-07,1086.1300048828125
2011-02-08,1087.3900146484375
2011-02-09,1087.1400146484375
2011-02-10,1087.6500244140625
2011-02-11,1088.25
2011-02-14,1088.6400146484375
2011-02-15,1088.6500244140625
2011-02-16,1088.8599853515625
2011-02-17,1089.1600341796875
2011-02-18,1088.8299560546875
2011-02-22,1074.010009765625
2011-02-23,1069.56005859375
2011-02-24,1069.81005859375
2011-02-25,1079.4599609375
2011-02-28,1084.5699462890625
2011-03-01,1071.02001953125
2011-03-02,1073.2099609375
2011-03-03,1087.3399658203125
2011-03-04,1082.4000244140625
2011-03-07,1076.02001953125
2011-03-08,1083.9000244140625
2011-03-09,1083.3199462890625
2011-03-10,1065.77001953125
2011-03-11,1073.6500244140625
2011-03-14,1067.9300537109375
2011-03-15,1056.0699462890625
2011-03-16,1035.9200439453125
2011-03-17,1049.22998046875
2011-03-18,1058.949951171875
2011-03-21,1069.780029296875
2011-03-22,1069.1500244140625
2011-03-23,1071.5699462890625
2011-03-24,1075.9200439453125
2011-03-25,1077.4100341796875
2011-03-28,1076.43994140625
2011-03-29,1079.699951171875
2011-03-30,1081.9000244140625
2011-03-31,1082.030029296875
2011-04-01,1083.280029296875
2011-04-04,1083.7099609375
2011-04-05,1084.5999755859375
2011-04-06,1085.1500244140625
2011-04-07,1084.9000244140625
2011-04-08,1084.6500244140625
2011-04-11,1085.2900390625
2011-04-12,1085.0
2011-04-13,1085.8299560546875
2011-04-14,1086.0899658203125
2011-04-15,1086.6600341796875
2011-04-18,1081.0400390625
2011-04-19,1085.5
2011-04-20,1091.6300048828125
2011-04-21,1094.5699462890625
2011-04-25,1094.4200439453125
2011-04-26,1096.97998046875
2011-04-27,1098.75
2011-04-28,1100.300048828125
2011-04-29,1100.52001953125
2011-05-02,1100.43994140625
2011-05-03,1099.81005859375
2011-05-04,1098.6400146484375
2011-05-05,1095.1199951171875
2011-05-06,1096.7099609375
2011-05-09,1099.8699951171875
2011-05-10,1102.2900390625
2011-05-11,1100.1700439453125
2011-05-12,1102.06005859375
2011-05-13,1100.5999755859375
2011-05-16,1099.9300537109375
2011-05-17,1101.030029296875
2011-05-18,1103.5899658203125
2011-05-19,1104.0999755859375
2011-05-20,1102.8800048828125
2011-05-23,1096.4000244140625
2011-05-24,1096.699951171875
2011-05-25,1099.6500244140625
2011-05-26,1103.47998046875
2011-05-27,1106.1800537109375
2011-05-31,1111.8299560546875
2011-06-01,1098.52001953125
2011-06-02,1097.719970703125
2011-06-03,1090.6099853515625
2011-06-06,1081.0899658203125
2011-06-07,1080.550048828125
2011-06-08,1076.550048828125
2011-06-09,1084.550048828125
2011-06-10,1069.5999755859375
2011-06-13,1070.8299560546875
2011-06-14,1084.6800537109375
2011-06-15,1065.02001953125
2011-06-16,1067.5899658203125
2011-06-17,1075.43994140625
2011-06-20,1080.050048828125
2011-06-21,1086.5699462890625
2011-06-22,1085.02001953125
2011-06-23,1083.77001953125
2011-06-24,1077.1300048828125
2011-06-27,1082.47998046875
2011-06-28,1089.5999755859375
2011-06-29,1093.739990234375
2011-06-30,1096.5400390625
2011-07-01,1098.1800537109375
2011-07-05,1098.6400146484375
2011-07-06,1098.6600341796875
2011-07-07,1099.2900390625
2011-07-08,1099.2900390625
2011-07-11,1098.1300048828125
2011-07-12,1098.199951171875
2011-07-13,1099.1700439453125
2011-07-14,1099.510009765625
2011-07-15,1102.1300048828125
2011-07-18,1097.8299560546875
2011-07-19,1106.56005859375
2011-07-20,1106.52001953125
2011-07-21,1112.25
2011-07-22,1113.1099853515625
2011-07-25,1110.530029296875
2011-07-26,1109.3299560546875
2011-07-27,1098.6600341796875
2011-07-28,1096.93994140625
2011-07-29,1091.3900146484375
2011-08-01,1092.300048828125
2011-08-02,1072.4300537109375
2011-08-03,1078.8399658203125
2011-08-04,1030.449951171875
2011-08-05,1029.5
2011-08-08,962.6599731445312
2011-08-09,1007.5700073242188
2011-08-10,962.739990234375
2011-08-11,1006.02001953125
2011-08-12,1013.4600219726562
2011-08-15,1035.1500244140625
2011-08-16,1025.72998046875
2011-08-17,1026.719970703125
2011-08-18,982.3699951171875
2011-08-19,961.9500122070312
2011-08-22,964.72998046875
2011-08-23,983.3900146484375
2011-08-24,989.6699829101562
2011-08-25,979.6799926757812
2011-08-26,989.9400024414062
2011-08-29,1000.989990234375
2011-08-30,1002.4099731445312
2011-08-31,1003.8599853515625
2011-09-01,1002.8499755859375
2011-09-02,997.1900024414062
2011-09-06,995.1099853515625
2011-09-07,1005.5499877929688
2011-09-08,1004.4400024414062
2011-09-09,993.9600219726562
2011-09-12,1001.3499755859375
2011-09-13,1007.6699829101562
2011-09-14,1011.2899780273438
2011-09-15,1012.3300170898438
2011-09-16,1014.8200073242188
2011-09-19,1011.469970703125
2011-09-20,1011.4299926757812
2011-09-21,992.72998046875
2011-09-22,969.2899780273438
2011-09-23,973.2899780273438
2011-09-26,991.989990234375
2011-09-27,999.72998046875
2011-09-28,985.4299926757812
2011-09-29,992.6900024414062
2011-09-30,973.1599731445312
2011-10-03,949.989990234375
2011-10-04,970.72998046875
2011-10-05,986.2100219726562
2011-10-06,1001.1300048828125
2011-10-07,997.0800170898438
2011-10-10,1022.780029296875
2011-10-11,1025.260009765625
2011-10-12,1031.780029296875
2011-10-13,1032.3900146484375
2011-10-14,1040.6099853515625
2011-10-17,1033.31005859375
2011-10-18,1042.3499755859375
2011-10-19,1039.8299560546875
2011-10-20,1045.9599609375
2011-10-21,1048.5
2011-10-24,1057.2900390625
2011-10-25,1046.75
2011-10-26,1054.010009765625
2011-10-27,1068.6700439453125
2011-10-28,1070.3699951171875
2011-10-31,1060.530029296875
2011-11-01,1043.72998046875
2011-11-02,1054.449951171875
2011-11-03,1065.1700439453125
2011-11-04,1063.5
2011-11-07,1068.1400146484375
2011-11-08,1074.0899658203125
2011-11-09,1055.18994140625
2011-11-10,1063.3699951171875
2011-11-11,1073.3499755859375
2011-11-14,1072.3399658203125
2011-11-15,1075.449951171875
2011-11-16,1071.5999755859375
2011-11-17,1064.1199951171875
2011-11-18,1069.239990234375
2011-11-21,1058.949951171875
2011-11-22,1057.949951171875
2011-11-23,1041.77001953125
2011-11-25,1043.5899658203125
2011-11-28,1064.8399658203125
2011-11-29,1067.9300537109375
2011-11-30,1090.77001953125
2011-12-01,1090.989990234375
2011-12-02,1091.3599853515625
2011-12-05,1095.97998046875
2011-12-06,1097.2900390625
2011-12-07,1097.52001953125
2011-12-08,1091.1300048828125
2011-12-09,1100.780029296875
2011-12-12,1099.06005859375
2011-12-13,1097.6600341796875
2011-12-14,1093.260009765625
2011-12-15,1099.239990234375
2011-12-16,1104.3199462890625
2011-12-19,1098.5999755859375
2011-12-20,1116.27001953125
2011-12-21,1119.010009765625
2011-12-22,1122.8699951171875
2011-12-23,1126.72998046875
2011-12-27,1127.8900146484375
2011-12-28,1123.4300537109375
2011-12-29,1127.699951171875
2011-12-30,1126.5400390625
2012-01-03,1132.489990234375
2012-01-04,1133.75
2012-01-05,1135.3699951171875
2012-01-06,1135.75
2012-01-09,1136.949951171875
2012-01-10,1137.6700439453125
2012-01-11,1137.8800048828125
2012-01-12,1138.3499755859375
2012-01-13,1138.4200439453125
2012-01-17,1138.56005859375
2012-01-18,1138.77001953125
2012-01-19,1138.9300537109375
2012-01-20,1142.75
2012-01-23,1144.2099609375
2012-01-24,1142.8800048828125
2012-01-25,1147.9300537109375
2012-01-26,1145.27001953125
2012-01-27,1145.489990234375
2012-01-30,1144.2099609375
2012-01-31,1145.010009765625
2012-02-01,1149.969970703125
2012-02-02,1151.56005859375
2012-02-03,1156.75
2012-02-06,1156.6600341796875
2012-02-07,1157.969970703125
2012-02-08,1158.3699951171875
2012-02-09,1158.8299560546875
2012-02-10,1156.8800048828125
2012-02-13,1159.81005859375
2012-02-14,1160.030029296875
2012-02-15,1159.699951171875
2012-02-16,1160.6300048828125
2012-02-17,1162.43994140625
2012-02-21,1164.02001953125
2012-02-22,1163.1500244140625
2012-02-23,1166.5899658203125
2012-02-24,1167.93994140625
2012-02-27,1168.8199462890625
2012-02-28,1170.5699462890625
2012-02-29,1168.9200439453125
2012-03-01,1172.6199951171875
2012-03-02,1172.280029296875
2012-03-05,1171.760009765625
2012-03-06,1161.7900390625
2012-03-07,1167.8499755859375
2012-03-08,1173.25
2012-03-09,1176.1300048828125
2012-03-12,1177.6199951171875
2012-03-13,1179.27001953125
2012-03-14,1179.5400390625
2012-03-15,1179.760009765625
2012-03-16,1180.1500244140625
2012-03-19,1182.5999755859375
2012-03-20,1181.489990234375
2012-03-21,1181.6199951171875
2012-03-22,1176.8299560546875
2012-03-23,1180.1300048828125
2012-03-26,1187.3699951171875
2012-03-27,1185.7900390625
2012-03-28,1184.3399658203125
2012-03-29,1184.0
2012-03-30,1186.6099853515625
2012-04-02,1189.9200439453125
2012-04-03,1189.1099853515625
2012-04-04,1184.5699462890625
2012-04-05,1184.8299560546875
2012-04-09,1177.4000244140625
2012-04-10,1161.010009765625
2012-04-11,1169.699951171875
2012-04-12,1183.0999755859375
2012-04-13,1171.3699951171875
2012-04-16,1173.31005859375
2012-04-17,1187.010009765625
2012-04-18,1184.9599609375
2012-04-19,1180.6800537109375
2012-04-20,1180.9200439453125
2012-04-23,1175.27001953125
2012-04-24,1179.280029296875
2012-04-25,1188.9000244140625
2012-04-26,1192.199951171875
2012-04-27,1194.0799560546875
2012-04-30,1192.3900146484375
2012-05-01,1196.0899658203125
2012-05-02,1195.1800537109375
2012-05-03,1191.8800048828125
2012-05-04,1181.219970703125
2012-05-07,1183.1400146484375
2012-05-08,1180.5400390625
2012-05-09,1174.0999755859375
2012-05-10,1178.239990234375
2012-05-11,1173.8499755859375
2012-05-14,1163.1600341796875
2012-05-15,1157.3699951171875
2012-05-16,1152.4599609375
2012-05-17,1140.1099853515625
2012-05-18,1133.9100341796875
2012-05-21,1147.0400390625
2012-05-22,1147.75
2012-05-23,1149.27001953125
2012-05-24,1151.1099853515625
2012-05-25,1150.3499755859375
2012-05-29,1157.77001953125
2012-05-30,1150.0899658203125
2012-05-31,1150.050048828125
2012-06-01,1132.3800048828125
2012-06-04,1134.530029296875
2012-06-05,1140.02001953125
2012-06-06,1157.5699462890625
2012-06-07,1158.77001953125
2012-06-08,1158.77001953125
2012-06-11,1158.9200439453125
2012-06-12,1165.3499755859375
2012-06-13,1163.8299560546875
2012-06-14,1168.300048828125
2012-06-15,1172.97998046875
2012-06-18,1177.25
2012-06-19,1181.969970703125
2012-06-20,1182.9599609375
2012-06-21,1169.3199462890625
2012-06-22,1177.3499755859375
2012-06-25,1166.1400146484375
2012-06-26,1170.050048828125
2012-06-27,1175.75
2012-06-28,1174.5400390625
2012-06-29,1189.4000244140625
2012-07-02,1190.93994140625
2012-07-03,1193.050048828125
2012-07-05,1192.469970703125
2012-07-06,1191.260009765625
2012-07-09,1190.68994140625
2012-07-10,1187.8199462890625
2012-07-11,1188.1400146484375
2012-07-12,1187.9599609375
2012-07-13,1187.9599609375
2012-07-16,1195.4200439453125
2012-07-17,1197.489990234375
2012-07-18,1198.18994140625
2012-07-19,1198.47998046875
2012-07-20,1197.8699951171875
2012-07-23,1191.1800537109375
2012-07-24,1183.1500244140625
2012-07-25,1183.4200439453125
2012-07-26,1197.5699462890625
2012-07-27,1207.1199951171875
2012-07-30,1206.72998046875
2012-07-31,1204.4100341796875
2012-08-01,1203.8399658203125
2012-08-02,1200.6700439453125
2012-08-03,1212.8599853515625
2012-08-06,1214.199951171875
2012-08-07,1215.77001953125
2012-08-08,1216.4200439453125
2012-08-09,1217.1099853515625
2012-08-10,1217.4000244140625
2012-08-13,1217.77001953125
2012-08-14,1217.9300537109375
2012-08-15,1218.0400390625
2012-08-16,1218.25
2012-08-17,1220.2099609375
2012-08-20,1220.530029296875
2012-08-21,1218.3399658203125
2012-08-22,1218.47998046875
2012-08-23,1213.1800537109375
2012-08-24,1218.260009765625
2012-08-27,1218.1800537109375
2012-08-28,1218.0999755859375
2012-08-29,1218.449951171875
2012-08-30,1213.3399658203125
2012-08-31,1217.280029296875
2012-09-04,1217.030029296875
2012-09-05,1217.2099609375
2012-09-06,1229.719970703125
2012-09-07,1232.75
2012-09-10,1230.43994140625
2012-09-11,1231.9300537109375
2012-09-12,1233.02001953125
2012-09-13,1236.9000244140625
2012-09-14,1237.469970703125
2012-09-17,1237.6500244140625
2012-09-18,1237.989990234375
2012-09-19,1238.1400146484375
2012-09-20,1238.1700439453125
2012-09-21,1237.050048828125
2012-09-24,1236.2900390625
2012-09-25,1228.43994140625
2012-09-26,1223.25
2012-09-27,1232.6099853515625
2012-09-28,1228.5799560546875
2012-10-01,1230.6500244140625
2012-10-02,1232.5400390625
2012-10-03,1236.3199462890625
2012-10-04,1240.27001953125
2012-10-05,1242.5899658203125
2012-10-08,1240.8800048828125
2012-10-09,1232.9000244140625
2012-10-10,1227.2900390625
2012-10-11,1229.4300537109375
2012-10-12,1224.800048828125
2012-10-15,1234.97998046875
2012-10-16,1245.4100341796875
2012-10-17,1249.18994140625
2012-10-18,1249.239990234375
2012-10-19,1243.68994140625
2012-10-22,1244.6700439453125
2012-10-23,1232.9000244140625
2012-10-24,1229.3900146484375
2012-10-25,1232.550048828125
2012-10-26,1231.9000244140625
2012-10-31,1232.6600341796875
2012-11-01,1244.3499755859375
2012-11-02,1235.699951171875
2012-11-05,1237.81005859375
2012-11-06,1245.5899658203125
2012-11-07,1222.3599853515625
2012-11-08,1212.6600341796875
2012-11-09,1212.6199951171875
2012-11-12,1211.0899658203125
2012-11-13,1206.9200439453125
2012-11-14,1194.22998046875
2012-11-15,1186.8499755859375
2012-11-16,1192.18994140625
2012-11-19,1202.8800048828125
2012-11-20,1203.6500244140625
2012-11-21,1204.1500244140625
2012-11-23,1207.4000244140625
2012-11-26,1207.550048828125
2012-11-27,1206.8299560546875
2012-11-28,1208.449951171875
2012-11-29,1209.489990234375
2012-11-30,1208.949951171875
2012-12-03,1208.739990234375
2012-12-04,1208.68994140625
2012-12-05,1209.780029296875
2012-12-06,1210.2099609375
2012-12-07,1210.9300537109375
2012-12-10,1211.550048828125
2012-12-11,1211.8199462890625
2012-12-12,1211.8699951171875
2012-12-13,1211.8699951171875
2012-12-14,1211.5999755859375
2012-12-17,1212.3299560546875
2012-12-18,1212.4300537109375
2012-12-19,1212.3800048828125
2012-12-20,1212.5
2012-12-21,1216.949951171875
2012-12-24,1215.8299560546875
2012-12-26,1213.7099609375
2012-12-27,1212.81005859375
2012-12-28,1202.7900390625
2012-12-31,1218.239990234375
2013-01-02,1231.68994140625
2013-01-03,1232.1199951171875
2013-01-04,1233.9200439453125
2013-01-07,1234.2099609375
2013-01-08,1234.0
2013-01-09,1234.52001953125
2013-01-10,1235.219970703125
2013-01-11,1235.219970703125
2013-01-14,1235.3800048828125
2013-01-15,1235.6700439453125
2013-01-16,1235.68994140625
2013-01-17,1235.8199462890625
2013-01-18,1239.2900390625
2013-01-22,1242.22998046875
2013-01-23,1243.2099609375
2013-01-24,1243.4599609375
2013-01-25,1244.949951171875
2013-01-28,1244.7900390625
2013-01-29,1246.3199462890625
2013-01-30,1245.010009765625
2013-01-31,1244.8399658203125
2013-02-01,1248.449951171875
2013-02-04,1245.3599853515625
2013-02-05,1248.800048828125
2013-02-06,1249.25
2013-02-07,1249.31005859375
2013-02-08,1250.2099609375
2013-02-11,1250.550048828125
2013-02-12,1250.7900390625
2013-02-13,1250.9000244140625
2013-02-14,1251.0899658203125
2013-02-15,1250.719970703125
2013-02-19,1255.68994140625
2013-02-20,1246.489990234375
2013-02-21,1241.239990234375
2013-02-22,1249.199951171875
2013-02-25,1237.219970703125
2013-02-26,1239.8900146484375
2013-02-27,1251.0899658203125
2013-02-28,1250.3499755859375
2013-03-01,1252.8900146484375
2013-03-04,1257.5699462890625
2013-03-05,1261.8199462890625
2013-03-06,1262.8599853515625
2013-03-07,1263.8199462890625
2013-03-08,1264.9300537109375
2013-03-11,1265.47998046875
2013-03-12,1265.280029296875
2013-03-13,1265.739990234375
2013-03-14,1265.9100341796875
2013-03-15,1265.739990234375
2013-03-18,1261.260009765625
2013-03-19,1259.3699951171875
2013-03-20,1265.3499755859375
2013-03-21,1259.6700439453125
2013-03-22,1263.5400390625
2013-03-25,1262.239990234375
2013-03-26,1268.5799560546875
2013-03-27,1268.1700439453125
2013-03-28,1270.52001953125
2013-04-01,1269.010009765625
2013-04-02,1272.31005859375
2013-04-03,1266.510009765625
2013-04-04,1269.1500244140625
2013-04-05,1267.260009765625
2013-04-08,1272.2099609375
2013-04-09,1274.760009765625
2013-04-10,1278.1600341796875
2013-04-11,1278.969970703125
2013-04-12,1278.9300537109375
2013-04-15,1271.449951171875
2013-04-16,1278.4100341796875
2013-04-17,1272.6500244140625
2013-04-18,1270.4300537109375
2013-04-19,1272.8599853515625
2013-04-22,1276.1600341796875
2013-04-23,1281.0899658203125
2013-04-24,1281.1800537109375
2013-04-25,1282.3900146484375
2013-04-26,1282.5400390625
2013-04-29,1284.4599609375
2013-04-30,1285.199951171875
2013-05-01,1283.0400390625
2013-05-02,1285.8399658203125
2013-05-03,1287.6099853515625
2013-05-06,1288.2099609375
2013-05-07,1288.4200439453125
2013-05-08,1288.530029296875
2013-05-09,1288.489990234375
2013-05-10,1288.6199951171875
2013-05-13,1288.7099609375
2013-05-14,1288.780029296875
2013-05-15,1288.8199462890625
2013-05-16,1288.8699951171875
2013-05-17,1291.1800537109375
2013-05-20,1291.27001953125
2013-05-21,1291.9000244140625
2013-05-22,1286.9300537109375
2013-05-23,1285.75
2013-05-24,1285.43994140625
2013-05-28,1290.469970703125
2013-05-29,1286.25
2013-05-30,1289.3699951171875
2013-05-31,1278.050048828125
2013-06-03,1283.4300537109375
2013-06-04,1279.0899658203125
2013-06-05,1265.8699951171875
2013-06-06,1272.6600341796875
2013-06-07,1288.530029296875
2013-06-10,1288.780029296875
2013-06-11,1279.6300048828125
2013-06-12,1270.4300537109375
2013-06-13,1287.489990234375
2013-06-14,1281.4100341796875
2013-06-17,1290.4200439453125
2013-06-18,1297.06005859375
2013-06-19,1284.93994140625
2013-06-20,1254.1600341796875
2013-06-21,1269.8199462890625
2013-06-24,1261.9300537109375
2013-06-25,1270.0999755859375
2013-06-26,1277.31005859375
2013-06-27,1280.6800537109375
2013-06-28,1278.81005859375
2013-07-01,1283.25
2013-07-02,1283.8599853515625
2013-07-03,1284.47998046875
2013-07-05,1289.5999755859375
2013-07-08,1291.030029296875
2013-07-09,1292.5400390625
2013-07-10,1292.699951171875
2013-07-11,1293.2900390625
2013-07-12,1293.3299560546875
2013-07-15,1293.6199951171875
2013-07-16,1293.6600341796875
2013-07-17,1293.68994140625
2013-07-18,1293.7099609375
2013-07-19,1295.1600341796875
2013-07-22,1297.9200439453125
2013-07-23,1297.1500244140625
2013-07-24,1294.780029296875
2013-07-25,1297.030029296875
2013-07-26,1297.9300537109375
2013-07-29,1297.9300537109375
2013-07-30,1296.260009765625
2013-07-31,1297.0
2013-08-01,1303.4200439453125
2013-08-02,1305.8299560546875
2013-08-05,1306.5699462890625
2013-08-06,1304.239990234375
2013-08-07,1303.22998046875
2013-08-08,1305.5999755859375
2013-08-09,1304.280029296875
2013-08-12,1305.3399658203125
2013-08-13,1307.8199462890625
2013-08-14,1306.4300537109375
2013-08-15,1290.489990234375
2013-08-16,1285.8900146484375
2013-08-19,1282.0699462890625
2013-08-20,1285.5
2013-08-21,1281.1300048828125
2013-08-22,1288.0699462890625
2013-08-23,1291.4200439453125
2013-08-26,1289.530029296875
2013-08-27,1276.0899658203125
2013-08-28,1279.6400146484375
2013-08-29,1281.1400146484375
2013-08-30,1278.739990234375
2013-09-03,1283.75
2013-09-04,1291.2900390625
2013-09-05,1292.510009765625
2013-09-06,1293.1800537109375
2013-09-09,1300.2099609375
2013-09-10,1304.18994140625
2013-09-11,1306.3599853515625
2013-09-12,1305.68994140625
2013-09-13,1306.9599609375
2013-09-16,1308.1700439453125
2013-09-17,1308.5799560546875
2013-09-18,1309.0400390625
2013-09-19,1309.1600341796875
2013-09-20,1306.4300537109375
2013-09-23,1303.030029296875
2013-09-24,1301.68994140625
2013-09-25,1299.8699951171875
2013-09-26,1302.6199951171875
2013-09-27,1298.5999755859375
2013-09-30,1292.9000244140625
2013-10-01,1301.9300537109375
2013-10-02,1300.199951171875
2013-10-03,1292.1300048828125
2013-10-04,1300.1199951171875
2013-10-07,1290.5899658203125
2013-10-08,1276.510009765625
2013-10-09,1277.75
2013-10-10,1303.6099853515625
2013-10-11,1311.2099609375
2013-10-14,1314.81005859375
2013-10-15,1307.510009765625
2013-10-16,1323.3800048828125
2013-10-17,1327.300048828125
2013-10-18,1328.3599853515625
2013-10-21,1329.3699951171875
2013-10-22,1332.0400390625
2013-10-23,1330.1500244140625
2013-10-24,1332.199951171875
2013-10-25,1334.25
2013-10-28,1335.5699462890625
2013-10-29,1337.0400390625
2013-10-30,1335.72998046875
2013-10-31,1335.3499755859375
2013-11-01,1337.1300048828125
2013-11-04,1339.1099853515625
2013-11-05,1338.3299560546875
2013-11-06,1339.8599853515625
2013-11-07,1336.02001953125
2013-11-08,1340.5999755859375
2013-11-11,1341.2099609375
2013-11-12,1341.18994140625
2013-11-13,1341.75
2013-11-14,1342.010009765625
2013-11-15,1343.3499755859375
2013-11-18,1341.719970703125
2013-11-19,1340.3599853515625
2013-11-20,1339.030029296875
2013-11-21,1344.9200439453125
2013-11-22,1348.22998046875
2013-11-25,1348.280029296875
2013-11-26,1348.699951171875
2013-11-27,1350.0699462890625
2013-11-29,1349.6600341796875
2013-12-02,1348.530029296875
2013-12-03,1346.969970703125
2013-12-04,1346.47998046875
2013-12-05,1343.56005859375
2013-12-06,1351.72998046875
2013-12-09,1353.449951171875
2013-12-10,1352.31005859375
2013-12-11,1344.75
2013-12-12,1342.7099609375
2013-12-13,1342.0999755859375
2013-12-16,1348.7900390625
2013-12-17,1346.75
2013-12-18,1358.050048828125
2013-12-19,1359.300048828125
2013-12-20,1358.8699951171875
2013-12-23,1362.77001953125
2013-12-24,1364.6700439453125
2013-12-26,1367.06005859375
2013-12-27,1367.1800537109375
2013-12-30,1366.81005859375
2013-12-31,1367.7900390625
2014-01-02,1365.449951171875
2014-01-03,1366.5899658203125
2014-01-06,1367.050048828125
2014-01-07,1370.010009765625
2014-01-08,1370.280029296875
2014-01-09,1370.9599609375
2014-01-10,1372.3800048828125
2014-01-13,1367.6800537109375
2014-01-14,1372.8900146484375
2014-01-15,1373.6300048828125
2014-01-16,1373.7099609375
2014-01-17,1367.6800537109375
2014-01-21,1374.22998046875
2014-01-22,1375.25
2014-01-23,1368.6700439453125
2014-01-24,1346.449951171875
2014-01-27,1341.239990234375
2014-01-28,1349.030029296875
2014-01-29,1336.6400146484375
2014-01-30,1350.2099609375
2014-01-31,1341.6700439453125
2014-02-03,1312.8399658203125
2014-02-04,1323.5
2014-02-05,1321.31005859375
2014-02-06,1338.6600341796875
2014-02-07,1355.0
2014-02-10,1357.5400390625
2014-02-11,1370.9200439453125
2014-02-12,1371.9100341796875
2014-02-13,1378.18994140625
2014-02-14,1383.6700439453125
2014-02-18,1385.800048828125
2014-02-19,1381.489990234375
2014-02-20,1388.6400146484375
2014-02-21,1388.1400146484375
2014-02-24,1392.239990234375
2014-02-25,1392.239990234375
2014-02-26,1392.699951171875
2014-02-27,1397.4100341796875
2014-02-28,1397.1800537109375
2014-03-03,1391.93994140625
2014-03-04,1401.050048828125
2014-03-05,1401.8900146484375
2014-03-06,1402.4300537109375
2014-03-07,1402.6600341796875
2014-03-10,1403.81005859375
2014-03-11,1402.9300537109375
2014-03-12,1403.5899658203125
2014-03-13,1397.050048828125
2014-03-14,1392.989990234375
2014-03-17,1403.8599853515625
2014-03-18,1406.8699951171875
2014-03-19,1406.699951171875
2014-03-20,1407.75
2014-03-21,1400.9100341796875
2014-03-24,1397.8800048828125
2014-03-25,1403.719970703125
2014-03-26,1396.2900390625
2014-03-27,1394.47998046875
2014-03-28,1399.2099609375
2014-03-31,1407.8599853515625
2014-04-01,1413.469970703125
2014-04-02,1415.699951171875
2014-04-03,1415.25
2014-04-04,1406.989990234375
2014-04-07,1395.52001953125
2014-04-08,1400.93994140625
2014-04-09,1412.8699951171875
2014-04-10,1387.75
2014-04-11,1376.3499755859375
2014-04-14,1386.8499755859375
2014-04-15,1396.3199462890625
2014-04-16,1411.1800537109375
2014-04-17,1409.739990234375
2014-04-21,1412.5899658203125
2014-04-22,1415.010009765625
2014-04-23,1414.699951171875
2014-04-24,1417.27001953125
2014-04-25,1410.8699951171875
2014-04-28,1414.1300048828125
2014-04-29,1416.3199462890625
2014-04-30,1419.050048828125
2014-05-01,1420.010009765625
2014-05-02,1420.6600341796875
2014-05-05,1422.1199951171875
2014-05-06,1417.9000244140625
2014-05-07,1421.550048828125
2014-05-08,1421.739990234375
2014-05-09,1424.3599853515625
2014-05-12,1426.8699951171875
2014-05-13,1427.1600341796875
2014-05-14,1427.1099853515625
2014-05-15,1426.469970703125
2014-05-16,1429.719970703125
2014-05-19,1432.780029296875
2014-05-20,1429.2900390625
2014-05-21,1434.4100341796875
2014-05-22,1435.6199951171875
2014-05-23,1438.449951171875
2014-05-27,1440.780029296875
2014-05-28,1441.2099609375
2014-05-29,1442.530029296875
2014-05-30,1443.3399658203125
2014-06-02,1443.8699951171875
2014-06-03,1443.8299560546875
2014-06-04,1443.989990234375
2014-06-05,1445.050048828125
2014-06-06,1445.75
2014-06-09,1445.7900390625
2014-06-10,1446.219970703125
2014-06-11,1445.8900146484375
2014-06-12,1445.4300537109375
2014-06-13,1445.5999755859375
2014-06-16,1446.0699462890625
2014-06-17,1446.010009765625
2014-06-18,1446.31005859375
2014-06-19,1446.3599853515625
2014-06-20,1445.81005859375
2014-06-23,1446.6400146484375
2014-06-24,1445.81005859375
2014-06-25,1445.739990234375
2014-06-26,1445.0799560546875
2014-06-27,1447.27001953125
2014-06-30,1447.719970703125
2014-07-01,1452.4100341796875
2014-07-02,1453.050048828125
2014-07-03,1455.68994140625
2014-07-07,1454.5799560546875
2014-07-08,1450.8900146484375
2014-07-09,1454.5
2014-07-10,1452.4599609375
2014-07-11,1454.25
2014-07-14,1457.300048828125
2014-07-15,1457.22998046875
2014-07-16,1458.6199951171875
2014-07-17,1454.8499755859375
2014-07-18,1460.510009765625
2014-07-21,1459.77001953125
2014-07-22,1463.2099609375
2014-07-23,1464.489990234375
2014-07-24,1464.93994140625
2014-07-25,1462.199951171875
2014-07-28,1463.3299560546875
2014-07-29,1460.75
2014-07-30,1461.0899658203125
2014-07-31,1439.719970703125
2014-08-01,1437.0999755859375
2014-08-04,1448.2900390625
2014-08-05,1434.1500244140625
2014-08-06,1435.4200439453125
2014-08-07,1427.93994140625
2014-08-08,1444.1400146484375
2014-08-11,1448.52001953125
2014-08-12,1446.8399658203125
2014-08-13,1456.97998046875
2014-08-14,1463.3399658203125
2014-08-15,1475.4599609375
2014-08-18,1481.8299560546875
2014-08-19,1484.7099609375
2014-08-20,1485.780029296875
2014-08-21,1487.1300048828125
2014-08-22,1486.969970703125
2014-08-25,1489.3499755859375
2014-08-26,1489.9300537109375
2014-08-27,1490.050048828125
2014-08-28,1489.8900146484375
2014-08-29,1490.81005859375
2014-09-02,1491.739990234375
2014-09-03,1491.780029296875
2014-09-04,1491.0899658203125
2014-09-05,1492.5899658203125
2014-09-08,1492.6300048828125
2014-09-09,1490.9000244140625
2014-09-10,1492.550048828125
2014-09-11,1493.1300048828125
2014-09-12,1491.8299560546875
2014-09-15,1492.2099609375
2014-09-16,1494.2900390625
2014-09-17,1494.6300048828125
2014-09-18,1494.93994140625
2014-09-19,1493.0899658203125
2014-09-22,1485.5999755859375
2014-09-23,1479.27001953125
2014-09-24,1488.4100341796875
2014-09-25,1469.5699462890625
2014-09-26,1480.06005859375
2014-09-29,1477.52001953125
2014-09-30,1474.739990234375
2014-10-01,1456.530029296875
2014-10-02,1456.760009765625
2014-10-03,1472.6500244140625
2014-10-06,1471.0
2014-10-07,1449.1500244140625
2014-10-08,1473.8900146484375
2014-10-09,1443.949951171875
2014-10-10,1428.699951171875
2014-10-13,1405.1300048828125
2014-10-14,1409.47998046875
2014-10-15,1398.530029296875
2014-10-16,1396.06005859375
2014-10-17,1406.550048828125
2014-10-20,1415.8900146484375
2014-10-21,1426.719970703125
2014-10-22,1422.3299560546875
2014-10-23,1428.6600341796875
2014-10-24,1431.3699951171875
2014-10-27,1432.02001953125
2014-10-28,1435.8299560546875
2014-10-29,1436.030029296875
2014-10-30,1437.25
2014-10-31,1438.719970703125
2014-11-03,1439.0400390625
2014-11-04,1438.800048828125
2014-11-05,1439.6600341796875
2014-11-06,1439.93994140625
2014-11-07,1440.27001953125
2014-11-10,1440.43994140625
2014-11-11,1440.31005859375
2014-11-12,1440.3299560546875
2014-11-13,1440.47998046875
2014-11-14,1440.5400390625
2014-11-17,1440.719970703125
2014-11-18,1440.7900390625
2014-11-19,1440.81005859375
2014-11-20,1440.8499755859375
2014-11-21,1440.81005859375
2014-11-24,1444.1700439453125
2014-11-25,1444.1700439453125
2014-11-26,1446.0699462890625
2014-11-28,1443.4300537109375
2014-12-01,1438.3399658203125
2014-12-02,1444.4200439453125
2014-12-03,1447.77001953125
2014-12-04,1447.31005859375
2014-12-05,1448.47998046875
2014-12-08,1444.800048828125
2014-12-09,1444.489990234375
2014-12-10,1425.699951171875
2014-12-11,1436.43994140625
2014-12-12,1413.52001953125
2014-12-15,1404.06005859375
2014-12-16,1393.0400390625
2014-12-17,1421.4599609375
2014-12-18,1453.25
2014-12-19,1456.6099853515625
2014-12-22,1460.0400390625
2014-12-23,1461.760009765625
2014-12-24,1462.43994140625
2014-12-26,1464.8299560546875
2014-12-29,1465.969970703125
2014-12-30,1463.6500244140625
2014-12-31,1455.010009765625
2015-01-02,1457.2900390625
2015-01-05,1440.469970703125
2015-01-06,1428.5699462890625
2015-01-07,1444.0799560546875
2015-01-08,1462.760009765625
2015-01-09,1456.969970703125
2015-01-12,1447.93994140625
2015-01-13,1444.2900390625
2015-01-14,1436.469970703125
2015-01-15,1423.4300537109375
2015-01-16,1429.0
2015-01-20,1431.6199951171875
2015-01-21,1436.3199462890625
2015-01-22,1445.02001953125
2015-01-23,1443.3800048828125
2015-01-26,1446.4000244140625
2015-01-27,1439.0799560546875
2015-01-28,1430.1700439453125
2015-01-29,1437.27001953125
2015-01-30,1426.8900146484375
2015-02-02,1438.93994140625
2015-02-03,1447.4599609375
2015-02-04,1446.1099853515625
2015-02-05,1450.3699951171875
2015-02-06,1449.6099853515625
2015-02-09,1449.6800537109375
2015-02-10,1453.3900146484375
2015-02-11,1453.9200439453125
2015-02-12,1455.3599853515625
2015-02-13,1455.81005859375
2015-02-17,1455.9100341796875
2015-02-18,1456.0
2015-02-19,1456.030029296875
2015-02-20,1456.030029296875
2015-02-23,1462.449951171875
2015-02-24,1465.6300048828125
2015-02-25,1465.449951171875
2015-02-26,1465.239990234375
2015-02-27,1464.5
2015-03-02,1468.4599609375
2015-03-03,1466.02001953125
2015-03-04,1464.3299560546875
2015-03-05,1465.25
2015-03-06,1454.0899658203125
2015-03-09,1459.9200439453125
2015-03-10,1442.5
2015-03-11,1439.4300537109375
2015-03-12,1454.68994140625
2015-03-13,1449.0
2015-03-16,1463.6700439453125
2015-03-17,1461.1600341796875
2015-03-18,1473.1700439453125
2015-03-19,1472.780029296875
2015-03-20,1472.780029296875
2015-03-23,1475.5699462890625
2015-03-24,1470.9599609375
2015-03-25,1455.2900390625
2015-03-26,1452.6300048828125
2015-03-27,1456.3900146484375
2015-03-30,1470.2900390625
2015-03-31,1461.3199462890625
2015-04-01,1456.9300537109375
2015-04-02,1462.3900146484375
2015-04-06,1470.43994140625
2015-04-07,1468.739990234375
2015-04-08,1472.5
2015-04-09,1478.739990234375
2015-04-10,1484.9100341796875
2015-04-13,1481.4000244140625
2015-04-14,1483.9200439453125
2015-04-15,1489.8399658203125
2015-04-16,1490.77001953125
2015-04-17,1490.77001953125
2015-04-20,1490.030029296875
2015-04-21,1489.8499755859375
2015-04-22,1492.8199462890625
2015-04-23,1494.550048828125
2015-04-24,1495.9300537109375
2015-04-27,1494.22998046875
2015-04-28,1496.4000244140625
2015-04-29,1494.9200439453125
2015-04-30,1488.1199951171875
2015-05-01,1496.43994140625
2015-05-04,1499.010009765625
2015-05-05,1492.0699462890625
2015-05-06,1489.3599853515625
2015-05-07,1492.7900390625
2015-05-08,1501.5799560546875
2015-05-11,1500.8900146484375
2015-05-12,1500.2099609375
2015-05-13,1501.800048828125
2015-05-14,1503.4599609375
2015-05-15,1503.4599609375
2015-05-18,1507.949951171875
2015-05-19,1508.239990234375
2015-05-20,1507.989990234375
2015-05-21,1510.510009765625
2015-05-22,1509.969970703125
2015-05-26,1501.5799560546875
2015-05-27,1510.010009765625
2015-05-28,1509.1500244140625
2015-05-29,1504.3599853515625
2015-06-01,1506.699951171875
2015-06-02,1506.199951171875
2015-06-03,1509.1500244140625
2015-06-04,1500.6199951171875
2015-06-05,1500.3299560546875
2015-06-08,1493.739990234375
2015-06-09,1494.030029296875
2015-06-10,1509.260009765625
2015-06-11,1512.3199462890625
2015-06-12,1504.97998046875
2015-06-15,1499.0400390625
2015-06-16,1507.3199462890625
2015-06-17,1511.4200439453125
2015-06-18,1524.02001953125
2015-06-19,1503.2900390625
2015-06-22,1527.3900146484375
2015-06-23,1529.1800537109375
2015-06-24,1523.489990234375
2015-06-25,1520.2099609375
2015-06-26,1520.5699462890625
2015-06-29,1495.43994140625
2015-06-30,1499.739990234375
2015-07-01,1509.27001953125
2015-07-02,1509.4100341796875
2015-07-06,1506.3900146484375
2015-07-07,1515.219970703125
2015-07-08,1491.93994140625
2015-07-09,1495.77001953125
2015-07-10,1513.06005859375
2015-07-13,1529.52001953125
2015-07-14,1535.6500244140625
2015-07-15,1535.469970703125
2015-07-16,1542.9000244140625
2015-07-17,1523.8299560546875
2015-07-20,1545.5899658203125
2015-07-21,1543.0799560546875
2015-07-22,1542.489990234375
2015-07-23,1537.219970703125
2015-07-24,1525.52001953125
2015-07-27,1517.969970703125
2015-07-28,1534.050048828125
2015-07-29,1542.6400146484375
2015-07-30,1542.7099609375
2015-07-31,1542.489990234375
2015-08-03,1539.2900390625
2015-08-04,1537.739990234375
2015-08-05,1541.8699951171875
2015-08-06,1532.3900146484375
2015-08-07,1529.1500244140625
2015-08-10,1546.3299560546875
2015-08-11,1534.5699462890625
2015-08-12,1535.9000244140625
2015-08-13,1535.3800048828125
2015-08-14,1541.0999755859375
2015-08-17,1549.1800537109375
2015-08-18,1546.010009765625
2015-08-19,1534.719970703125
2015-08-20,1502.530029296875
2015-08-21,1563.7099609375
2015-08-24,1424.0899658203125
2015-08-25,1413.1400146484375
2015-08-26,1460.43994140625
2015-08-27,1483.9000244140625
2015-08-28,1484.9300537109375
2015-08-31,1480.2900390625
2015-09-01,1447.9000244140625
2015-09-02,1472.31005859375
2015-09-03,1474.1700439453125
2015-09-04,1455.9200439453125
2015-09-08,1487.1800537109375
2015-09-09,1471.8599853515625
2015-09-10,1479.239990234375
2015-09-11,1486.31005859375
2015-09-14,1482.3900146484375
2015-09-15,1499.050048828125
2015-09-16,1507.7900390625
2015-09-17,1512.050048828125
2015-09-18,1512.050048828125
2015-09-21,1498.27001953125
2015-09-22,1486.1300048828125
2015-09-23,1486.56005859375
2015-09-24,1482.9100341796875
2015-09-25,1483.260009765625
2015-09-28,1452.510009765625
2015-09-29,1455.27001953125
2015-09-30,1477.6800537109375
2015-10-01,1482.300048828125
2015-10-02,1498.510009765625
2015-10-05,1514.760009765625
2015-10-06,1513.989990234375
2015-10-07,1520.3499755859375
2015-10-08,1523.8800048828125
2015-10-09,1525.969970703125
2015-10-12,1526.81005859375
2015-10-13,1526.2099609375
2015-10-14,1526.2900390625
2015-10-15,1527.8599853515625
2015-10-16,1527.8599853515625
2015-10-19,1532.8399658203125
2015-10-20,1531.4599609375
2015-10-21,1526.3900146484375
2015-10-22,1538.25
2015-10-23,1543.780029296875
2015-10-26,1542.52001953125
2015-10-27,1541.5999755859375
2015-10-28,1546.97998046875
2015-10-29,1546.93994140625
2015-10-30,1545.3599853515625
2015-11-02,1550.510009765625
2015-11-03,1550.93994140625
2015-11-04,1550.1700439453125
2015-11-05,1550.6300048828125
2015-11-06,1551.6300048828125
2015-11-09,1549.4100341796875
2015-11-10,1550.93994140625
2015-11-11,1550.5999755859375
2015-11-12,1545.1099853515625
2015-11-13,1538.5400390625
2015-11-16,1550.2900390625
2015-11-17,1551.1400146484375
2015-11-18,1554.56005859375
2015-11-19,1554.75
2015-11-20,1553.93994140625
2015-11-23,1555.199951171875
2015-11-24,1556.18994140625
2015-11-25,1557.25
2015-11-27,1558.0899658203125
2015-11-30,1554.6600341796875
2015-12-01,1563.5400390625
2015-12-02,1555.77001953125
2015-12-03,1540.2099609375
2015-12-04,1561.969970703125
2015-12-07,1556.8499755859375
2015-12-08,1550.3900146484375
2015-12-09,1540.239990234375
2015-12-10,1544.9300537109375
2015-12-11,1516.8399658203125
2015-12-14,1524.8199462890625
2015-12-15,1540.760009765625
2015-12-16,1561.760009765625
2015-12-17,1541.9000244140625
2015-12-18,1541.780029296875
2015-12-21,1534.8900146484375
2015-12-22,1543.02001953125
2015-12-23,1551.1500244140625
2015-12-24,1551.1099853515625
2015-12-28,1550.5899658203125
2015-12-29,1555.3499755859375
2015-12-30,1553.22998046875
2015-12-31,1548.1600341796875
2016-01-04,1538.3599853515625
2016-01-05,1542.31005859375
2016-01-06,1531.43994140625
2016-01-07,1500.050048828125
2016-01-08,1484.27001953125
2016-01-11,1486.989990234375
2016-01-12,1499.2900390625
2016-01-13,1461.5899658203125
2016-01-14,1487.239990234375
2016-01-15,1446.3299560546875
2016-01-19,1451.030029296875
2016-01-20,1442.300048828125
2016-01-21,1445.800048828125
2016-01-22,1463.739990234375
2016-01-25,1454.510009765625
2016-01-26,1464.469970703125
2016-01-27,1458.47998046875
2016-01-28,1463.25
2016-01-29,1476.3499755859375
2016-02-01,1478.699951171875
2016-02-02,1469.3399658203125
2016-02-03,1472.800048828125
2016-02-04,1474.8299560546875
2016-02-05,1463.43994140625
2016-02-08,1453.0999755859375
2016-02-09,1452.780029296875
2016-02-10,1455.25
2016-02-11,1443.0699462890625
2016-02-12,1467.3199462890625
2016-02-16,1482.9300537109375
2016-02-17,1487.47998046875
2016-02-18,1487.5400390625
2016-02-19,1487.5400390625
2016-02-22,1500.2099609375
2016-02-23,1492.030029296875
2016-02-24,1494.5
2016-02-25,1502.9100341796875
2016-02-26,1502.0400390625
2016-02-29,1498.8599853515625
2016-03-01,1511.3199462890625
2016-03-02,1514.0
2016-03-03,1514.8399658203125
2016-03-04,1515.449951171875
2016-03-07,1516.280029296875
2016-03-08,1514.5799560546875
2016-03-09,1516.0699462890625
2016-03-10,1516.9300537109375
2016-03-11,1518.52001953125
2016-03-14,1518.9300537109375
2016-03-15,1518.719970703125
2016-03-16,1519.0699462890625
2016-03-17,1519.1500244140625
2016-03-18,1518.969970703125
2016-03-21,1521.489990234375
2016-03-22,1521.4200439453125
2016-03-23,1516.3199462890625
2016-03-24,1516.550048828125
2016-03-28,1518.7099609375
2016-03-29,1527.1199951171875
2016-03-30,1530.2099609375
2016-03-31,1529.06005859375
2016-04-01,1533.2900390625
2016-04-04,1532.4200439453125
2016-04-05,1525.9599609375
2016-04-06,1533.9100341796875
2016-04-07,1526.02001953125
2016-04-08,1530.469970703125
2016-04-11,1529.1199951171875
2016-04-12,1536.68994140625
2016-04-13,1539.02001953125
2016-04-14,1539.260009765625
2016-04-15,1538.6400146484375
2016-04-18,1544.68994140625
2016-04-19,1546.68994140625
2016-04-20,1547.1600341796875
2016-04-21,1547.1700439453125
2016-04-22,1545.6400146484375
2016-04-25,1544.550048828125
2016-04-26,1545.989990234375
2016-04-27,1547.68994140625
2016-04-28,1540.489990234375
2016-04-29,1536.5899658203125
2016-05-02,1545.010009765625
2016-05-03,1537.3599853515625
2016-05-04,1531.6199951171875
2016-05-05,1532.1600341796875
2016-05-06,1537.5400390625
2016-05-09,1539.6800537109375
2016-05-10,1551.8699951171875
2016-05-11,1544.780029296875
2016-05-12,1545.3599853515625
2016-05-13,1535.260009765625
2016-05-16,1549.1600341796875
2016-05-17,1537.449951171875
2016-05-18,1537.72998046875
2016-05-19,1532.6300048828125
2016-05-20,1532.6300048828125
2016-05-23,1537.6199951171875
2016-05-24,1547.530029296875
2016-05-25,1551.31005859375
2016-05-26,1552.0899658203125
2016-05-27,1554.3499755859375
2016-05-31,1554.25
2016-06-01,1554.949951171875
2016-06-02,1556.7099609375
2016-06-03,1557.030029296875
2016-06-06,1558.4599609375
2016-06-07,1558.8900146484375
2016-06-08,1559.510009765625
2016-06-09,1559.550048828125
2016-06-10,1557.9000244140625
2016-06-13,1556.550048828125
2016-06-14,1557.75
2016-06-15,1558.8299560546875
2016-06-16,1560.2099609375
2016-06-17,1560.2099609375
2016-06-20,1568.530029296875
2016-06-21,1569.4599609375
2016-06-22,1565.1300048828125
2016-06-23,1576.9599609375
2016-06-24,1549.02001953125
2016-06-27,1532.8199462890625
2016-06-28,1556.1600341796875
2016-06-29,1574.3900146484375
2016-06-30,1580.8299560546875
2016-07-01,1583.81005859375
2016-07-05,1582.510009765625
2016-07-06,1585.1400146484375
2016-07-07,1585.9300537109375
2016-07-08,1589.18994140625
2016-07-11,1589.6400146484375
2016-07-12,1589.6700439453125
2016-07-13,1589.949951171875
2016-07-14,1589.969970703125
2016-07-15,1591.1600341796875
2016-07-18,1594.300048828125
2016-07-19,1594.68994140625
2016-07-20,1597.8699951171875
2016-07-21,1594.3800048828125
2016-07-22,1598.5699462890625
2016-07-25,1597.1199951171875
2016-07-26,1597.5
2016-07-27,1597.43994140625
2016-07-28,1598.8699951171875
2016-07-29,1602.6600341796875
2016-08-01,1601.239990234375
2016-08-02,1595.8499755859375
2016-08-03,1599.699951171875
2016-08-04,1601.0999755859375
2016-08-05,1608.27001953125
2016-08-08,1608.5
2016-08-09,1609.030029296875
2016-08-10,1608.0799560546875
2016-08-11,1611.3399658203125
2016-08-12,1611.9100341796875
2016-08-15,1613.3699951171875
2016-08-16,1612.3599853515625
2016-08-17,1613.5999755859375
2016-08-18,1614.3599853515625
2016-08-19,1615.5699462890625
2016-08-22,1616.06005859375
2016-08-23,1616.93994140625
2016-08-24,1612.5
2016-08-25,1612.81005859375
2016-08-26,1610.9200439453125
2016-08-29,1617.469970703125
2016-08-30,1616.3599853515625
2016-08-31,1614.4300537109375
2016-09-01,1613.5799560546875
2016-09-02,1620.510009765625
2016-09-06,1623.7099609375
2016-09-07,1624.43994140625
2016-09-08,1622.469970703125
2016-09-09,1587.4599609375
2016-09-12,1613.199951171875
2016-09-13,1592.9000244140625
2016-09-14,1586.25
2016-09-15,1606.699951171875
2016-09-16,1606.699951171875
2016-09-19,1604.72998046875
2016-09-20,1603.5999755859375
2016-09-21,1613.8800048828125
2016-09-22,1618.8599853515625
2016-09-23,1617.0
2016-09-26,1610.6300048828125
2016-09-27,1616.47998046875
2016-09-28,1620.0400390625
2016-09-29,1614.6400146484375
2016-09-30,1618.9200439453125
2016-10-03,1618.280029296875
2016-10-04,1616.27001953125
2016-10-05,1619.949951171875
2016-10-06,1621.4100341796875
2016-10-07,1620.4300537109375
2016-10-10,1625.0899658203125
2016-10-11,1616.6700439453125
2016-10-12,1617.7099609375
2016-10-13,1616.6199951171875
2016-10-14,1619.0
2016-10-17,1618.8499755859375
2016-10-18,1624.1300048828125
2016-10-19,1627.31005859375
2016-10-20,1628.6600341796875
2016-10-21,1628.6600341796875
2016-10-24,1633.739990234375
2016-10-25,1631.43994140625
2016-10-26,1629.0899658203125
2016-10-27,1624.6199951171875
2016-10-28,1624.0899658203125
2016-10-31,1622.280029296875
2016-11-01,1615.3299560546875
2016-11-02,1608.739990234375
2016-11-03,1603.1400146484375
2016-11-04,1600.989990234375
2016-11-07,1626.6300048828125
2016-11-08,1629.3900146484375
2016-11-09,1643.8199462890625
2016-11-10,1645.3399658203125
2016-11-11,1646.4000244140625
2016-11-14,1647.989990234375
2016-11-15,1650.239990234375
2016-11-16,1650.469970703125
2016-11-17,1650.699951171875
2016-11-18,1650.699951171875
2016-11-21,1657.2099609375
2016-11-22,1659.6500244140625
2016-11-23,1660.699951171875
2016-11-25,1662.6600341796875
2016-11-28,1661.030029296875
2016-11-29,1662.280029296875
2016-11-30,1661.1400146484375
2016-12-01,1658.6700439453125
2016-12-02,1659.9200439453125
2016-12-05,1666.3499755859375
2016-12-06,1668.780029296875
2016-12-07,1670.6400146484375
2016-12-08,1671.010009765625
2016-12-09,1671.760009765625
2016-12-12,1671.949951171875
2016-12-13,1672.239990234375
2016-12-14,1672.06005859375
2016-12-15,1672.300048828125
2016-12-16,1671.56005859375
2016-12-19,1675.3199462890625
2016-12-20,1677.9300537109375
2016-12-21,1676.75
2016-12-22,1676.5400390625
2016-12-23,1677.1300048828125
2016-12-27,1679.9000244140625
2016-12-28,1672.5799560546875
2016-12-29,1672.300048828125
2016-12-30,1668.3900146484375
2017-01-03,1678.280029296875
2017-01-04,1683.77001953125
2017-01-05,1685.1700439453125
2017-01-06,1688.0
2017-01-09,1687.6099853515625
2017-01-10,1688.300048828125
2017-01-11,1690.489990234375
2017-01-12,1689.6500244140625
2017-01-13,1692.8699951171875
2017-01-17,1691.43994140625
2017-01-18,1693.3299560546875
2017-01-19,1693.4200439453125
2017-01-20,1692.260009765625
2017-01-23,1694.3199462890625
2017-01-24,1699.3199462890625
2017-01-25,1704.1400146484375
2017-01-26,1704.800048828125
2017-01-27,1704.6300048828125
2017-01-30,1700.8800048828125
2017-01-31,1701.1600341796875
2017-02-01,1701.93994140625
2017-02-02,1702.5999755859375
2017-02-03,1707.93994140625
2017-02-06,1708.1099853515625
2017-02-07,1709.0
2017-02-08,1709.699951171875
2017-02-09,1711.6400146484375
2017-02-10,1712.18994140625
2017-02-13,1712.4599609375
2017-02-14,1712.68994140625
2017-02-15,1712.72998046875
2017-02-16,1713.010009765625
2017-02-17,1716.280029296875
2017-02-21,1720.260009765625
2017-02-22,1719.8399658203125
2017-02-23,1720.93994140625
2017-02-24,1721.8900146484375
2017-02-27,1722.6300048828125
2017-02-28,1720.800048828125
2017-03-01,1726.7099609375
2017-03-02,1726.5899658203125
2017-03-03,1728.02001953125
2017-03-06,1728.050048828125
2017-03-07,1727.1500244140625
2017-03-08,1726.81005859375
2017-03-09,1726.760009765625
2017-03-10,1728.489990234375
2017-03-13,1729.68994140625
2017-03-14,1729.0999755859375
2017-03-15,1730.699951171875
2017-03-16,1730.97998046875
2017-03-17,1730.4100341796875
2017-03-20,1730.010009765625
2017-03-21,1717.199951171875
2017-03-22,1718.1400146484375
2017-03-23,1715.22998046875
2017-03-24,1718.010009765625
2017-03-27,1716.4300537109375
2017-03-28,1724.5799560546875
2017-03-29,1727.9200439453125
2017-03-30,1731.72998046875
2017-03-31,1729.6199951171875
2017-04-03,1728.9200439453125
2017-04-04,1730.050048828125
2017-04-05,1723.93994140625
2017-04-06,1728.780029296875
2017-04-07,1728.800048828125
2017-04-10,1730.0899658203125
2017-04-11,1728.760009765625
2017-04-12,1722.75
2017-04-13,1713.68994140625
2017-04-17,1727.0699462890625
2017-04-18,1721.68994140625
2017-04-19,1718.77001953125
2017-04-20,1732.4000244140625
2017-04-21,1732.8399658203125
2017-04-24,1739.8399658203125
2017-04-25,1743.0
2017-04-26,1742.68994140625
2017-04-27,1743.760009765625
2017-04-28,1743.0
2017-05-01,1745.050048828125
2017-05-02,1745.0
2017-05-03,1744.719970703125
2017-05-04,1745.3800048828125
2017-05-05,1746.260009765625
2017-05-08,1748.31005859375
2017-05-09,1748.300048828125
2017-05-10,1751.8900146484375
2017-05-11,1751.6300048828125
2017-05-12,1752.280029296875
2017-05-15,1753.0
2017-05-16,1753.1600341796875
2017-05-17,1747.43994140625
2017-05-18,1752.989990234375
2017-05-19,1752.989990234375
2017-05-22,1759.0699462890625
2017-05-23,1760.6400146484375
2017-05-24,1762.8800048828125
2017-05-25,1764.7900390625
2017-05-26,1765.239990234375
2017-05-30,1765.6400146484375
2017-05-31,1765.719970703125
2017-06-01,1768.300048828125
2017-06-02,1769.3499755859375
2017-06-05,1769.8199462890625
2017-06-06,1769.300048828125
2017-06-07,1769.9599609375
2017-06-08,1770.6600341796875
2017-06-09,1770.3599853515625
2017-06-12,1770.8699951171875
2017-06-13,1771.8599853515625
2017-06-14,1771.949951171875
2017-06-15,1772.06005859375
2017-06-16,1772.050048828125
2017-06-19,1778.9599609375
2017-06-20,1776.3800048828125
2017-06-21,1775.760009765625
2017-06-22,1776.239990234375
2017-06-23,1778.3599853515625
2017-06-26,1779.6800537109375
2017-06-27,1774.68994140625
2017-06-28,1780.510009765625
2017-06-29,1773.18994140625
2017-06-30,1775.6800537109375
2017-07-03,1778.030029296875
2017-07-05,1780.18994140625
2017-07-06,1772.6500244140625
2017-07-07,1780.02001953125
2017-07-10,1781.7099609375
2017-07-11,1782.7099609375
2017-07-12,1787.199951171875
2017-07-13,1788.199951171875
2017-07-14,1789.2099609375
2017-07-17,1789.550048828125
2017-07-18,1789.81005859375
2017-07-19,1790.1199951171875
2017-07-20,1790.219970703125
2017-07-21,1790.219970703125
2017-07-24,1792.27001953125
2017-07-25,1794.300048828125
2017-07-26,1794.8499755859375
2017-07-27,1794.02001953125
2017-07-28,1793.4100341796875
2017-07-31,1794.7900390625
2017-08-01,1796.1500244140625
2017-08-02,1796.8900146484375
2017-08-03,1795.8699951171875
2017-08-04,1797.530029296875
2017-08-07,1799.719970703125
2017-08-08,1797.7099609375
2017-08-09,1798.18994140625
2017-08-10,1780.6700439453125
2017-08-11,1784.3699951171875
2017-08-14,1797.8299560546875
2017-08-15,1799.31005859375
2017-08-16,1801.8800048828125
2017-08-17,1779.6600341796875
2017-08-18,1779.5899658203125
2017-08-21,1777.3900146484375
2017-08-22,1786.3399658203125
2017-08-23,1783.5999755859375
2017-08-24,1783.68994140625
2017-08-25,1785.739990234375
2017-08-28,1787.3299560546875
2017-08-29,1787.9000244140625
2017-08-30,1790.81005859375
2017-08-31,1793.4100341796875
2017-09-01,1794.4200439453125
2017-09-05,1792.6600341796875
2017-09-06,1794.3699951171875
2017-09-07,1795.02001953125
2017-09-08,1793.949951171875
2017-09-11,1796.9200439453125
2017-09-12,1797.0999755859375
2017-09-13,1797.219970703125
2017-09-14,1797.4000244140625
2017-09-15,1798.260009765625
2017-09-18,1800.3699951171875
2017-09-19,1801.1800537109375
2017-09-20,1801.8900146484375
2017-09-21,1800.550048828125
2017-09-22,1801.300048828125
2017-09-25,1799.949951171875
2017-09-26,1800.72998046875
2017-09-27,1803.219970703125
2017-09-28,1805.0799560546875
2017-09-29,1807.0999755859375
2017-10-02,1809.5
2017-10-03,1810.06005859375
2017-10-04,1810.5400390625
2017-10-05,1811.8800048828125
2017-10-06,1811.719970703125
2017-10-09,1811.6600341796875
2017-10-10,1812.47998046875
2017-10-11,1813.02001953125
2017-10-12,1813.199951171875
2017-10-13,1813.5400390625
2017-10-16,1813.93994140625
2017-10-17,1814.06005859375
2017-10-18,1814.31005859375
2017-10-19,1814.469970703125
2017-10-20,1815.6300048828125
2017-10-23,1811.75
2017-10-24,1813.22998046875
2017-10-25,1808.6099853515625
2017-10-26,1809.93994140625
2017-10-27,1818.0799560546875
2017-10-30,1815.77001953125
2017-10-31,1817.5699462890625
2017-11-01,1818.510009765625
2017-11-02,1819.739990234375
2017-11-03,1822.030029296875
2017-11-06,1824.0
2017-11-07,1823.6600341796875
2017-11-08,1825.02001953125
2017-11-09,1822.760009765625
2017-11-10,1822.5899658203125
2017-11-13,1825.02001953125
2017-11-14,1824.8299560546875
2017-11-15,1822.06005859375
2017-11-16,1827.5999755859375
2017-11-17,1827.6300048828125
2017-11-20,1830.0999755859375
2017-11-21,1835.4599609375
2017-11-22,1834.9200439453125
2017-11-24,1837.1199951171875
2017-11-27,1837.739990234375
2017-11-28,1840.72998046875
2017-11-29,1840.3299560546875
2017-11-30,1841.3599853515625
2017-12-01,1840.9599609375
2017-12-04,1841.68994140625
2017-12-05,1842.0
2017-12-06,1842.6700439453125
2017-12-07,1844.219970703125
2017-12-08,1844.969970703125
2017-12-11,1845.3699951171875
2017-12-12,1845.5400390625
2017-12-13,1845.6600341796875
2017-12-14,1845.5999755859375
2017-12-15,1845.6199951171875
2017-12-18,1849.7900390625
2017-12-19,1847.3399658203125
2017-12-20,1848.0699462890625
2017-12-21,1849.6300048828125
2017-12-22,1849.77001953125
2017-12-26,1850.1300048828125
2017-12-27,1849.8800048828125
2017-12-28,1851.199951171875
2017-12-29,1847.8800048828125
2018-01-02,1854.1700439453125
2018-01-03,1856.8199462890625
2018-01-04,1858.0400390625
2018-01-05,1858.7099609375
2018-01-08,1859.4599609375
2018-01-09,1859.6099853515625
2018-01-10,1859.8499755859375
2018-01-11,1860.0699462890625
2018-01-12,1860.1400146484375
2018-01-16,1860.31005859375
2018-01-17,1860.56005859375
2018-01-18,1860.72998046875
2018-01-19,1860.72998046875
2018-01-22,1868.4300537109375
2018-01-23,1869.469970703125
2018-01-24,1868.5999755859375
2018-01-25,1869.0
2018-01-26,1873.530029296875
2018-01-29,1869.2900390625
2018-01-30,1863.510009765625
2018-01-31,1866.969970703125
2018-02-01,1866.300048828125
2018-02-02,1841.719970703125
2018-02-05,1811.6700439453125
2018-02-06,1801.8299560546875
2018-02-07,1789.739990234375
2018-02-08,1739.949951171875
2018-02-09,1758.25
2018-02-12,1781.5699462890625
2018-02-13,1786.739990234375
2018-02-14,1811.75
2018-02-15,1835.31005859375
2018-02-16,1833.8699951171875
2018-02-20,1820.5699462890625
2018-02-21,1814.510009765625
2018-02-22,1822.530029296875
2018-02-23,1837.760009765625
2018-02-26,1846.050048828125
2018-02-27,1836.0799560546875
2018-02-28,1828.0799560546875
2018-03-01,1810.3399658203125
2018-03-02,1818.72998046875
2018-03-05,1832.3199462890625
2018-03-06,1837.3199462890625
2018-03-07,1836.6600341796875
2018-03-08,1843.5
2018-03-09,1853.9000244140625
2018-03-12,1854.8399658203125
2018-03-13,1853.989990234375
2018-03-14,1852.780029296875
2018-03-15,1855.5899658203125
2018-03-16,1855.5899658203125
2018-03-19,1841.800048828125
2018-03-20,1842.9000244140625
2018-03-21,1841.68994140625
2018-03-22,1800.9300537109375
2018-03-23,1772.3499755859375
2018-03-26,1811.010009765625
2018-03-27,1784.52001953125
2018-03-28,1779.22998046875
2018-03-29,1798.050048828125
2018-04-02,1759.219970703125
2018-04-03,1785.8800048828125
2018-04-04,1807.5799560546875
2018-04-05,1817.9599609375
2018-04-06,1780.6500244140625
2018-04-09,1786.6800537109375
2018-04-10,1813.9200439453125
2018-04-11,1806.0999755859375
2018-04-12,1821.3699951171875
2018-04-13,1817.1099853515625
2018-04-16,1833.9100341796875
2018-04-17,1850.9200439453125
2018-04-18,1853.43994140625
2018-04-19,1841.43994140625
2018-04-20,1841.8900146484375
2018-04-23,1841.9599609375
2018-04-24,1827.6500244140625
2018-04-25,1831.6500244140625
2018-04-26,1845.739990234375
2018-04-27,1846.8299560546875
2018-04-30,1839.030029296875
2018-05-01,1841.8800048828125
2018-05-02,1830.760009765625
2018-05-03,1834.719970703125
2018-05-04,1850.239990234375
2018-05-07,1852.550048828125
2018-05-08,1855.1500244140625
2018-05-09,1864.469970703125
2018-05-10,1868.300048828125
2018-05-11,1870.4100341796875
2018-05-14,1871.010009765625
2018-05-15,1869.8800048828125
2018-05-16,1871.72998046875
2018-05-17,1872.199951171875
2018-05-18,1872.1800537109375
2018-05-21,1878.0
2018-05-22,1876.699951171875
2018-05-23,1879.5999755859375
2018-05-24,1879.9100341796875
2018-05-25,1877.449951171875
2018-05-29,1865.050048828125
2018-05-30,1880.010009765625
2018-05-31,1874.719970703125
2018-06-01,1884.5400390625
2018-06-04,1888.300048828125
2018-06-05,1889.6199951171875
2018-06-06,1891.8900146484375
2018-06-07,1891.6400146484375
2018-06-08,1892.8199462890625
2018-06-11,1893.6600341796875
2018-06-12,1894.22998046875
2018-06-13,1894.3599853515625
2018-06-14,1894.8599853515625
2018-06-15,1894.8800048828125
2018-06-18,1898.3199462890625
2018-06-19,1893.530029296875
2018-06-20,1896.3299560546875
2018-06-21,1888.6400146484375
2018-06-22,1891.5400390625
2018-06-25,1873.75
2018-06-26,1877.699951171875
2018-06-27,1864.489990234375
2018-06-28,1874.4300537109375
2018-06-29,1878.449951171875
2018-07-02,1882.2099609375
2018-07-03,1875.9300537109375
2018-07-05,1889.3699951171875
2018-07-06,1901.8800048828125
2018-07-09,1911.2900390625
2018-07-10,1913.6800537109375
2018-07-11,1909.31005859375
2018-07-12,1915.5400390625
2018-07-13,1916.8599853515625
2018-07-16,1917.949951171875
2018-07-17,1919.1500244140625
2018-07-18,1919.6800537109375
2018-07-19,1919.9000244140625
2018-07-20,1918.25
2018-07-23,1921.1199951171875
2018-07-24,1924.6400146484375
2018-07-25,1929.719970703125
2018-07-26,1928.6800537109375
2018-07-27,1924.5999755859375
2018-07-30,1921.300048828125
2018-07-31,1928.3900146484375
2018-08-01,1926.1700439453125
2018-08-02,1930.81005859375
2018-08-03,1934.3699951171875
2018-08-06,1936.75
2018-08-07,1938.1300048828125
2018-08-08,1938.3800048828125
2018-08-09,1938.3599853515625
2018-08-10,1935.4200439453125
2018-08-13,1934.47998046875
2018-08-14,1939.1800537109375
2018-08-15,1937.31005859375
2018-08-16,1940.6099853515625
2018-08-17,1940.6099853515625
2018-08-20,1945.8499755859375
2018-08-21,1947.0899658203125
2018-08-22,1947.469970703125
2018-08-23,1947.260009765625
2018-08-24,1951.1700439453125
2018-08-27,1955.5999755859375
2018-08-28,1955.7099609375
2018-08-29,1957.5799560546875
2018-08-30,1955.4300537109375
2018-08-31,1956.2900390625
2018-09-04,1957.1800537109375
2018-09-05,1956.56005859375
2018-09-06,1955.030029296875
2018-09-07,1954.8599853515625
2018-09-10,1958.0400390625
2018-09-11,1960.5699462890625
2018-09-12,1961.0799560546875
2018-09-13,1962.72998046875
2018-09-14,1963.0899658203125
2018-09-17,1962.550048828125
2018-09-18,1963.9000244140625
2018-09-19,1964.0699462890625
2018-09-20,1964.449951171875
2018-09-21,1962.3199462890625
2018-09-24,1960.2099609375
2018-09-25,1958.72998046875
2018-09-26,1955.8299560546875
2018-09-27,1960.0400390625
2018-09-28,1961.5
2018-10-01,1965.9300537109375
2018-10-02,1965.72998046875
2018-10-03,1967.4300537109375
2018-10-04,1956.0400390625
2018-10-05,1950.6700439453125
2018-10-08,1949.43994140625
2018-10-09,1947.6300048828125
2018-10-10,1878.3599853515625
2018-10-11,1855.22998046875
2018-10-12,1871.1800537109375
2018-10-15,1858.9200439453125
2018-10-16,1905.18994140625
2018-10-17,1903.949951171875
2018-10-18,1875.77001953125
2018-10-19,1874.3800048828125
2018-10-22,1869.4599609375
2018-10-23,1861.949951171875
2018-10-24,1820.510009765625
2018-10-25,1833.0799560546875
2018-10-26,1823.97998046875
2018-10-29,1808.8199462890625
2018-10-30,1833.239990234375
2018-10-31,1848.1800537109375
2018-11-01,1867.43994140625
2018-11-02,1861.7099609375
2018-11-05,1871.550048828125
2018-11-06,1879.0699462890625
2018-11-07,1905.280029296875
2018-11-08,1904.93994140625
2018-11-09,1897.6300048828125
2018-11-12,1870.27001953125
2018-11-13,1868.0400390625
2018-11-14,1855.6199951171875
2018-11-15,1874.6800537109375
2018-11-16,1872.1400146484375
2018-11-19,1856.1199951171875
2018-11-20,1831.780029296875
2018-11-21,1837.1800537109375
2018-11-23,1828.8199462890625
2018-11-26,1851.68994140625
2018-11-27,1857.31005859375
2018-11-28,1879.47998046875
2018-11-29,1879.4300537109375
2018-11-30,1882.0
2018-12-03,1896.22998046875
2018-12-04,1866.1800537109375
2018-12-06,1866.1099853515625
2018-12-07,1834.3499755859375
2018-12-10,1840.4300537109375
2018-12-11,1841.6300048828125
2018-12-12,1850.8199462890625
2018-12-13,1851.469970703125
2018-12-14,1819.2900390625
2018-12-17,1786.0899658203125
2018-12-18,1773.969970703125
2018-12-19,1751.68994140625
2018-12-20,1726.550048828125
2018-12-21,1726.550048828125
2018-12-24,1661.6199951171875
2018-12-26,1716.81005859375
2018-12-27,1722.8199462890625
2018-12-28,1726.6800537109375
2018-12-31,1740.989990234375
2019-01-02,1747.3599853515625
2019-01-03,1725.43994140625
2019-01-04,1755.050048828125
2019-01-07,1760.5
2019-01-08,1764.969970703125
2019-01-09,1766.699951171875
2019-01-10,1768.739990234375
2019-01-11,1769.9200439453125
2019-01-14,1770.3900146484375
2019-01-15,1771.0
2019-01-16,1771.239990234375
2019-01-17,1771.4100341796875
2019-01-18,1771.8499755859375
2019-01-22,1756.969970703125
2019-01-23,1761.0799560546875
2019-01-24,1764.9200439453125
2019-01-25,1773.219970703125
2019-01-28,1766.77001953125
2019-01-29,1765.6700439453125
2019-01-30,1780.8699951171875
2019-01-31,1788.5999755859375
2019-02-01,1789.760009765625
2019-02-04,1794.75
2019-02-05,1795.8800048828125
2019-02-06,1796.3299560546875
2019-02-07,1793.9100341796875
2019-02-08,1795.719970703125
2019-02-11,1796.8800048828125
2019-02-12,1799.0699462890625
2019-02-13,1799.47998046875
2019-02-14,1799.7099609375
2019-02-15,1799.6800537109375
2019-02-19,1805.510009765625
2019-02-20,1809.0699462890625
2019-02-21,1806.3499755859375
2019-02-22,1811.989990234375
2019-02-25,1813.3800048828125
2019-02-26,1813.199951171875
2019-02-27,1814.6700439453125
2019-02-28,1814.4599609375
2019-03-01,1818.97998046875
2019-03-04,1817.489990234375
2019-03-05,1817.97998046875
2019-03-06,1813.699951171875
2019-03-07,1806.3199462890625
2019-03-08,1806.8399658203125
2019-03-11,1821.9100341796875
2019-03-12,1823.469970703125
2019-03-13,1826.530029296875
2019-03-14,1826.97998046875
2019-03-15,1826.97998046875
2019-03-18,1830.0400390625
2019-03-19,1828.9100341796875
2019-03-20,1827.7900390625
2019-03-21,1834.1300048828125
2019-03-22,1816.2900390625
2019-03-25,1817.739990234375
2019-03-26,1826.93994140625
2019-03-27,1822.949951171875
2019-03-28,1828.27001953125
2019-03-29,1835.3399658203125
2019-04-01,1843.010009765625
2019-04-02,1844.1500244140625
2019-04-03,1844.9300537109375
2019-04-04,1846.010009765625
2019-04-05,1848.27001953125
2019-04-08,1849.25
2019-04-09,1848.4000244140625
2019-04-10,1849.989990234375
2019-04-11,1850.43994140625
2019-04-12,1851.1700439453125
2019-04-15,1851.6800537109375
2019-04-16,1851.8199462890625
2019-04-17,1851.97998046875
2019-04-18,1852.010009765625
2019-04-22,1855.949951171875
2019-04-23,1861.1199951171875
2019-04-24,1859.469970703125
2019-04-25,1859.75
2019-04-26,1862.8599853515625
2019-04-29,1864.0
2019-04-30,1865.3900146484375
2019-05-01,1859.719970703125
2019-05-02,1860.300048828125
2019-05-03,1866.989990234375
2019-05-06,1863.9300537109375
2019-05-07,1846.02001953125
2019-05-08,1848.510009765625
2019-05-09,1843.47998046875
2019-05-10,1855.0699462890625
2019-05-13,1819.1099853515625
2019-05-14,1834.22998046875
2019-05-15,1846.1400146484375
2019-05-16,1861.8699951171875
2019-05-17,1840.280029296875
2019-05-20,1834.3399658203125
2019-05-21,1845.800048828125
2019-05-22,1844.2900390625
2019-05-23,1826.9599609375
2019-05-24,1834.4000244140625
2019-05-28,1822.6700439453125
2019-05-29,1809.9200439453125
2019-05-30,1816.3499755859375
2019-05-31,1794.0
2019-06-03,1789.0400390625
2019-06-04,1826.6700439453125
2019-06-05,1838.75
2019-06-06,1847.6300048828125
2019-06-07,1858.6300048828125
2019-06-10,1864.18994140625
2019-06-11,1865.030029296875
2019-06-12,1865.1800537109375
2019-06-13,1869.949951171875
2019-06-14,1870.97998046875
2019-06-17,1874.1300048828125
2019-06-18,1878.27001953125
2019-06-19,1880.9100341796875
2019-06-20,1881.5
2019-06-21,1881.5
2019-06-24,1879.6700439453125
2019-06-25,1869.0899658203125
2019-06-26,1868.5
2019-06-27,1873.3800048828125
2019-06-28,1883.719970703125
2019-07-01,1892.02001953125
2019-07-02,1897.3199462890625
2019-07-03,1900.800048828125
2019-07-05,1901.5
2019-07-08,1900.3599853515625
2019-07-09,1901.2900390625
2019-07-10,1904.260009765625
2019-07-11,1905.3199462890625
2019-07-12,1906.3699951171875
2019-07-15,1907.18994140625
2019-07-16,1907.3299560546875
2019-07-17,1907.239990234375
2019-07-18,1908.050048828125
2019-07-19,1908.06005859375
2019-07-22,1907.43994140625
2019-07-23,1914.510009765625
2019-07-24,1918.3800048828125
2019-07-25,1914.72998046875
2019-07-26,1920.0899658203125
2019-07-29,1920.5
2019-07-30,1917.3599853515625
2019-07-31,1905.8900146484375
2019-08-01,1894.6099853515625
2019-08-02,1888.3399658203125
2019-08-05,1825.5999755859375
2019-08-06,1858.8399658203125
2019-08-07,1858.5799560546875
2019-08-08,1894.3900146484375
2019-08-09,1884.02001953125
2019-08-12,1861.5
2019-08-13,1892.9200439453125
2019-08-14,1834.3599853515625
2019-08-15,1837.489990234375
2019-08-16,1855.510009765625
2019-08-19,1868.5400390625
2019-08-20,1863.219970703125
2019-08-21,1872.6099853515625
2019-08-22,1870.239990234375
2019-08-23,1847.3199462890625
2019-08-26,1859.0400390625
2019-08-27,1854.4100341796875
2019-08-28,1863.27001953125
2019-08-29,1874.8299560546875
2019-08-30,1872.6600341796875
2019-09-03,1871.77001953125
2019-09-04,1881.8199462890625
2019-09-05,1888.9100341796875
2019-09-06,1891.27001953125
2019-09-09,1893.0699462890625
2019-09-10,1893.8599853515625
2019-09-11,1895.3499755859375
2019-09-12,1895.8399658203125
2019-09-13,1896.300048828125
2019-09-16,1896.760009765625
2019-09-17,1897.1800537109375
2019-09-18,1897.300048828125
2019-09-19,1897.739990234375
2019-09-20,1889.5899658203125
2019-09-23,1893.8499755859375
2019-09-24,1881.7099609375
2019-09-25,1890.5
2019-09-26,1888.1700439453125
2019-09-27,1880.949951171875
2019-09-30,1893.0999755859375
2019-10-01,1870.72998046875
2019-10-02,1838.6800537109375
2019-10-03,1858.56005859375
2019-10-04,1881.1600341796875
2019-10-07,1874.6199951171875
2019-10-08,1848.3800048828125
2019-10-09,1864.3900146484375
2019-10-10,1877.43994140625
2019-10-11,1894.8299560546875
2019-10-14,1895.06005859375
2019-10-15,1912.5400390625
2019-10-16,1911.3299560546875
2019-10-17,1916.030029296875
2019-10-18,1916.030029296875
2019-10-21,1922.2099609375
2019-10-22,1919.3900146484375
2019-10-23,1922.8299560546875
2019-10-24,1925.6300048828125
2019-10-25,1929.8900146484375
2019-10-28,1933.43994140625
2019-10-29,1933.050048828125
2019-10-30,1936.0400390625
2019-10-31,1934.550048828125
2019-11-01,1938.93994140625
2019-11-04,1940.469970703125
2019-11-05,1940.800048828125
2019-11-06,1941.72998046875
2019-11-07,1942.27001953125
2019-11-08,1942.8499755859375
2019-11-11,1943.22998046875
2019-11-12,1943.4100341796875
2019-11-13,1943.510009765625
2019-11-14,1943.68994140625
2019-11-15,1945.75
2019-11-18,1947.010009765625
2019-11-19,1946.81005859375
2019-11-20,1944.6500244140625
2019-11-21,1942.8299560546875
2019-11-22,1945.699951171875
2019-11-25,1953.719970703125
2019-11-26,1955.9300537109375
2019-11-27,1958.3900146484375
2019-11-29,1956.280029296875
2019-12-02,1948.9599609375
2019-12-03,1941.8800048828125
2019-12-04,1948.780029296875
2019-12-05,1951.9000244140625
2019-12-06,1959.56005859375
2019-12-09,1957.5999755859375
2019-12-10,1957.780029296875
2019-12-11,1960.9000244140625
2019-12-12,1965.6800537109375
2019-12-13,1967.6600341796875
2019-12-16,1969.97998046875
2019-12-17,1970.6500244140625
2019-12-18,1970.93994140625
2019-12-19,1971.0899658203125
2019-12-20,1970.1600341796875
2019-12-23,1971.780029296875
2019-12-24,1972.260009765625
2019-12-26,1976.52001953125
2019-12-27,1974.8399658203125
2019-12-30,1970.5799560546875
2019-12-31,1974.6199951171875
2020-01-02,1982.530029296875
2020-01-03,1976.6400146484375
2020-01-06,1981.43994140625
2020-01-07,1980.8800048828125
2020-01-08,1983.9300537109375
2020-01-09,1987.9200439453125
2020-01-10,1987.8499755859375
2020-01-13,1990.6199951171875
2020-01-14,1990.7099609375
2020-01-15,1991.199951171875
2020-01-16,1991.4200439453125
2020-01-17,1993.3699951171875
2020-01-21,1990.7099609375
2020-01-22,1991.8599853515625
2020-01-23,1992.8599853515625
2020-01-24,1982.3900146484375
2020-01-27,1960.25
2020-01-28,1975.75
2020-01-29,1974.43994140625
2020-01-30,1980.5999755859375
2020-01-31,1953.1800537109375
2020-02-03,1966.47998046875
2020-02-04,1988.239990234375
2020-02-05,2000.8499755859375
2020-02-06,2004.52001953125
2020-02-07,2000.43994140625
2020-02-10,2007.8800048828125
2020-02-11,2009.550048828125
2020-02-12,2014.0999755859375
2020-02-13,2013.7900390625
2020-02-14,2015.4599609375
2020-02-18,2016.5799560546875
2020-02-19,2017.9000244140625
2020-02-20,2018.1400146484375
2020-02-21,2015.2099609375
2020-02-24,1969.050048828125
2020-02-25,1916.489990234375
2020-02-26,1908.780029296875
2020-02-27,1824.9200439453125
2020-02-28,1808.9599609375
2020-03-02,1894.7900390625
2020-03-03,1840.1300048828125
2020-03-04,1917.0400390625
2020-03-05,1853.7900390625
2020-03-06,1821.3599853515625
2020-03-09,1679.8800048828125
2020-03-10,1767.469970703125
2020-03-11,1680.5799560546875
2020-03-12,1515.2099609375
2020-03-13,2050.280029296875
2020-03-16,1468.31005859375
2020-03-17,1553.93994140625
2020-03-18,1478.0699462890625
2020-03-19,1480.3699951171875
2020-03-20,1455.3699951171875
2020-03-23,1434.3800048828125
2020-03-24,1513.739990234375
2020-03-25,1514.260009765625
2020-03-26,1548.97998046875
2020-03-27,1533.9100341796875
2020-03-30,1565.31005859375
2020-03-31,1566.260009765625
2020-04-01,1539.93994140625
2020-04-02,1562.3800048828125
2020-04-03,1562.0799560546875
2020-04-06,1592.4100341796875
2020-04-07,1593.93994140625
2020-04-08,1603.530029296875
2020-04-09,1606.719970703125
2020-04-13,1608.8299560546875
2020-04-14,1609.18994140625
2020-04-15,1609.3399658203125
2020-04-16,1609.489990234375
2020-04-17,1619.93994140625
2020-04-20,1603.8199462890625
2020-04-21,1575.8800048828125
2020-04-22,1602.800048828125
2020-04-23,1605.4000244140625
2020-04-24,1625.3599853515625
2020-04-27,1640.75
2020-04-28,1637.47998046875
2020-04-29,1653.9300537109375
2020-04-30,1648.1800537109375
2020-05-01,1630.3900146484375
2020-05-04,1639.3800048828125
2020-05-05,1648.47998046875
2020-05-06,1645.739990234375
2020-05-07,1657.4599609375
2020-05-08,1669.3900146484375
2020-05-11,1672.4200439453125
2020-05-12,1665.02001953125
2020-05-13,1655.199951171875
2020-05-14,1671.8199462890625
2020-05-15,1680.8399658203125
2020-05-18,1702.1099853515625
2020-05-19,1695.989990234375
2020-05-20,1707.7900390625
2020-05-21,1703.969970703125
2020-05-22,1707.0400390625
2020-05-26,1714.4100341796875
2020-05-27,1719.4100341796875
2020-05-28,1718.219970703125
2020-05-29,1721.43994140625
2020-06-01,1723.5400390625
2020-06-02,1726.3599853515625
2020-06-03,1729.56005859375
2020-06-04,1729.739990234375
2020-06-05,1731.7099609375
2020-06-08,1732.1700439453125
2020-06-09,1731.9200439453125
2020-06-10,1732.1199951171875
2020-06-11,1719.489990234375
2020-06-12,1727.8900146484375
2020-06-15,1731.75
2020-06-16,1732.969970703125
2020-06-17,1733.22998046875
2020-06-18,1733.3299560546875
2020-06-19,1721.81005859375
2020-06-22,1732.2900390625
2020-06-23,1737.0799560546875
2020-06-24,1711.52001953125
2020-06-25,1726.4300537109375
2020-06-26,1698.8199462890625
2020-06-29,1722.4100341796875
2020-06-30,1739.4000244140625
2020-07-01,1747.449951171875
2020-07-02,1756.5999755859375
2020-07-06,1766.6600341796875
2020-07-07,1760.7099609375
2020-07-08,1768.43994140625
2020-07-09,1765.8800048828125
2020-07-10,1775.5999755859375
2020-07-13,1769.43994140625
2020-07-14,1778.6800537109375
2020-07-15,1783.0699462890625
2020-07-16,1783.989990234375
2020-07-17,1787.1300048828125
2020-07-20,1796.8800048828125
2020-07-21,1797.0799560546875
2020-07-22,1802.8199462890625
2020-07-23,1793.5
2020-07-24,1791.25
2020-07-27,1800.0
2020-07-28,1795.56005859375
2020-07-29,1806.6500244140625
2020-07-30,1803.010009765625
2020-07-31,1810.739990234375
2020-08-03,1815.8699951171875
2020-08-04,1818.8399658203125
2020-08-05,1822.699951171875
2020-08-06,1825.6700439453125
2020-08-07,1826.760009765625
2020-08-10,1828.739990234375
2020-08-11,1825.6700439453125
2020-08-12,1830.719970703125
2020-08-13,1831.3299560546875
2020-08-14,1832.3699951171875
2020-08-17,1833.1800537109375
2020-08-18,1833.300048828125
2020-08-19,1833.22998046875
2020-08-20,1833.5699462890625
2020-08-21,1837.280029296875
2020-08-24,1845.3299560546875
2020-08-25,1847.8499755859375
2020-08-26,1851.0
2020-08-27,1851.3699951171875
2020-08-28,1856.699951171875
2020-08-31,1847.3599853515625
2020-09-01,1857.8599853515625
2020-09-02,1861.0699462890625
2020-09-03,1842.5400390625
2020-09-04,1840.949951171875
2020-09-08,1819.949951171875
2020-09-09,1841.8599853515625
2020-09-10,1826.8399658203125
2020-09-11,1831.3499755859375
2020-09-14,1850.81005859375
2020-09-15,1858.0699462890625
2020-09-16,1858.68994140625
2020-09-17,1851.8499755859375
2020-09-18,1848.530029296875
2020-09-21,1836.6800537109375
2020-09-22,1848.97998046875
2020-09-23,1822.469970703125
2020-09-24,1827.0
2020-09-25,1848.1700439453125
2020-09-28,1863.489990234375
2020-09-29,1859.199951171875
2020-09-30,1867.030029296875
2020-10-01,1871.7900390625
2020-10-02,1867.239990234375
2020-10-05,1882.1400146484375
2020-10-06,1874.239990234375
2020-10-07,1887.449951171875
2020-10-08,1893.030029296875
2020-10-09,1896.010009765625
2020-10-12,1897.06005859375
2020-10-13,1897.3399658203125
2020-10-14,1897.3599853515625
2020-10-15,1897.6400146484375
2020-10-16,1892.4100341796875
2020-10-19,1877.06005859375
2020-10-20,1881.8900146484375
2020-10-21,1881.3699951171875
2020-10-22,1887.989990234375
2020-10-23,1893.239990234375
2020-10-26,1868.0699462890625
2020-10-27,1864.6500244140625
2020-10-28,1811.5799560546875
2020-10-29,1830.300048828125
2020-10-30,1812.0899658203125
2020-11-02,1834.199951171875
2020-11-03,1860.6400146484375
2020-11-04,1894.8399658203125
2020-11-05,1917.3199462890625
2020-11-06,1922.8800048828125
2020-11-09,1932.5699462890625
2020-11-10,1935.6500244140625
2020-11-11,1943.2099609375
2020-11-12,1937.31005859375
2020-11-13,1947.5999755859375
2020-11-16,1953.22998046875
2020-11-17,1953.449951171875
2020-11-18,1952.760009765625
2020-11-19,1954.6800537109375
2020-11-20,1948.6700439453125
2020-11-23,1957.6800537109375
2020-11-24,1970.8399658203125
2020-11-25,1970.8399658203125
2020-11-27,1973.219970703125
2020-11-30,1972.699951171875
2020-12-01,1979.300048828125
2020-12-02,1980.47998046875
2020-12-03,1981.3199462890625
2020-12-04,1986.77001953125
2020-12-07,1987.9300537109375
2020-12-08,1989.719970703125
2020-12-09,1987.6600341796875
2020-12-10,1988.530029296875
2020-12-11,1988.25
2020-12-14,1988.4300537109375
2020-12-15,1992.780029296875
2020-12-16,1993.8800048828125
2020-12-17,1994.1800537109375
2020-12-18,2000.4100341796875
2020-12-21,1992.2099609375
2020-12-22,1992.949951171875
2020-12-23,1996.780029296875
2020-12-24,2003.3199462890625
2020-12-28,2012.4100341796875
2020-12-29,2010.489990234375
2020-12-30,2012.6300048828125
2020-12-31,2016.699951171875
2021-01-04,2006.25
2021-01-05,2013.8699951171875
2021-01-06,2017.800048828125
2021-01-07,2030.31005859375
2021-01-08,2032.5400390625
2021-01-11,2031.8299560546875
2021-01-12,2034.0899658203125
2021-01-13,2035.5
2021-01-14,2035.8399658203125
2021-01-15,2035.43994140625
2021-01-19,2044.2900390625
2021-01-20,2056.090087890625
2021-01-21,2057.260009765625
2021-01-22,2056.10009765625
2021-01-25,2058.330078125
2021-01-26,2057.43994140625
2021-01-27,2027.739990234375
2021-01-28,2039.5899658203125
2021-01-29,2021.5400390625
2021-02-01,2043.0999755859375
2021-02-02,2058.830078125
2021-02-03,2063.2900390625
2021-02-04,2071.3798828125
2021-02-05,2075.070068359375
2021-02-08,2077.820068359375
2021-02-09,2078.02001953125
2021-02-10,2077.830078125
2021-02-11,2079.18994140625
2021-02-12,2081.35009765625
2021-02-16,2079.52001953125
2021-02-17,2081.969970703125
2021-02-18,2082.239990234375
2021-02-19,2076.25
2021-02-22,2067.969970703125
2021-02-23,2070.1298828125
2021-02-24,2084.77001953125
2021-02-25,2044.93994140625
2021-02-26,2050.22998046875
2021-03-01,2081.0
2021-03-02,2070.89990234375
2021-03-03,2051.570068359375
2021-03-04,2030.3699951171875
2021-03-05,2062.530029296875
2021-03-08,2054.7099609375
2021-03-09,2077.550048828125
2021-03-10,2089.110107421875
2021-03-11,2101.780029296875
2021-03-12,2106.800048828125
2021-03-15,2113.419921875
2021-03-16,2113.47998046875
2021-03-17,2117.1298828125
2021-03-18,2110.5400390625
2021-03-19,2112.35009765625
2021-03-22,2124.7099609375
2021-03-23,2115.989990234375
2021-03-24,2111.260009765625
2021-03-25,2119.159912109375
2021-03-26,2132.8798828125
2021-03-29,2131.239990234375
2021-03-30,2133.030029296875
2021-03-31,2137.6201171875
2021-04-01,2143.590087890625
2021-04-05,2147.340087890625
2021-04-06,2147.699951171875
2021-04-07,2148.889892578125
2021-04-08,2149.800048828125
2021-04-09,2150.580078125
2021-04-12,2150.89990234375
2021-04-13,2150.929931640625
2021-04-14,2150.889892578125
2021-04-15,2151.050048828125
2021-04-16,2152.3701171875
2021-04-19,2147.800048828125
2021-04-20,2138.06005859375
2021-04-21,2149.969970703125
2021-04-22,2139.159912109375
2021-04-23,2154.0400390625
2021-04-26,2156.919921875
2021-04-27,2157.60009765625
2021-04-28,2159.02001953125
2021-04-29,2163.919921875
2021-04-30,2158.889892578125
2021-05-03,2163.169921875
2021-05-04,2157.199951171875
2021-05-05,2158.090087890625
2021-05-06,2167.75
2021-05-07,2174.85009765625
2021-05-10,2167.1298828125
2021-05-11,2156.530029296875
2021-05-12,2121.81005859375
2021-05-13,2144.639892578125
2021-05-14,2169.840087890625
2021-05-17,2169.580078125
2021-05-18,2158.27001953125
2021-05-19,2154.820068359375
2021-05-20,2175.7900390625
2021-05-21,2182.81005859375
2021-05-24,2197.340087890625
2021-05-25,2195.68994140625
2021-05-26,2200.239990234375
2021-05-27,2203.199951171875
2021-05-28,2205.5
2021-06-01,2204.989990234375
2021-06-02,2208.800048828125
2021-06-03,2205.2900390625
2021-06-04,2214.56005859375
2021-06-07,2216.320068359375
2021-06-08,2215.929931640625
2021-06-09,2214.590087890625
2021-06-10,2220.39990234375
2021-06-11,2221.949951171875
2021-06-14,2223.050048828125
2021-06-15,2222.669921875
2021-06-16,2220.780029296875
2021-06-17,2224.3798828125
2021-06-18,2219.97998046875
2021-06-21,2238.1201171875
2021-06-22,2244.110107421875
2021-06-23,2245.0
2021-06-24,2248.43994140625
2021-06-25,2251.550048828125
2021-06-28,2253.070068359375
2021-06-29,2253.340087890625
2021-06-30,2254.159912109375
2021-07-01,2256.239990234375
2021-07-02,2257.949951171875
2021-07-06,2257.89990234375
2021-07-07,2258.89990234375
2021-07-08,2256.52001953125
2021-07-09,2259.739990234375
2021-07-12,2260.60009765625
2021-07-13,2260.47998046875
2021-07-14,2260.800048828125
2021-07-15,2259.800048828125
2021-07-16,2254.47998046875
2021-07-19,2233.64990234375
2021-07-20,2254.110107421875
2021-07-21,2265.89990234375
2021-07-22,2268.429931640625
2021-07-23,2277.2900390625
2021-07-26,2279.75
2021-07-27,2275.919921875
2021-07-28,2277.56005859375
2021-07-29,2282.1298828125
2021-07-30,2278.4599609375
2021-08-02,2277.68994140625
2021-08-03,2286.22998046875
2021-08-04,2283.800048828125
2021-08-05,2288.659912109375
2021-08-06,2291.989990234375
2021-08-09,2292.840087890625
2021-08-10,2293.7099609375
2021-08-11,2295.909912109375
2021-08-12,2297.02001953125
2021-08-13,2298.06005859375
2021-08-16,2298.419921875
2021-08-17,2297.8798828125
2021-08-18,2294.489990234375
2021-08-19,2298.3701171875
2021-08-20,2303.330078125
2021-08-23,2314.3701171875
2021-08-24,2316.030029296875
2021-08-25,2318.570068359375
2021-08-26,2312.530029296875
2021-08-27,2322.27001953125
2021-08-30,2325.739990234375
2021-08-31,2325.110107421875
2021-09-01,2326.25
2021-09-02,2327.330078125
2021-09-03,2328.7099609375
2021-09-07,2328.280029296875
2021-09-08,2328.989990234375
2021-09-09,2326.889892578125
2021-09-10,2320.449951171875
2021-09-13,2327.090087890625
2021-09-14,2326.39990234375
2021-09-15,2333.139892578125
2021-09-16,2334.300048828125
2021-09-17,2332.89990234375
2021-09-20,2308.3798828125
2021-09-21,2308.64990234375
2021-09-22,2326.919921875
2021-09-23,2344.449951171875
2021-09-24,2348.760009765625
2021-09-27,2347.64990234375
2021-09-28,2314.35009765625
2021-09-29,2318.68994140625
2021-09-30,2296.169921875
2021-10-01,2320.5400390625
2021-10-04,2296.929931640625
2021-10-05,2317.75
2021-10-06,2327.110107421875
2021-10-07,2343.510009765625
2021-10-08,2343.760009765625
2021-10-11,2330.580078125
2021-10-12,2326.14990234375
2021-10-13,2334.580078125
2021-10-14,2370.429931640625
2021-10-15,2376.60009765625
2021-10-18,2380.830078125
2021-10-19,2388.429931640625
2021-10-20,2391.6201171875
2021-10-21,2394.409912109375
2021-10-22,2393.409912109375
2021-10-25,2398.10009765625
2021-10-26,2397.590087890625
2021-10-27,2393.760009765625
2021-10-28,2400.43994140625
2021-10-29,2401.199951171875
2021-11-01,2403.75
2021-11-02,2405.919921875
2021-11-03,2408.739990234375
2021-11-04,2409.8701171875
2021-11-05,2410.389892578125
2021-11-08,2411.300048828125
2021-11-09,2411.110107421875
2021-11-10,2410.389892578125
2021-11-11,2411.89990234375
2021-11-12,2413.31005859375
2021-11-15,2413.72998046875
2021-11-16,2413.75
2021-11-17,2413.8701171875
2021-11-18,2413.9599609375
2021-11-19,2411.1298828125
2021-11-22,2407.780029296875
2021-11-23,2411.169921875
2021-11-24,2414.56005859375
2021-11-26,2374.89990234375
2021-11-29,2401.2099609375
2021-11-30,2368.659912109375
2021-12-01,2340.97998046875
2021-12-02,2372.860107421875
2021-12-03,2357.2099609375
2021-12-06,2383.659912109375
2021-12-07,2419.580078125
2021-12-08,2426.429931640625
2021-12-09,2417.320068359375
2021-12-10,2433.469970703125
2021-12-13,2423.320068359375
2021-12-14,2411.969970703125
2021-12-15,2439.090087890625
2021-12-16,2429.68994140625
2021-12-17,2410.35009765625
2021-12-20,2396.419921875
2021-12-21,2421.179931640625
2021-12-22,2436.080078125
2021-12-23,2443.489990234375
2021-12-27,2454.739990234375
2021-12-28,2455.25
2021-12-29,2457.5400390625
2021-12-30,2456.5
2021-12-31,2456.080078125
2022-01-03,2461.139892578125
2022-01-04,2461.330078125
2022-01-05,2447.02001953125
2022-01-06,2447.60009765625
2022-01-07,2447.85009765625
2022-01-10,2449.260009765625
2022-01-11,2457.0
2022-01-12,2461.199951171875
2022-01-13,2448.68994140625
2022-01-14,2453.6298828125
2022-01-18,2429.110107421875
2022-01-19,2408.2099609375
2022-01-20,2380.830078125
2022-01-21,2350.6298828125
2022-01-24,2354.969970703125
2022-01-25,2342.719970703125
2022-01-26,2336.679931640625
2022-01-27,2332.27001953125
2022-01-28,2371.60009765625
2022-01-31,2397.860107421875
2022-02-01,2409.97998046875
2022-02-02,2418.3701171875
2022-02-03,2393.39990234375
2022-02-04,2404.0
2022-02-07,2405.22998046875
2022-02-08,2415.830078125
2022-02-09,2427.5400390625
2022-02-10,2412.3798828125
2022-02-11,2386.969970703125
2022-02-14,2387.340087890625
2022-02-15,2416.669921875
2022-02-16,2424.080078125
2022-02-17,2385.280029296875
2022-02-18,2387.56005859375
2022-02-22,2377.77001953125
2022-02-23,2352.31005859375
2022-02-24,2376.800048828125
2022-02-25,2406.169921875
2022-02-28,2402.780029296875
2022-03-01,2379.719970703125
2022-03-02,2407.760009765625
2022-03-03,2404.27001953125
2022-03-04,2395.669921875
2022-03-07,2351.7099609375
2022-03-08,2339.7900390625
2022-03-09,2389.219970703125
2022-03-10,2386.909912109375
2022-03-11,2362.18994140625
2022-03-14,2349.610107421875
2022-03-15,2396.389892578125
2022-03-16,2440.89990234375
2022-03-17,2456.60009765625
2022-03-18,2467.60009765625
2022-03-21,2471.659912109375
2022-03-22,2482.429931640625
2022-03-23,2472.0
2022-03-24,2486.5
2022-03-25,2492.419921875
2022-03-28,2499.989990234375
2022-03-29,2505.22998046875
2022-03-30,2504.22998046875
2022-03-31,2498.239990234375
2022-04-01,2504.31005859375
2022-04-04,2509.280029296875
2022-04-05,2504.1298828125
2022-04-06,2500.02001953125
2022-04-07,2504.580078125
2022-04-08,2506.080078125
2022-04-11,2495.1298828125
2022-04-12,2495.840087890625
2022-04-13,2511.64990234375
2022-04-14,2501.320068359375
2022-04-18,2505.22998046875
2022-04-19,2525.139892578125
2022-04-20,2526.60009765625
2022-04-21,2506.93994140625
2022-04-22,2460.02001953125
2022-04-25,2473.239990234375
2022-04-26,2414.570068359375
2022-04-27,2421.889892578125
2022-04-28,2471.159912109375
2022-04-29,2393.800048828125
2022-05-02,2409.0
2022-05-03,2420.010009765625
2022-05-04,2484.780029296875
2022-05-05,2407.159912109375
2022-05-06,2394.31005859375
2022-05-09,2318.919921875
2022-05-10,2324.1201171875
2022-05-11,2287.81005859375
2022-05-12,2283.469970703125
2022-05-13,2338.590087890625
2022-05-16,2332.010009765625
2022-05-17,2377.300048828125
2022-05-18,2283.719970703125
2022-05-19,2267.550048828125
2022-05-20,2297.780029296875
2022-05-23,2318.43994140625
2022-05-24,2312.070068359375
2022-05-25,2322.60009765625
2022-05-26,2338.610107421875
2022-05-27,2351.199951171875
2022-05-31,2351.169921875
2022-06-01,2351.1201171875
2022-06-02,2357.77001953125
2022-06-03,2355.1298828125
2022-06-06,2358.0400390625
2022-06-07,2361.280029296875
2022-06-08,2360.949951171875
2022-06-09,2352.699951171875
2022-06-10,2332.7099609375
2022-06-13,2274.919921875
2022-06-14,2271.389892578125
2022-06-15,2304.590087890625
2022-06-16,2237.9599609375
2022-06-17,2234.39990234375
2022-06-21,2260.090087890625
2022-06-22,2261.699951171875
2022-06-23,2269.010009765625
2022-06-24,2284.610107421875
2022-06-27,2287.139892578125
2022-06-28,2279.6201171875
2022-06-29,2280.570068359375
2022-06-30,2277.2900390625
2022-07-01,2286.340087890625
2022-07-05,2289.35009765625
2022-07-06,2292.43994140625
2022-07-07,2296.35009765625
2022-07-08,2297.81005859375
2022-07-11,2298.389892578125
2022-07-12,2297.25
2022-07-13,2298.860107421875
2022-07-14,2299.43994140625
2022-07-15,2301.75
2022-07-18,2293.909912109375
2022-07-19,2319.070068359375
2022-07-20,2325.909912109375
2022-07-21,2335.510009765625
2022-07-22,2331.7099609375
2022-07-25,2335.06005859375
2022-07-26,2324.830078125
2022-07-27,2344.27001953125
2022-07-28,2350.739990234375
2022-07-29,2356.10009765625
2022-08-01,2355.570068359375
2022-08-02,2353.860107421875
2022-08-03,2359.070068359375
2022-08-04,2359.820068359375
2022-08-05,2360.56005859375
2022-08-08,2361.419921875
2022-08-09,2361.3701171875
2022-08-10,2362.89990234375
2022-08-11,2363.070068359375
2022-08-12,2363.4599609375
2022-08-15,2363.800048828125
2022-08-16,2363.89990234375
2022-08-17,2364.02001953125
2022-08-18,2364.1201171875
2022-08-19,2364.719970703125
2022-08-22,2336.330078125
2022-08-23,2333.340087890625
2022-08-24,2341.139892578125
2022-08-25,2362.3701171875
2022-08-26,2305.719970703125
2022-08-29,2293.570068359375
2022-08-30,2271.5400390625
2022-08-31,2255.35009765625
2022-09-01,2263.550048828125
2022-09-02,2239.9599609375
2022-09-06,2232.489990234375
2022-09-07,2272.06005859375
2022-09-08,2286.5
2022-09-09,2321.780029296875
2022-09-12,2344.93994140625
2022-09-13,2245.68994140625
2022-09-14,2254.27001953125
2022-09-15,2228.85009765625
2022-09-16,2219.93994140625
2022-09-19,2230.2099609375
2022-09-20,2218.31005859375
2022-09-21,2198.1298828125
2022-09-22,2191.080078125
2022-09-23,2166.469970703125
2022-09-26,2150.570068359375
2022-09-27,2147.530029296875
2022-09-28,2180.669921875
2022-09-29,2148.31005859375
2022-09-30,2122.14990234375
2022-10-03,2170.719970703125
2022-10-04,2217.31005859375
2022-10-05,2216.97998046875
2022-10-06,2201.550048828125
2022-10-07,2156.02001953125
2022-10-10,2141.39990234375
2022-10-11,2129.06005859375
2022-10-12,2122.81005859375
2022-10-13,2175.260009765625
2022-10-14,2130.9599609375
2022-10-17,2183.679931640625
2022-10-18,2209.510009765625
2022-10-19,2196.18994140625
2022-10-20,2177.639892578125
2022-10-21,2183.56005859375
2022-10-24,2195.10009765625
2022-10-25,2207.780029296875
2022-10-26,2206.389892578125
2022-10-27,2204.93994140625
2022-10-28,2218.469970703125
2022-10-31,2218.929931640625
2022-11-01,2218.27001953125
2022-11-02,2206.110107421875
2022-11-03,2200.669921875
2022-11-04,2213.590087890625
2022-11-07,2222.669921875
2022-11-08,2224.81005859375
2022-11-09,2215.02001953125
2022-11-10,2234.760009765625
2022-11-11,2235.739990234375
2022-11-14,2236.60009765625
2022-11-15,2236.889892578125
2022-11-16,2237.22998046875
2022-11-17,2237.4599609375
2022-11-18,2240.8701171875
2022-11-21,2241.580078125
2022-11-22,2256.610107421875
2022-11-23,2264.0
2022-11-25,2265.8701171875
2022-11-28,2252.43994140625
2022-11-29,2251.39990234375
2022-11-30,2277.800048828125
2022-12-01,2278.530029296875
2022-12-02,2280.25
2022-12-05,2269.179931640625
2022-12-06,2253.419921875
2022-12-07,2252.090087890625
2022-12-08,2262.360107421875
2022-12-09,2256.02001953125
2022-12-12,2268.93994140625
2022-12-13,2285.340087890625
2022-12-14,2290.489990234375
2022-12-15,2265.719970703125
2022-12-16,2255.090087890625
2022-12-19,2249.590087890625
2022-12-20,2252.9599609375
2022-12-21,2270.97998046875
2022-12-22,2254.419921875
2022-12-23,2262.97998046875
2022-12-27,2261.719970703125
2022-12-28,2246.3701171875
2022-12-29,2269.070068359375
2022-12-30,2267.97998046875
2023-01-03,2266.14990234375
2023-01-04,2277.330078125
2023-01-05,2264.419921875
2023-01-06,2292.179931640625
2023-01-09,2293.909912109375
2023-01-10,2301.169921875
2023-01-11,2306.739990234375
2023-01-12,2313.4599609375
2023-01-13,2314.949951171875
2023-01-17,2316.68994140625
2023-01-18,2316.6298828125
2023-01-19,2317.330078125
2023-01-20,2325.7900390625
2023-01-23,2336.31005859375
2023-01-24,2336.860107421875
2023-01-25,2338.52001953125
2023-01-26,2345.169921875
2023-01-27,2347.77001953125
2023-01-30,2341.06005859375
2023-01-31,2349.590087890625
2023-02-01,2355.389892578125
2023-02-02,2358.360107421875
2023-02-03,2358.030029296875
2023-02-06,2358.449951171875
2023-02-07,2361.570068359375
2023-02-08,2360.6298828125
2023-02-09,2358.429931640625
2023-02-10,2360.969970703125
2023-02-13,2364.179931640625
2023-02-14,2365.300048828125
2023-02-15,2365.780029296875
2023-02-16,2365.830078125
2023-02-17,2373.580078125
2023-02-21,2351.02001953125
2023-02-22,2351.75
2023-02-23,2361.239990234375
2023-02-24,2346.739990234375
2023-02-27,2355.10009765625
2023-02-28,2350.820068359375
2023-03-01,2345.10009765625
2023-03-02,2358.800048828125
2023-03-03,2383.8701171875
2023-03-06,2387.239990234375
2023-03-07,2365.969970703125
2023-03-08,2370.409912109375
2023-03-09,2333.8798828125
2023-03-10,2303.2900390625
2023-03-13,2301.169921875
2023-03-14,2339.110107421875
2023-03-15,2326.409912109375
2023-03-16,2364.800048828125
2023-03-17,2363.43994140625
2023-03-20,2378.030029296875
2023-03-21,2394.219970703125
2023-03-22,2379.93994140625
2023-03-23,2381.18994140625
2023-03-24,2390.909912109375
2023-03-27,2398.030029296875
2023-03-28,2399.39990234375
2023-03-29,2410.929931640625
2023-03-30,2414.97998046875
2023-03-31,2421.179931640625
2023-04-03,2425.739990234375
2023-04-04,2425.320068359375
2023-04-05,2425.97998046875
2023-04-06,2428.320068359375
2023-04-10,2430.9599609375
2023-04-11,2431.590087890625
2023-04-12,2432.159912109375
2023-04-13,2433.840087890625
2023-04-14,2434.5400390625
2023-04-17,2435.7099609375
2023-04-18,2436.06005859375
2023-04-19,2436.4599609375
2023-04-20,2436.8798828125
2023-04-21,2439.60009765625
2023-04-24,2443.429931640625
2023-04-25,2422.320068359375
2023-04-26,2419.260009765625
2023-04-27,2445.47998046875
2023-04-28,2455.199951171875
2023-05-01,2457.31005859375
2023-05-02,2445.0
2023-05-03,2437.85009765625
2023-05-04,2427.860107421875
2023-05-05,2455.699951171875
2023-05-08,2460.860107421875
2023-05-09,2457.050048828125
2023-05-10,2464.610107421875
2023-05-11,2465.22998046875
2023-05-12,2466.030029296875
2023-05-15,2473.5400390625
2023-05-16,2467.739990234375
2023-05-17,2478.830078125
2023-05-18,2480.419921875
2023-05-19,2482.35009765625
2023-05-22,2484.580078125
2023-05-23,2469.360107421875
2023-05-24,2457.300048828125
2023-05-25,2471.679931640625
2023-05-26,2489.909912109375
2023-05-30,2494.85009765625
2023-05-31,2490.669921875
2023-06-01,2504.47998046875
2023-06-02,2516.3701171875
2023-06-05,2517.909912109375
2023-06-06,2520.3701171875
2023-06-07,2520.5
2023-06-08,2523.239990234375
2023-06-09,2524.7099609375
2023-06-12,2526.8701171875
2023-06-13,2527.969970703125
2023-06-14,2528.77001953125
2023-06-15,2529.27001953125
2023-06-16,2527.320068359375
2023-06-20,2523.820068359375
2023-06-21,2518.9599609375
2023-06-22,2525.639892578125
2023-06-23,2514.81005859375
2023-06-26,2508.679931640625
2023-06-27,2528.8701171875
2023-06-28,2530.2900390625
2023-06-29,2536.6201171875
2023-06-30,2552.280029296875
2023-07-03,2553.85009765625
2023-07-05,2553.280029296875
2023-07-06,2544.22998046875
2023-07-07,2543.929931640625
2023-07-10,2548.699951171875
2023-07-11,2557.469970703125
2023-07-12,2565.9599609375
2023-07-13,2570.159912109375
2023-07-14,2571.35009765625
2023-07-17,2573.6201171875
2023-07-18,2574.31005859375
2023-07-19,2574.820068359375
2023-07-20,2575.25
2023-07-21,2572.360107421875
2023-07-24,2579.06005859375
2023-07-25,2581.590087890625
2023-07-26,2584.699951171875
2023-07-27,2576.8701171875
2023-07-28,2588.550048828125
2023-07-31,2592.8701171875
2023-08-01,2590.6298828125
2023-08-02,2573.659912109375
2023-08-03,2569.080078125
2023-08-04,2563.7900390625
2023-08-07,2582.14990234375
2023-08-08,2575.820068359375
2023-08-09,2563.8798828125
2023-08-10,2565.3798828125
2023-08-11,2565.0400390625
2023-08-14,2579.909912109375
2023-08-15,2553.10009765625
2023-08-16,2533.919921875
2023-08-17,2514.5
2023-08-18,2496.02001953125
2023-08-21,2505.139892578125
2023-08-22,2504.719970703125
2023-08-23,2515.219970703125
2023-08-24,2504.919921875
2023-08-25,2514.010009765625
2023-08-28,2521.639892578125
2023-08-29,2528.85009765625
2023-08-30,2531.14990234375
2023-08-31,2532.050048828125
2023-09-01,2533.330078125
2023-09-05,2534.7099609375
2023-09-06,2534.300048828125
2023-09-07,2534.669921875
2023-09-08,2536.449951171875
2023-09-11,2538.840087890625
2023-09-12,2539.0
2023-09-13,2539.97998046875
2023-09-14,2540.419921875
2023-09-15,2536.320068359375
2023-09-18,2538.590087890625
2023-09-19,2536.800048828125
2023-09-20,2523.800048828125
2023-09-21,2493.800048828125
2023-09-22,2489.6298828125
2023-09-25,2500.56005859375
2023-09-26,2469.6298828125
2023-09-27,2469.75
2023-09-28,2483.199951171875
2023-09-29,2479.179931640625
2023-10-02,2480.35009765625
2023-10-03,2449.10009765625
2023-10-04,2465.530029296875
2023-10-05,2464.35009765625
2023-10-06,2491.610107421875
2023-10-09,2508.070068359375
2023-10-10,2520.64990234375
2023-10-11,2531.4599609375
2023-10-12,2518.050048828125
2023-10-13,2506.2099609375
2023-10-16,2532.260009765625
2023-10-17,2532.820068359375
2023-10-18,2499.570068359375
2023-10-19,2477.159912109375
2023-10-20,2473.860107421875
2023-10-23,2476.260009765625
2023-10-24,2487.35009765625
2023-10-25,2470.340087890625
2023-10-26,2452.72998046875
2023-10-27,2446.010009765625
2023-10-30,2469.719970703125
2023-10-31,2482.4599609375
2023-11-01,2499.35009765625
2023-11-02,2517.469970703125
2023-11-03,2523.320068359375
2023-11-06,2526.570068359375
2023-11-07,2528.050048828125
2023-11-08,2529.320068359375
2023-11-09,2528.320068359375
2023-11-10,2531.330078125
2023-11-13,2532.75
2023-11-14,2533.31005859375
2023-11-15,2533.830078125
2023-11-16,2534.330078125
2023-11-17,2536.489990234375
2023-11-20,2546.070068359375
2023-11-21,2545.18994140625
2023-11-22,2549.530029296875
2023-11-24,2552.260009765625
2023-11-27,2553.43994140625
2023-11-28,2554.72998046875
2023-11-29,2553.570068359375
2023-11-30,2557.139892578125
2023-12-01,2561.260009765625
2023-12-04,2560.85009765625
2023-12-05,2561.969970703125
2023-12-06,2560.409912109375
2023-12-07,2564.81005859375
2023-12-08,2568.18994140625
2023-12-11,2570.6298828125
2023-12-12,2571.550048828125
2023-12-13,2572.02001953125
2023-12-14,2572.47998046875
2023-12-15,2571.139892578125
2023-12-18,2577.820068359375
2023-12-19,2583.050048828125
2023-12-20,2567.929931640625
2023-12-21,2578.550048828125
2023-12-22,2582.090087890625
2023-12-26,2589.0400390625
2023-12-27,2592.5
2023-12-28,2592.93994140625
2023-12-29,2592.760009765625
2024-01-02,2590.81005859375
2024-01-03,2582.080078125
2024-01-04,2578.699951171875
2024-01-05,2582.659912109375
2024-01-08,2600.080078125
2024-01-09,2600.679931640625
2024-01-10,2604.68994140625
2024-01-11,2606.02001953125
2024-01-12,2607.510009765625
2024-01-16,2609.3701171875
2024-01-17,2608.199951171875
2024-01-18,2612.139892578125
2024-01-19,2620.860107421875
2024-01-22,2625.39990234375
2024-01-23,2629.300048828125
2024-01-24,2629.659912109375
2024-01-25,2632.760009765625
2024-01-26,2633.530029296875
2024-01-29,2638.2900390625
2024-01-30,2639.14990234375
2024-01-31,2629.719970703125
2024-02-01,2638.8798828125
2024-02-02,2642.719970703125
2024-02-05,2644.409912109375
2024-02-06,2646.159912109375
2024-02-07,2647.3798828125
2024-02-08,2648.010009765625
2024-02-09,2648.429931640625
2024-02-12,2649.72998046875
2024-02-13,2649.699951171875
2024-02-14,2650.72998046875
2024-02-15,2651.219970703125
2024-02-16,2645.31005859375
2024-02-20,2640.260009765625
2024-02-21,2642.739990234375
2024-02-22,2664.929931640625
2024-02-23,2667.919921875
2024-02-26,2667.889892578125
2024-02-27,2670.669921875
2024-02-28,2670.25
2024-02-29,2673.169921875
2024-03-01,2678.360107421875
2024-03-04,2679.719970703125
2024-03-05,2674.72998046875
2024-03-06,2678.389892578125
2024-03-07,2682.56005859375
2024-03-08,2682.14990234375
2024-03-11,2683.840087890625
2024-03-12,2686.93994140625
2024-03-13,2687.550048828125
2024-03-14,2687.840087890625
2024-03-15,2688.1298828125
2024-03-18,2697.340087890625
2024-03-19,2704.469970703125
2024-03-20,2713.169921875
2024-03-21,2716.050048828125
2024-03-22,2716.0
2024-03-25,2716.97998046875
2024-03-26,2716.469970703125
2024-03-27,2722.610107421875
2024-03-28,2722.639892578125
2024-04-01,2724.260009765625
2024-04-02,2720.739990234375
2024-04-03,2722.469970703125
2024-04-04,2709.090087890625
2024-04-05,2720.199951171875
2024-04-08,2725.300048828125
2024-04-09,2727.409912109375
2024-04-10,2719.989990234375
2024-04-11,2728.68994140625
2024-04-12,2714.590087890625
2024-04-15,2696.5400390625
2024-04-16,2695.10009765625
2024-04-17,2681.89990234375
2024-04-18,2675.820068359375
2024-04-19,2670.2099609375
2024-04-22,2688.60009765625
2024-04-23,2702.280029296875
2024-04-24,2703.469970703125
2024-04-25,2699.800048828125
2024-04-26,2710.179931640625
2024-04-29,2715.139892578125
2024-04-30,2701.7900390625
2024-05-01,2700.77001953125
2024-05-02,2711.530029296875
2024-05-03,2722.340087890625
2024-05-06,2726.9599609375
2024-05-07,2727.989990234375
2024-05-08,2729.0
2024-05-09,2730.030029296875
2024-05-10,2730.68994140625
2024-05-13,2732.050048828125
2024-05-14,2732.419921875
2024-05-15,2732.9599609375
2024-05-16,2733.389892578125
2024-05-17,2736.60009765625
2024-05-20,2739.93994140625
2024-05-21,2744.1201171875
2024-05-22,2740.989990234375
2024-05-23,2732.010009765625
2024-05-24,2743.110107421875
2024-05-28,2745.760009765625
2024-05-29,2735.81005859375
2024-05-30,2726.260009765625
2024-05-31,2741.1298828125
2024-06-03,2743.39990234375
2024-06-04,2745.10009765625
2024-06-05,2758.510009765625
2024-06-06,2760.330078125
2024-06-07,2761.260009765625
2024-06-10,2765.43994140625
2024-06-11,2767.7900390625
2024-06-12,2773.469970703125
2024-06-13,2774.699951171875
2024-06-14,2775.14990234375
2024-06-17,2776.949951171875
2024-06-18,2777.6201171875
2024-06-20,2778.489990234375
2024-06-21,2776.760009765625
2024-06-24,2775.72998046875
2024-06-25,2781.6298828125
2024-06-26,2784.949951171875
2024-06-27,2788.090087890625
2024-06-28,2784.199951171875
2024-07-01,2790.77001953125
2024-07-02,2798.030029296875
2024-07-03,2801.7900390625
2024-07-05,2806.280029296875
2024-07-08,2808.830078125
2024-07-09,2810.1201171875
2024-07-10,2811.739990234375
2024-07-11,2811.969970703125
2024-07-12,2813.75
2024-07-15,2815.219970703125
2024-07-16,2815.840087890625
2024-07-17,2816.169921875
2024-07-18,2816.419921875
2024-07-19,2815.469970703125
2024-07-22,2831.909912109375
2024-07-23,2831.419921875
2024-07-24,2794.6201171875
2024-07-25,2784.679931640625
2024-07-26,2807.610107421875
2024-07-29,2811.25
2024-07-30,2801.60009765625
2024-07-31,2828.469970703125
2024-08-01,2805.969970703125
2024-08-02,2764.860107421875
2024-08-05,2691.469970703125
2024-08-06,2716.72998046875
2024-08-07,2698.5400390625
2024-08-08,2758.89990234375
2024-08-09,2771.75
2024-08-12,2774.860107421875
2024-08-13,2818.389892578125
2024-08-14,2828.9599609375
2024-08-15,2865.590087890625
2024-08-16,2869.590087890625
2024-08-19,2881.6298828125
2024-08-20,2878.530029296875
2024-08-21,2881.56005859375
2024-08-22,2873.760009765625
2024-08-23,2885.7900390625
2024-08-26,2887.110107421875
2024-08-27,2889.739990234375
2024-08-28,2883.580078125
2024-08-29,2887.139892578125
2024-08-30,2895.989990234375
2024-09-03,2875.010009765625
2024-09-04,2872.1201171875
2024-09-05,2871.110107421875
2024-09-06,2840.81005859375
2024-09-09,2867.199951171875
2024-09-10,2876.27001953125
2024-09-11,2891.889892578125
2024-09-12,2903.840087890625
2024-09-13,2909.030029296875
2024-09-16,2911.93994140625
2024-09-17,2912.68994140625
2024-09-18,2915.18994140625
2024-09-19,2918.139892578125
2024-09-20,2920.340087890625
2024-09-23,2927.360107421875
2024-09-24,2932.030029296875
2024-09-25,2930.7099609375
2024-09-26,2935.06005859375
2024-09-27,2932.199951171875
2024-09-30,2939.429931640625
2024-10-01,2927.43994140625
2024-10-02,2929.739990234375
2024-10-03,2927.469970703125
2024-10-04,2941.77001953125
2024-10-07,2932.360107421875
2024-10-08,2945.139892578125
2024-10-09,2952.18994140625
2024-10-10,2954.199951171875
2024-10-11,2958.449951171875
2024-10-14,2962.199951171875
2024-10-15,2962.77001953125
2024-10-16,2963.830078125
2024-10-17,2964.419921875
2024-10-18,2966.27001953125
2024-10-21,2966.360107421875
2024-10-22,2966.429931640625
2024-10-23,2952.22998046875
2024-10-24,2957.090087890625
2024-10-25,2955.840087890625
2024-10-28,2963.010009765625
2024-10-29,2966.300048828125
2024-10-30,2962.340087890625
2024-10-31,2925.43994140625
2024-11-01,2935.669921875
2024-11-04,2933.800048828125
2024-11-05,2959.719970703125
2024-11-06,3003.830078125
2024-11-07,3010.909912109375
2024-11-08,3013.330078125
2024-11-11,3015.60009765625
2024-11-12,3016.3798828125
2024-11-13,3017.27001953125
2024-11-14,3017.77001953125
2024-11-15,3018.75
2024-11-18,3027.27001953125
2024-11-19,3030.030029296875
2024-11-20,3028.969970703125
2024-11-21,3035.989990234375
2024-11-22,3042.72998046875
2024-11-25,3049.469970703125
2024-11-26,3054.300048828125
2024-11-27,3053.760009765625
2024-11-29,3058.389892578125
2024-12-02,3061.4599609375
2024-12-03,3062.860107421875
2024-12-04,3065.090087890625
2024-12-05,3065.840087890625
2024-12-06,3067.739990234375
2024-12-09,3068.219970703125
2024-12-10,3068.31005859375
2024-12-11,3070.780029296875
2024-12-12,3071.050048828125
2024-12-13,3072.030029296875
2024-12-16,3073.340087890625
2024-12-17,3073.590087890625
2024-12-18,3049.030029296875
2024-12-19,3062.469970703125
2024-12-20,3052.080078125
2024-12-23,3063.14990234375
2024-12-24,3076.43994140625
2024-12-26,3077.860107421875
2024-12-27,3069.5
2024-12-30,3058.570068359375
2024-12-31,3055.39990234375
2025-01-02,3051.550048828125
2025-01-03,3073.2099609375
2025-01-06,3081.699951171875
2025-01-07,3068.8798828125
2025-01-08,3072.489990234375
2025-01-10,3047.97998046875
2025-01-13,3054.47998046875
2025-01-14,3059.010009765625
2025-01-15,3094.39990234375
2025-01-16,3097.580078125
2025-01-17,3096.93994140625
2025-01-21,3112.97998046875
2025-01-22,3119.3798828125
2025-01-23,3124.39990234375
2025-01-24,3123.260009765625
2025-01-27,3105.5400390625
2025-01-28,3118.419921875
2025-01-29,3114.070068359375
2025-01-30,3122.800048828125
2025-01-31,3116.429931640625
2025-02-03,3106.909912109375
2025-02-04,3120.820068359375
2025-02-05,3128.47998046875
2025-02-06,3133.7900390625
2025-02-07,3125.760009765625
2025-02-10,3137.6298828125
2025-02-11,3139.669921875
2025-02-12,3138.85009765625
2025-02-13,3147.22998046875
2025-02-14,3149.35009765625
2025-02-18,3152.780029296875
2025-02-19,3153.550048828125
2025-02-20,3154.139892578125
2025-02-21,3134.47998046875
2025-02-24,3126.679931640625
2025-02-25,3116.409912109375
2025-02-26,3117.419921875
2025-02-27,3079.3701171875
2025-02-28,3117.239990234375
2025-03-03,3075.2900390625
2025-03-04,3041.8798828125
2025-03-05,3072.820068359375
2025-03-06,3021.469970703125
2025-03-07,3037.969970703125
2025-03-10,2959.60009765625
2025-03-11,2935.72998046875
2025-03-12,2949.72998046875
2025-03-13,2910.550048828125
2025-03-14,2969.090087890625
2025-03-17,2992.56005859375
2025-03-18,2960.5
2025-03-19,2992.1298828125
2025-03-20,2985.1298828125
2025-03-21,2974.280029296875
2025-03-24,2996.659912109375
2025-03-25,3000.72998046875
2025-03-26,2989.77001953125
2025-03-27,2987.429931640625
2025-03-28,2957.330078125
2025-03-31,2969.260009765625
2025-04-01,2975.280029296875
2025-04-02,2984.669921875
2025-04-03,2889.72998046875
2025-04-04,2725.780029296875
2025-04-07,2720.0400390625
2025-04-08,2679.110107421875
2025-04-09,2914.97998046875
2025-04-10,2826.7900390625
2025-04-11,2875.830078125
2025-04-14,2906.409912109375
2025-04-15,2902.31005859375
2025-04-16,2836.320068359375
2025-04-17,2851.1201171875
2025-04-21,2815.300048828125
2025-04-22,2857.320068359375
2025-04-23,2880.0
2025-04-24,2900.199951171875
2025-04-25,2909.39990234375
2025-04-28,2913.570068359375
2025-04-29,2918.830078125
2025-04-30,2920.9599609375
2025-05-01,2924.14990234375
2025-05-02,2930.080078125
2025-05-05,2932.39990234375
2025-05-06,2931.43994140625
2025-05-07,2933.820068359375
2025-05-08,2936.0400390625
2025-05-09,2937.2900390625
2025-05-12,2939.320068359375
2025-05-13,2939.590087890625
2025-05-14,2940.050048828125
2025-05-15,2940.43994140625
2025-05-16,2946.139892578125
2025-05-19,2947.919921875
2025-05-20,2945.639892578125
2025-05-21,2919.639892578125
2025-05-22,2921.64990234375
2025-05-23,2907.89990234375
2025-05-27,2949.550048828125
2025-05-28,2942.5
2025-05-29,2949.14990234375
2025-05-30,2948.969970703125
2025-06-02,2959.909912109375
2025-06-03,2969.139892578125
2025-06-04,2970.489990234375
2025-06-05,2965.340087890625
2025-06-06,2980.06005859375
2025-06-09,2983.760009765625
2025-06-10,2988.68994140625
2025-06-11,2987.3701171875
2025-06-12,2990.2099609375
2025-06-13,2981.469970703125
2025-06-16,2994.56005859375
2025-06-17,2988.679931640625
2025-06-18,2995.780029296875
2025-06-20,2996.77001953125
2025-06-23,3013.43994140625
2025-06-24,3027.409912109375
2025-06-25,3030.239990234375
2025-06-26,3036.419921875
2025-06-27,3039.81005859375
2025-06-30,3043.43994140625
2025-07-01,3044.31005859375
2025-07-02,3046.419921875
2025-07-03,3048.449951171875
2025-07-07,3049.97998046875
2025-07-08,3051.830078125
2025-07-09,3053.47998046875
2025-07-10,3054.159912109375
2025-07-11,3054.6298828125
2025-07-14,3056.1201171875
2025-07-15,3056.47998046875
2025-07-16,3057.0400390625
2025-07-17,3057.469970703125
2025-07-18,3057.0
2025-07-21,3062.080078125
2025-07-22,3063.659912109375
2025-07-23,3075.469970703125
2025-07-24,3077.659912109375
2025-07-25,3082.35009765625
2025-07-28,3085.219970703125
2025-07-29,3082.75
2025-07-30,3083.169921875
2025-07-31,3079.949951171875
2025-08-01,3053.64990234375
2025-08-04,3082.8701171875
2025-08-05,3078.300048828125
2025-08-06,3089.830078125
2025-08-07,3090.6201171875
2025-08-08,3099.0400390625
2025-08-11,3099.7099609375
2025-08-12,3104.9599609375
2025-08-13,3105.889892578125
2025-08-14,3106.419921875
2025-08-15,3106.85009765625
2025-08-18,3109.889892578125
2025-08-19,3102.4599609375
2025-08-20,3098.18994140625
2025-08-21,3090.10009765625
2025-08-22,3118.179931640625
2025-08-25,3115.320068359375
2025-08-26,3121.6201171875
2025-08-27,3124.2099609375
2025-08-28,3130.800048828125
2025-08-29,3123.139892578125
2025-09-02,3113.590087890625
2025-09-03,3124.080078125
2025-09-04,3136.25
2025-09-05,3136.10009765625
2025-09-08,3141.530029296875
2025-09-09,3144.679931640625
2025-09-10,3147.5
2025-09-11,3153.639892578125
2025-09-12,3154.5
2025-09-15,3157.080078125
2025-09-16,3157.419921875
2025-09-17,3159.169921875
2025-09-18,3160.27001953125
2025-09-19,3166.320068359375
2025-09-22,3172.550048828125
2025-09-23,3166.64990234375
2025-09-24,3164.8701171875
2025-09-25,3159.47998046875
2025-09-26,3171.409912109375
2025-09-29,3177.81005859375
2025-09-30,3182.239990234375
2025-10-01,3187.179931640625
2025-10-02,3188.590087890625
2025-10-03,3190.47998046875
2025-10-06,3196.97998046875
2025-10-07,3194.260009765625
2025-10-08,3201.1298828125
2025-10-09,3200.4599609375
2025-10-10,3155.340087890625
2025-10-13,3194.050048828125
2025-10-14,3193.110107421875
2025-10-15,3201.780029296875
2025-10-16,3197.919921875
2025-10-17,3209.39990234375
2025-10-20,3229.889892578125
2025-10-21,3232.050048828125
2025-10-22,3226.6298828125
2025-10-23,3235.7900390625
2025-10-24,3244.0
2025-10-27,3253.389892578125
2025-10-28,3254.139892578125
2025-10-29,3253.85009765625
2025-10-30,3249.719970703125
2025-10-31,3252.469970703125
2025-11-03,3257.510009765625
2025-11-04,3249.320068359375
2025-11-05,3255.219970703125
2025-11-06,3245.590087890625
2025-11-07,3249.2099609375
2025-11-10,3264.75
2025-11-11,3267.800048828125
2025-11-12,3268.719970703125
2025-11-13,3258.35009765625
2025-11-14,3261.300048828125
2025-11-17,3255.169921875
2025-11-18,3247.010009765625
2025-11-19,3257.590087890625
2025-11-20,3236.93994140625
2025-11-21,3252.2099609375
2025-11-24,3276.52001953125
2025-11-25,3288.10009765625
2025-11-26,3294.570068359375
2025-11-28,3299.8798828125
2025-12-01,3299.8701171875
2025-12-02,3302.949951171875
2025-12-03,3305.7099609375
2025-12-04,3307.360107421875
2025-12-05,3309.10009765625
2025-12-08,3310.050048828125
2025-12-09,3310.909912109375
2025-12-10,3312.8798828125
2025-12-11,3314.330078125
2025-12-12,3314.179931640625
2025-12-15,3315.93994140625
2025-12-16,3316.5
2025-12-17,3316.10009765625
2025-12-18,3317.580078125
2025-12-19,3320.159912109375
2025-12-22,3332.31005859375
2025-12-23,3337.699951171875
2025-12-24,3341.760009765625
2025-12-26,3344.030029296875
2025-12-29,3344.0
2025-12-30,3343.909912109375
2025-12-31,3336.139892578125
2026-01-02,3341.320068359375
2026-01-05,3350.929931640625
2026-01-06,3355.85009765625
2026-01-07,3354.820068359375
2026-01-08,3355.77001953125
2026-01-09,3361.18994140625
2026-01-12,3363.35009765625
2026-01-13,3363.840087890625
2026-01-14,3364.530029296875
2026-01-15,3365.68994140625
2026-01-16,3363.64990234375
2026-01-20,3323.1201171875
2026-01-21,3352.0
2026-01-22,3364.64990234375
2026-01-23,3366.070068359375
2026-01-26,3376.419921875
2026-01-27,3382.580078125
2026-01-28,3382.179931640625
2026-01-29,3380.1201171875
2026-01-30,3376.110107421875
2026-02-02,3389.22998046875
2026-02-03,3374.889892578125
2026-02-04,3364.139892578125
2026-02-05,3334.699951171875
2026-02-06,3383.300048828125
2026-02-09,3395.22998046875
2026-02-10,3393.25
2026-02-11,3395.4599609375
2026-02-12,3361.159912109375
2026-02-13,3366.179931640625
2026-02-17,3375.43994140625
2026-02-18,3392.18994140625
2026-02-19,3386.699951171875
2026-02-20,3376.239990234375
2026-02-23,3359.31005859375
2026-02-24,3376.60009765625
2026-02-25,3393.010009765625
2026-02-26,3386.909912109375
2026-02-27,3378.429931640625
2026-03-02,3379.199951171875
2026-03-03,3361.699951171875
2026-03-04,3380.389892578125
2026-03-05,3369.449951171875
2026-03-06,3333.93994140625
2026-03-09,3363.97998046875
2026-03-10,3360.489990234375
2026-03-11,3363.10009765625
2026-03-12,3318.929931640625
2026-03-13,3303.10009765625
2026-03-16,3337.47998046875
2026-03-17,3348.4599609375
2026-03-18,3301.169921875
2026-03-19,3292.280029296875
2026-03-20,3271.0400390625
2026-03-23,3294.280029296875
2026-03-24,3289.97998046875
2026-03-25,3301.8798828125
2026-03-26,3271.199951171875
2026-03-27,3235.31005859375
2026-03-30,3236.739990234375
2026-03-31,3299.949951171875
2026-04-01,3314.6298828125
2026-04-02,3319.64990234375
2026-04-06,3331.3798828125
2026-04-07,3327.580078125
2026-04-08,3358.239990234375
2026-04-09,3363.6298828125
2026-04-10,3364.739990234375
2026-04-13,3367.510009765625
2026-04-14,3368.469970703125
2026-04-15,3369.080078125
2026-04-16,3369.580078125
2026-04-17,3366.469970703125
2026-04-20,3364.300048828125
2026-04-21,3351.610107421875
2026-04-22,3371.840087890625
2026-04-23,3366.580078125
2026-04-24,3378.159912109375
2026-04-27,3385.320068359375
2026-04-28,3381.6298828125
2026-04-29,3381.75
2026-04-30,3398.7099609375
2026-05-01,3403.14990234375
2026-05-04,3401.75
2026-05-05,3411.7099609375
2026-05-06,3418.47998046875
2026-05-07,3419.52001953125
2026-05-08,3422.219970703125
2026-05-11,3423.760009765625
2026-05-12,3424.6201171875
2026-05-13,3425.330078125
2026-05-14,3425.889892578125
2026-05-15,3425.090087890625
2026-05-18,3429.159912109375
2026-05-19,3419.2099609375
2026-05-20,3436.669921875
2026-05-21,3443.5
2026-05-22,3448.93994140625
2026-05-26,3461.2099609375
2026-05-27,3464.530029296875
2026-05-28,3472.580078125
2026-05-29,3475.030029296875
2026-06-01,3478.840087890625
2026-06-02,3481.3798828125
2026-06-03,3478.199951171875
2026-06-04,3483.639892578125
2026-06-05,3446.14990234375
2026-06-08,3456.820068359375
2026-06-09,3449.889892578125
2026-06-10,3411.449951171875
2026-06-11,3454.52001953125
2026-06-12,3472.2900390625
2026-06-15,3494.4599609375
2026-06-16,3494.080078125
2026-06-17,3486.77001953125
2026-06-18,3500.52001953125
2026-06-22,3499.6201171875
2026-06-23,3470.3798828125
2026-06-24,3470.239990234375
2026-06-25,3472.8701171875
2026-06-26,3502.72998046875
2026-06-29,3501.949951171875
2026-06-30,3517.1201171875
2026-07-01,3520.02001953125
2026-07-02,3519.360107421875
2026-07-06,3539.2900390625
2026-07-07,3532.969970703125
2026-07-08,3528.340087890625
2026-07-09,3543.989990234375
2026-07-10,3550.669921875
2026-07-13,3543.860107421875
2026-07-14,3552.68994140625
2026-07-15,3557.56005859375
2026-07-16,3557.7099609375
2026-07-17,3525.1201171875
2026-07-20,3527.360107421875
2026-07-21,3543.840087890625
2026-07-22,3543.47998046875
2026-07-23,3521.18994140625
2026-07-24,3525.530029296875
2026-07-27,3529.2099609375
2026-07-28,3535.090087890625
2026-07-29,3499.570068359375
2026-07-30,3544.93994140625
2026-07-31,3557.590087890625
2026-08-03,3578.070068359375
2026-08-04,3586.840087890625
2026-08-05,3588.3798828125
2026-08-06,3589.52001953125
2026-08-07,3592.93994140625
2026-08-10,3594.669921875
2026-08-11,3595.0400390625
2026-08-12,3596.9599609375
2026-08-13,3598.159912109375
2026-08-14,3598.949951171875
2026-08-17,3600.14990234375
2026-08-18,3600.340087890625
2026-08-19,3601.070068359375
2026-08-20,3601.580078125
2026-08-21,3599.64990234375
